S012000031305F53445F436172642E73726563E2
S31508000000008001204D1E0008891C0008911C00086C
S31508000010991C0008A11C0008A91C00080000000083
S31508000020000000000000000000000000B11C0008ED
S31508000030BF1C000800000000CD1C0008DD1C0008DD
S315080000409D1E00089D1E00089D1E00089D1E000896
S315080000509D1E00089D1E00089D1E00089D1E000886
S315080000609D1E00089D1E00089D1E00089D1E000876
S315080000709D1E00089D1E00089D1E00089D1E000866
S315080000809D1E00089D1E00089D1E00089D1E000856
S315080000909D1E00089D1E00089D1E00089D1E000846
S315080000A09D1E00089D1E00089D1E00089D1E000836
S315080000B09D1E00089D1E00089D1E00089D1E000826
S315080000C09D1E00089D1E00089D1E00089D1E000816
S315080000D09D1E00089D1E00089D1E00089D1E000806
S315080000E09D1E00089D1E00089D1E00089D1E0008F6
S315080000F09D1E00089D1E00089D1E00089D1E0008E6
S315080001009D1E00089D1E00089D1E00089D1E0008D5
S315080001109D1E00089D1E00089D1E00089D1E0008C5
S315080001209D1E00089D1E00089D1E00089D1E0008B5
S315080001309D1E00089D1E00089D1E00089D1E0008A5
S315080001409D1E00089D1E00089D1E00089D1E000895
S315080001509D1E00089D1E00089D1E00089D1E000885
S315080001609D1E00089D1E00089D1E00089D1E000875
S315080001709D1E00089D1E00089D1E00080000000028
S30D080001809D1E00089D1E0008E3
S3150800019010B5054C237833B9044B13B10448AFF3B3
S315080001A000800123237010BD80000020000000009D
S315080001B04895000808B5034B1BB103490348AFF33C
S315080001C0008008BD00000000840000204895000853
S315080001D001F0FF01102A2BDB10F0070F08D010F8EA
S315080001E0013B013A8B422DD010F0070F42B3F6D1EE
S315080001F0F0B441EA012141EA014122F007047FF007
S3150800020000070023F0E80256083C85EA010586EA5D
S31508000210010685FA47F5A3FA87F586FA47F6A5FA99
S3150800022087F68EB9EED1F0BC01F0FF0102F00702A5
S3150800023032B110F8013B013A83EA010313B1F8D150
S315080002400020704701387047002D06BF3546033831
S31508000250073815F0010F07D1013015F4807F02BF6A
S31508000260013015F4C03F0130F0BC0138704700BFBB
S3150800027070B54FF0FF0C4CF4E06C1CEA11541DBF2E
S315080002801CEA135594EA0C0F95EA0C0F00F0DEF8F9
S315080002902C4481EA030621EA4C5123EA4C5350EADE
S315080002A0013518BF52EA033541F4801143F480132F
S315080002B038D0A0FB02CE4FF00005E1FB02E506F0C0
S315080002C00042E0FB03E54FF00006E1FB03569CF015
S315080002D0000F18BF4EF0010EA4F1FF04B6F5007F1B
S315080002E064F5407404D25FEA4E0E6D4146EB06068D
S315080002F042EAC62141EA55514FEAC52040EA5E5016
S315080003004FEACE2EB4F1FD0C88BFBCF5E06F1ED8BF
S31508000310BEF1004F08BF5FEA500E50F1000041EBF6
S31508000320045170BD06F0004646EA010140EA0200A3
S3150800033081EA0301B4EB5C04C2BFD4EB0C0541EAC5
S31508000340045170BD41F480114FF0000E013C00F3DA
S31508000350AB8014F1360FDEBF002001F0004170BDFE
S31508000360C4F10004203C35DA0C341BDC04F1140417
S31508000370C4F1200500FA05F320FA04F001FA05F2A3
S3150800038040EA020001F0004221F0004110EBD37070
S3150800039021FA04F642EB06015EEA430E08BF20EA9C
S315080003A0D37070BDC4F10C04C4F1200500FA04F33F
S315080003B020FA05F001FA04F240EA020001F00041D1
S315080003C010EBD37041F100015EEA430E08BF20EA44
S315080003D0D37070BDC4F1200500FA05F24EEA020E8C
S315080003E020FA04F301FA05F243EA020321FA04F0BB
S315080003F001F0004121FA04F220EA020000EBD37072
S315080004005EEA430E08BF20EAD37070BD94F0000F71
S315080004100FD101F00046400041EB010111F4801FA5
S3150800042008BF013CF7D041EA060195F0000F18BF56
S31508000430704703F00046520043EB030313F4801F92
S3150800044008BF013DF7D043EA0603704794EA0C0F4C
S315080004500CEA135518BF95EA0C0F0CD050EA410662
S3150800046018BF52EA4306D1D181EA030101F00041DF
S315080004704FF0000070BD50EA410606BF1046194607
S3150800048052EA430619D094EA0C0F02D150EA013613
S3150800049013D195EA0C0F05D152EA03361CBF104654
S315080004A019460AD181EA030101F0004141F0FE41F3
S315080004B041F470014FF0000070BD41F0FE4141F477
S315080004C0780170BD81F0004102E000BF83F000436F
S315080004D030B54FEA41044FEA430594EA050F08BFD1
S315080004E090EA020F1FBF54EA000C55EA020C7FEA95
S315080004F0645C7FEA655C00F0E2804FEA5454D4EB12
S315080005005555B8BF6D420CDD2C4480EA020281EADB
S31508000510030382EA000083EA010180EA020281EA13
S315080005200303362D88BF30BD11F0004F4FEA013165
S315080005304FF4801C4CEA113102D0404261EB410174
S3150800054013F0004F4FEA03334CEA133302D05242FA
S3150800055063EB430394EA050F00F0A780A4F10104B6
S31508000560D5F1200E0DDB02FA0EFC22FA05F28018F0
S3150800057041F1000103FA0EF2801843FA05F35941D6
S315080005800EE0A5F120050EF1200E012A03FA0EFC55
S3150800059028BF4CF0020C43FA05F3C01851EBE3717F
S315080005A001F0004507D54FF0000EDCF1000C7EEB9C
S315080005B000006EEB0101B1F5801F1BD3B1F5001FDA
S315080005C00CD349085FEA30004FEA3C0C04F10104F9
S315080005D04FEA445212F5800F80F09A80BCF1004F22
S315080005E008BF5FEA500C50F1000041EB045141EAA4
S315080005F0050130BD5FEA4C0C404141EB0101013C6D
S3150800060028BFB1F5801FE9D291F0000F04BF01465B
S315080006100020B1FA81F308BF2033A3F10B03B3F12D
S3150800062020020CDA0C3208DD02F1140CC2F10C02BD
S3150800063001FA0CF021FA02F10CE002F11402D8BF1B
S31508000640C2F1200C01FA02F120FA0CFCDCBF41EAE7
S315080006500C019040E41AA2BF01EB0451294330BDB6
S315080006606FEA04041F3C1CDA0C340EDC04F1140493
S31508000670C4F1200220FA04F001FA02F340EA03006A
S3150800068021FA04F345EA030130BDC4F10C04C4F1B0
S31508000690200220FA02F001FA04F340EA0300294690
S315080006A030BD21FA04F0294630BD94F0000F83F4DA
S315080006B0801306BF81F480110134013D4EE77FEABD
S315080006C0645C18BF7FEA655C29D094EA050F08BF09
S315080006D090EA020F05D054EA000C04BF19461046EA
S315080006E030BD91EA030F1EBF0021002030BD5FEA2E
S315080006F0545C05D14000494128BF41F0004130BD56
S3150800070014F580043CBF01F5801130BD01F00045A9
S3150800071045F0FE4141F470014FF0000030BD7FEA1C
S31508000720645C1ABF194610467FEA655C1CBF0B4617
S31508000730024650EA013406BF52EA033591EA030F2E
S3150800074041F4002130BD00BF90F0000F04BF002126
S31508000750704730B54FF4806404F132044FF0000559
S315080007604FF0000150E700BF90F0000F04BF0021D2
S31508000770704730B54FF4806404F1320410F0004538
S3150800078048BF40424FF000013EE700BF42004FEA33
S31508000790E2014FEA31014FEA02701FBF12F07F43B0
S315080007A093F07F4F81F06051704732F07F4208BF67
S315080007B0704793F07F4F04BF41F40021704730B56E
S315080007C04FF4607401F0004521F000411CE700BFBA
S315080007D050EA010208BF704730B54FF000050AE03D
S315080007E050EA010208BF704730B511F0004502D53E
S315080007F0404261EB41014FF4806404F132045FEA40
S31508000800915C3FF4D8AE4FF003025FEADC0C18BFE8
S3150800081003325FEADC0C18BF033202EBDC02C2F1DA
S31508000820200300FA03FC20FA02F001FA03FE40EA6C
S315080008300E0021FA02F11444BDE600BF4A0011D2A7
S3150800084012F5001211D20DD56FF47873B3EB62521C
S315080008500ED44FEAC12343F0004343EA505323FA28
S3150800086002F070474FF00000704750EA013002D19D
S315080008704FF0FF3070474FF00000704753B94AB940
S31508000880002908BF00281CBF4FF0FF314FF0FF308A
S3150800089000F088B9ADF1080C6DE904CE00F006F851
S315080008A0DDF804E0DDE9022304B070472DE9F047DE
S315080008B0089D8E4604468846002B4AD18A4217462A
S315080008C062D9B2FA82F64EB1C6F1200301FA06F8E9
S315080008D020FA03F3B74043EA0808B4404FEA174E34
S315080008E01FFA87FCB8FBFEF1230C0EFB118843EABE
S315080008F0084301FB0CF29A4209D9FB1801F1FF30B3
S3150800090080F0EA809A4240F2E78002393B449A1A1C
S31508000910A3B2B2FBFEF00EFB102243EA024300FB31
S315080009200CFC9C4509D9FB1800F1FF3280F0D680F3
S315080009309C4540F2D3803B44023840EA0140A3EB91
S315080009400C0300211DB1F3400022C5E90032BDE8C1
S31508000950F0878B4205D90DB1C5E90001002108468B
S31508000960F5E7B3FA83F1002946D1734502D38242EB
S3150800097000F20581841A6EEB030201209046002DD1
S31508000980E5D0C5E90048E2E7002A00F09080B2FA0F
S3150800099082F6002E40F0A4808A1A030C4FEA174EFE
S315080009A080B2BCB20121B2FBFEFC0EFB1C2243EA5C
S315080009B0024304FB0CF29A4207D9FB180CF1FF38E4
S315080009C002D29A4200F2E080C4469B1AB3FBFEF2BA
S315080009D00EFB123340EA034302FB04F49C4207D998
S315080009E0FB1802F1FF3002D29C4200F2CA8002468E
S315080009F01B1B42EA0C40A5E7C1F120068B4022FAF0
S31508000A0006F71F430EFA01F420FA06F32EFA06FE3D
S31508000A104FEA1749234300FA01F81FFA87FCBEFB81
S31508000A20F9F01C0C09FB10EE44EA0E4400FB0CFE20
S31508000A30A64502FA01F209D93C1900F1FF3A80F0FD
S31508000A409C80A64540F2998002383C44A4EB0E04EB
S31508000A501FFA83FEB4FBF9F309FB13444EEA044478
S31508000A6003FB0CFCA44508D93C1903F1FF3E80F0B2
S31508000A708280A4457FD9023B3C4443EA0040A4EB6C
S31508000A800C04A0FB02EC64457346E14662D35FD0D2
S31508000A905DB1B8EB030264EB090404FA06F622FA20
S31508000AA001F31E43CC40C5E9006400214FE7B1FBC2
S31508000AB0F2FC010C41EA0E4180B240EA01423B4693
S31508000AC038463C46B846BE462026B1FBF7F1A2EBAF
S31508000AD0080241EA0C4166E7014618E710462CE78A
S31508000AE0C6F120022EFA02F3B740B14020FA02F20C
S31508000AF04FEA174E0A43B3FBFEF8BCB20EFB183397
S31508000B00110C41EA034108FB04F9B04089454FEA54
S31508000B10104380B23ED9791808F1FF3C01D28945C5
S31508000B201FD8A1EB0901B1FBFEF909FB04F80EFB7E
S31508000B30191192B242EA0142424529D2BA1809F17C
S31508000B40FF31C4D24245C2D2A9F102013A44BEE7F6
S31508000B50F0459DD2BEEB02036CEB070C0138E1466B
S31508000B6096E7A7EB09094944A8F1020CB1FBFEF97F
S31508000B7009FB04F8DBE773467FE7504666E7084655
S31508000B80FDE63B44023A33E7ACF1020C3B441CE772
S31508000B9049469CE7A1EB0901C446B1FBFEF909FBEE
S31508000BA004F8C4E7704700BF80B500AF00220221F1
S31508000BB0034801F0A5FC012001F0EEF900BF80BD55
S31508000BC00008004880B500AF01220221034801F061
S31508000BD097FC012001F0E0F900BF80BD000800483D
S31508000BE080B582B000AF0346FB7100BF084B1B6897
S31508000BF09B6803F00203022BF8D1F91D6423012236
S31508000C00034803F058F800BF0837BD4680BD00BF4B
S31508000C10A400002080B582B000AF78600B467B80C8
S31508000C2000BF084B1B689B6803F00203022BF8D130
S31508000C307A8864237968034803F03DF800BF0837CB
S31508000C40BD4680BDA400002080B584B002AFFF2356
S31508000C50FB7100BF094B1B689B6803F00203022B5C
S31508000C60F8D1BA1DF91D642300930123034803F044
S31508000C7098F9BB7918460837BD4680BDA400002000
S31508000C8080B582B000AF7860FFF7DEFF03461A46EC
S31508000C907B681A7000BF0837BD4680BD80B582B034
S31508000CA000AF0A4B4FF4FA721A80FFF7CDFF0346DE
S31508000CB0FB71FB79FF2B03D0044B1B88002BF4D167
S31508000CC0FB7918460837BD4680BD00BF9E00002048
S31508000CD080B584B000AF41F6FF73FB60FFF772FF83
S31508000CE00023BB6005E0FF20FFF77AFFBB680133EE
S31508000CF0BB60BB68092BF6DDFFF756FF40233B7048
S31508000D0000237B700023BB700023FB7000233B711C
S31508000D1095237B713B4606211846FFF77BFF02E0C9
S31508000D20FB68013BFB60FFF78FFF0346012B02D0F0
S31508000D30FB68002BF4D1FFF745FFFF20FFF750FFB4
S31508000D40034B01221A7000BF1037BD4680BD00BF95
S31508000D50A100002080B400AF034B00221A7000BF28
S31508000D60BD465DF8047B7047A100002080B400AF43
S31508000D70034B1B781846BD465DF8047B704700BFD9
S31508000D80A100002080B584B000AF78603960134BAD
S31508000D90C8221A80FFF758FF0346FB73FB7BFF2B1D
S31508000DA003D10E4B1B88002BF4D1FB7BFE2B01D005
S31508000DB000230FE07B685A1C7A601846FFF760FF2D
S31508000DC03B685A1E3A60002BF4D1FFF73DFFFFF748
S31508000DD03BFF012318461037BD4680BD9C00002006
S31508000DE080B584B000AF78600B46FB700023BB73F8
S31508000DF0FFF754FF0346FF2B01D000232FE0FB78B3
S31508000E001846FFF7EDFEFB78FD2B20D04FF4007156
S31508000E107868FFF7FFFEFFF717FFFFF715FF0BE0F0
S31508000E20FFF712FF0346FB73FB7B03F01F03052B3B
S31508000E3006D0BB7B0133BB73BB7B402BF0D900E0EC
S31508000E4000BF00BFFFF700FF0346002BFAD0FB7B6D
S31508000E5003F01F03052B01D1012300E000231846E8
S31508000E601037BD4680BD80B584B000AF03463960F3
S31508000E70FB71FFF713FF0346FF2B01D0FF2342E068
S31508000E80FB791846FFF7ACFE3B681B0EDBB218462B
S31508000E90FFF7A6FE3B681B0CDBB21846FFF7A0FE61
S31508000EA03B681B0ADBB21846FFF79AFE3B68DBB2C3
S31508000EB01846FFF795FEFB79402B02D19523FB7365
S31508000EC007E0FB79482B02D18723FB7301E0012356
S31508000ED0FB73FB7B1846FFF783FEFB794C2B01D18E
S31508000EE0FFF7B2FE0A23BB73FFF7AEFE03467B731A
S31508000EF097F90D30002B05DABB7B013BBB73BB7B37
S31508000F00002BF1D17B7B18461037BD4680BD00000B
S31508000F1090B585B000AF0346FB71FB79002B01D075
S31508000F200123D1E06A4B1B78DBB203F00203002BE6
S31508000F3003D0674B1B78DBB2C6E0FFF7C9FEFFF7A5
S31508000F4033FE0023BB7300214020FFF78CFF0346C6
S31508000F50012B40F0A1805F4B4FF47A721A804FF450
S31508000F60D5714820FFF77FFF0346012B55D1002393
S31508000F70FB730CE0FC7BFFF767FE03461A4604F199
S31508000F8010033B4403F8082CFB7B0133FB73FB7B04
S31508000F90032BEFD9BB7A012B7ED1FB7AAA2B7BD107
S31508000FA000217720FFF75FFF0346012B07D84FF094
S31508000FB080416920FFF757FF0346002B04D0454BB5
S31508000FC01B88002BECD100E000BF424B1B88002B8E
S31508000FD062D000217A20FFF746FF0346002B5BD13B
S31508000FE00023FB730CE0FC7BFFF72EFE03461A4634
S31508000FF004F110033B4403F8082CFB7B0133FB7315
S31508001000FB7B032BEFD93B7A03F04003002B01D07F
S315080010100C2300E00423BB733EE000217720FFF792
S3150800102022FF0346012B08D800216920FFF71BFF82
S315080010300346012B01D8022300E00123BB73BB7BC7
S31508001040022B0ED100217720FFF70DFF0346012B57
S315080010500ED800216920FFF706FF0346002B07D1AB
S315080010600CE000214120FFF7FEFE0346002B04D0CA
S31508001070184B1B88002BE2D100E000BF154B1B88DC
S31508001080002B07D04FF400715020FFF7ECFE034603
S31508001090002B01D00023BB730F4ABB7B1370FFF7ED
S315080010A091FDFFF7D1FDBB7B002B08D0084B1B78C1
S315080010B0DBB223F00103DAB2054B1A7001E0FFF741
S315080010C049FE034B1B78DBB218461437BD4690BD64
S315080010D0000000209C000020A000002080B483B0FF
S315080010E000AF0346FB71FB79002B01D0012302E018
S315080010F0044B1B78DBB218460C37BD465DF8047BFB
S31508001100704700BF0000002080B584B000AFB9600A
S315080011107A603B600346FB73FB7B002B02D13B687E
S31508001120002B01D1042351E02A4B1B78DBB203F0D4
S315080011300103002B01D0032348E0274B1B7803F05B
S315080011400403002B02D17B685B027B60FFF72CFD52
S315080011503B68012B11D179685120FFF784FE0346BD
S31508001160002B29D14FF40071B868FFF70BFE034630
S31508001170002B21D000233B601EE079685220FFF740
S3150800118072FE0346002B17D14FF40071B868FFF7BB
S31508001190F9FD0346002B0AD0BB6803F50073BB6054
S315080011A03B68013B3B603B68002BEDD100E000BF8C
S315080011B000214C20FFF757FEFFF704FDFFF744FD1B
S315080011C03B68002B14BF01230023DBB218461037F7
S315080011D0BD4680BD00000020A000002080B584B078
S315080011E000AFB9607A603B600346FB73FB7B002B5C
S315080011F002D13B68002B01D104236BE0374B1B78E7
S31508001200DBB203F00103002B01D0032362E0334B6A
S315080012101B78DBB203F00403002B01D0022359E04C
S315080012202F4B1B7803F00403002B02D17B685B026B
S315080012307B60FFF7B9FC3B68012B10D17968582011
S31508001240FFF711FE0346002B3AD1FE21B868FFF7D7
S31508001250C7FD0346002B33D000233B6030E0204B0C
S315080012601B7803F00203002B07D000217720FFF735
S31508001270FAFD39685720FFF7F6FD79685920FFF718
S31508001280F2FD0346002B1BD1FC21B868FFF7A8FD29
S315080012900346002B0AD0BB6803F50073BB603B68A6
S315080012A0013B3B603B68002BEED100E000BFFD210F
S315080012B00020FFF795FD0346002B01D101233B6073
S315080012C0FFF780FCFFF7C0FC3B68002B14BF012327
S315080012D00023DBB218461037BD4680BD000000204B
S315080012E0A000002090B58BB000AF03463A60FB71B2
S315080012F00B46BB713B683B62FB79002B01D004238C
S3150800130013E1012387F82730BB79052B24D13B6AE3
S315080013101B78022B12D0022B1ADC002B02D0012BD1
S3150800132006D015E0FFF716FD002387F82730FAE008
S31508001330FFF7CEFC002387F82730F4E03B6A5C1CF5
S31508001340FFF714FD03462370002387F82730EAE0E9
S31508001350042387F82730E6E0764B1B78DBB203F0E8
S315080013600103002B01D00323DFE0FFF71DFCBB7947
S315080013700D2B00F2C98001A252F823F0731400085D
S31508001380B5130008631400080915000809150008B4
S3150800139009150008091500080915000809150008A7
S315080013A0091500080915000885140008A91400087D
S315080013B0CD14000800214920FFF755FD0346002BF0
S315080013C040F0A68007F10C0310211846FFF7DAFC57
S315080013D00346002B00F09C803B7B9B09DBB2012B6C
S315080013E00DD17B7D1A463B7D1B029BB213449BB2F3
S315080013F00133FB83FB8B9A023B681A602DE07B7CEA
S3150800140003F00F03DAB2BB7DDB09DBB21344DAB2B1
S315080014107B7D5B00DBB203F00603DBB21344DBB271
S31508001420023387F826303B7D9B09DBB21A46FB7CE4
S315080014309B009BB213449AB2BB7C9B029BB203F4FB
S3150800144040639BB213449BB20133FB83FA8B97F834
S315080014502630093B9A403B681A60002387F82730F4
S3150800146056E03B684FF400721A80002387F827304D
S3150800147055E0FFF713FC0346FF2B4BD1002387F8F3
S31508001480273047E000214920FFF7EDFC0346002BF3
S3150800149042D11021386AFFF775FC0346002B3BD072
S315080014A0002387F8273037E000214A20FFF7DBFCC6
S315080014B00346002B32D11021386AFFF763FC034636
S315080014C0002B2BD0002387F8273027E000217A202D
S315080014D0FFF7C9FC0346002B16D1002387F82630F0
S315080014E00BE03C6A631C3B62FFF7AEFB03462370C6
S315080014F097F82630013387F8263097F82630032BDD
S31508001500EFD9002387F82730042387F8273006E029
S3150800151000BF04E000BF02E000BF00E000BFFFF725
S3150800152051FBFFF791FB97F8273018462C37BD4635
S3150800153090BD00BF0000002080B483B000AF786083
S315080015404FF06043D3F8803E03F00103002B13D01D
S315080015504FF06043D3F8003E03F00103002B0BD095
S3150800156000E000BF4FF060431B68002BF9D04FF036
S3150800157060437A68D2B21A707B6818460C37BD4643
S315080015805DF8047B704780B586B000AFF860B96037
S315080015907A6000237B6100237B6109E0BB685A1CE3
S315080015A0BA601B781846FFF7C7FF7B6901337B6172
S315080015B07A697B689A42F1DB7B6818461837BD461C
S315080015C080BD000080B500AF00F06AFC00F016F898
S315080015D000F0D4F800F064F803F088FD00F09EF8F7
S315080015E0044807F04FF900F013F9034807F04AF9E1
S315080015F000BFFDE7609500086895000880B596B0BD
S3150800160000AF07F1140344220021184607F01AFA1E
S315080016103B4600221A605A609A60DA601A614FF4F3
S31508001620007000F093FF0346002B01D000F044FA47
S3150800163010237B610123FB6200233B6360237B63EA
S315080016400223FB6301233B6401237B641423BB64ED
S315080016500723FB6402233B6502237B6507F114031A
S31508001660184600F0C9FF0346002B01D000F024FA03
S315080016700F233B6003237B600023BB600023FB60D2
S3150800168000233B613B460221184601F091FB0346C5
S31508001690002B01D000F010FA00BF5837BD4680BDB8
S315080016A080B500AF1B4B1C4A1A601A4B4FF4827266
S315080016B05A60184B00229A60164B4FF4E062DA60C3
S315080016C0144B00221A61134B00225A61114B4FF436
S315080016D000729A610F4B0022DA610E4B00221A62E1
S315080016E00C4B00225A620B4B00229A62094B0722C6
S315080016F0DA62084B00221A63064B08225A63054829
S3150800170002F036FA0346002B01D000F0D5F900BFE7
S3150800171080BD00BFA40000200038004080B500AF9F
S31508001720144B154A1A60134B4FF4E1325A60114BA9
S3150800173000229A600F4B0022DA600E4B00221A61D3
S315080017400C4B0C225A610B4B00229A61094B002262
S31508001750DA61084B00221A62064B00225A620548D3
S3150800176002F0A2FF0346002B01D000F0A5F900BF46
S3150800177080BD00BF080100200044004080B588B045
S3150800178000AF07F10C0300221A605A609A60DA600B
S315080017901A611D4BDB6C1C4A43F00403D3641A4BD5
S315080017A0DB6C03F00403BB60BB68174BDB6C164AA3
S315080017B043F00103D364144BDB6C03F001037B6035
S315080017C07B68114BDB6C104A43F00203D3640E4B63
S315080017D0DB6C03F002033B603B68002202210B48E6
S315080017E000F08EFE0223FB6001233B6100237B6130
S315080017F00023BB6107F10C031946044800F0D6FC28
S3150800180000BF2037BD4680BD0010024000080048D2
S3150800181080B5ADF5035D88B000AF07F58553043B89
S3150800182001229649184605F0A9FE034607F5035214
S3150800183002F11F02137007F5035303F11F031B7808
S31508001840002B09D007F5035303F11F031B7819462C
S315080018508B4806F0AFFF02E18A4807F013F807F154
S3150800186020021C3A07F12003203B1946834806F05C
S315080018702EFC07F1E00353F8DC3CDB69023B07F179
S31508001880E00252F8DC2C528902FB03F31846FEF7F5
S315080018905BFF4FF000027C4BFEF7EAFC02460B4664
S315080018A010461946FEF7CAFF034607F5035202F12A
S315080018B01802136007F1E00353F8DC3C5B891A460B
S315080018C007F1E00353F8E03C02FB03F31846FEF782
S315080018D03BFF4FF000026C4BFEF7CAFC02460B4674
S315080018E010461946FEF7AAFF034607F5035202F10A
S315080018F01402136007F5035303F114031A6807F576
S31508001900035303F118031968604806F053FF07F1FB
S31508001910A003343B0B225E49184605F075FE0346C4
S3150800192007F5035202F11F02137007F5035303F17B
S315080019301F031B78002B09D007F5035303F11F0378
S315080019401B781946534806F035FF88E0524806F0DA
S3150800195099FF07F1A003343B1946504806F021FDCC
S3150800196007F1A003343B184606F087FB07F1A003EE
S31508001970343B01224649184605F046FE034607F55C
S31508001980035202F11F02137007F5035303F11F03F5
S315080019901B78002B09D007F5035303F11F031B78A7
S315080019A019463F4806F006FF59E007F1A002343A07
S315080019B007F12003183B6421184606F03DFC07F1A1
S315080019C02003183B1946374806F0F4FE07F1A00332
S315080019D0343B184606F051FB334806F053FF07F12F
S315080019E0A003343B32222A49184605F00DFE034669
S315080019F007F5035202F11F02137007F1A003343BE7
S31508001A0019462A4806F0CDFC07F1A003343B1846D0
S31508001A1006F033FB07F1A003343B01221C491846A4
S31508001A2005F0F2FD034607F5035202F11F02137093
S31508001A3007F1A002343A07F12003183B642118463F
S31508001A4006F0FAFB07F12003183B1946184806F07A
S31508001A50B1FE07F1A003343B184606F00EFB002240
S31508001A600649002005F08AFD124806F00BFF00BF64
S31508001A7007F503572037BD4680BD00BF6C950008A3
S31508001A80709500088C9500080000E03FB0950008A6
S31508001A90E0950008EC9500081096000824960008C2
S31508001AA03C96000858960008689600087C96000838
S31508001AB0889600089C96000880B400AF72B600BFEE
S31508001AC000BFFDE780B483B000AF0F4B1B6E0E4A14
S31508001AD043F0010313660C4B1B6E03F001037B6096
S31508001AE07B68094B9B6D084A43F080539365064B08
S31508001AF09B6D03F080533B603B6800BF0C37BD46C7
S31508001B005DF8047B704700BF0010024080B58AB0BC
S31508001B1000AF786007F1140300221A605A609A60D1
S31508001B20DA601A617B681B68254A934244D1254BC3
S31508001B309B6D244A43F480439365224B9B6D03F4C3
S31508001B4080433B613B691F4BDB6C1E4A43F0040331
S31508001B50D3641C4BDB6C03F00403FB60FB68194B76
S31508001B60DB6C184A43F00203D364164BDB6C03F0B4
S31508001B700203BB60BB680C237B610223BB610023A5
S31508001B80FB6103233B6205237B6207F114031946B5
S31508001B900D4800F00BFB4FF480637B610223BB61A9
S31508001BA00023FB6103233B6205237B6207F11403D1
S31508001BB01946064800F0FAFA00BF2837BD4680BD28
S31508001BC000380040001002400008004800040048A1
S31508001BD080B5ACB000AF786007F19C0300221A60AC
S31508001BE05A609A60DA601A6107F1140388220021A4
S31508001BF0184606F027FF7B681B68214A93423BD1AB
S31508001C0002237B6100233B6507F11403184601F0A4
S31508001C10F3FA0346002B01D0FFF74EFF194B9B6DD5
S31508001C20184A43F400339365164B9B6D03F400334F
S31508001C303B613B69134BDB6C124A43F00103D364E7
S31508001C40104BDB6C03F00103FB60FB680C23C7F841
S31508001C509C300223C7F8A0300023C7F8A43003231A
S31508001C60C7F8A8300723C7F8AC3007F19C03194614
S31508001C704FF0904000F09AFA00BFB037BD4680BDDD
S31508001C80004400400010024080B400AF00BFFDE7EA
S31508001C9080B400AF00BFFDE780B400AF00BFFDE72A
S31508001CA080B400AF00BFFDE780B400AF00BFFDE71A
S31508001CB080B400AF00BFBD465DF8047B704780B4B2
S31508001CC000AF00BFBD465DF8047B704780B400AF27
S31508001CD000BFBD465DF8047B7047000080B500AFC5
S31508001CE00B4B1B88002B05D0094B1B88013B9AB26E
S31508001CF0074B1A80074B1B88002B05D0054B1B8802
S31508001D00013B9AB2034B1A8000F026F900BF80BD4A
S31508001D109C0000209E00002080B586B000AFF860C9
S31508001D20B9607A6000237B610AE0AFF30080014660
S31508001D30BB685A1CBA60CAB21A707B6901337B61E8
S31508001D407A697B689A42F0DB7B6818461837BD4685
S31508001D5080BD80B483B000AF78604FF0FF3318467B
S31508001D600C37BD465DF8047B704780B483B000AF7E
S31508001D70786039603B684FF400525A600023184671
S31508001D800C37BD465DF8047B704780B483B000AF5E
S31508001D907860012318460C37BD465DF8047B70470A
S31508001DA080B485B000AFF860B9607A600023184641
S31508001DB01437BD465DF8047B7047000080B586B0D1
S31508001DC000AF7860144A154BD31A7B617B693B6177
S31508001DD0134B1B68002B02D1114B124A1A60104B89
S31508001DE01A687B6813443A699A4207D206F078FE65
S31508001DF003460C221A604FF0FF3309E0084B1B68B4
S31508001E00FB60074B1A687B681344054A1360FB6836
S31508001E1018461837BD4680BD008001200004000022
S31508001E20900100202005002080B400AF064BD3F8AF
S31508001E308830054A43F47003C2F8883000BFBD46AF
S31508001E405DF8047B704700BF00ED00E0DFF834D092
S31508001E50FFF7EAFF0C480D490D4A002302E0D45863
S31508001E60C4500433C4188C42F9D30A4A0A4C0023D6
S31508001E7001E013600432A242FBD306F037FEFFF7F7
S31508001E80A1FBFEE700800120000000208000002062
S31508001E90D49B00088000002020050020FEE70000F3
S31508001EA080B582B000AF0023FB710C4B1B680B4A50
S31508001EB043F480731360032000F044F9002000F017
S31508001EC00FF80346002B02D00123FB7101E0FFF750
S31508001ED0F9FDFB7918460837BD4680BD002002404B
S31508001EE080B584B000AF78600023FB73174B1B786E
S31508001EF0002B23D0164B1A68144B1B7819464FF43F
S31508001F007A73B3FBF1F3B2FBF3F3184600F041F929
S31508001F100346002B0FD17B680F2B09D8002279685E
S31508001F204FF0FF3000F019F90A4A7B68136007E0A2
S31508001F300123FB7304E00123FB7301E00123FB7318
S31508001F40FB7B18461037BD4680BD00BF0C0000203D
S31508001F50040000200800002080B400AF064B1B7860
S31508001F601A46064B1B681344044A136000BFBD4655
S31508001F705DF8047B704700BF0C0000209401002028
S31508001F8080B400AF034B1B681846BD465DF8047B5A
S31508001F90704700BF9401002080B584B000AF786018
S31508001FA0FFF7EEFFB8607B68FB60FB68B3F1FF3FA5
S31508001FB005D00A4B1B781A46FB681344FB6000BF22
S31508001FC0FFF7DEFF0246BB68D31AFA689A42F7D8CB
S31508001FD000BF00BF1037BD4680BD00BF0C00002003
S31508001FE080B485B000AF78607B6803F00703FB60B8
S31508001FF00C4BDB68BB60BA684FF6FF031340BB6047
S31508002000FB681A02BB68134343F0BF6343F400330B
S31508002010BB60044ABB68D36000BF1437BD465DF891
S31508002020047B704700ED00E080B400AF044BDB682A
S315080020301B0A03F007031846BD465DF8047B704784
S3150800204000ED00E080B483B000AF03463960FB7151
S3150800205097F90730002B0ADB3B68DAB20C4997F987
S3150800206007301201D2B20B4483F800230AE03B681A
S31508002070DAB20849FB7903F00F03043B1201D2B226
S315080020800B441A7600BF0C37BD465DF8047B7047D3
S3150800209000E100E000ED00E080B489B000AFF86030
S315080020A0B9607A60FB6803F00703FB61FB69C3F15B
S315080020B00703042B28BF0423BB61FB690433062BE3
S315080020C002D9FB69033B00E000237B614FF0FF3236
S315080020D0BB6902FA03F3DA43BB681A407B699A4084
S315080020E04FF0FF317B6901FA03F3D9437B680B4054
S315080020F0134318462437BD465DF8047B7047000035
S3150800210080B582B000AF78607B68013BB3F1807F11
S3150800211001D301230FE00A4A7B68013B53600F2174
S315080021204FF0FF30FFF78EFF054B00229A60044BF5
S3150800213007221A60002318460837BD4680BD00BF2F
S3150800214010E000E080B582B000AF78607868FFF7ED
S3150800215047FF00BF0837BD4680BD80B586B000AFD3
S315080021600346B9607A60FB7300237B61FFF75CFF67
S3150800217078617A68B9687869FFF78EFF024697F939
S315080021800F3011461846FFF75DFF00BF1837BD46EA
S3150800219080BD80B582B000AF78607868FFF7B0FF81
S315080021A0034618460837BD4680BD000080B487B090
S315080021B000AF7860396000237B617FE13B681A686D
S315080021C001217B6901FA03F31340FB60FB68002BCE
S315080021D000F071813B685B6803F00303012B05D0AF
S315080021E03B685B6803F00303022B30D17B689B686E
S315080021F03B617B695B00032202FA03F3DB433A691E
S3150800220013403B613B68DA687B695B0002FA03F3BB
S315080022103A6913433B617B683A699A607B685B68F5
S315080022203B6101227B6902FA03F3DB433A691340F7
S315080022303B613B685B681B0903F001027B6902FA94
S3150800224003F33A6913433B617B683A695A603B6812
S315080022505B6803F00303032B18D17B68DB6A3B61D9
S3150800226001227B6902FA03F3DB433A6913403B61B7
S315080022703B685B68DB0803F001027B6902FA03F33B
S315080022803A6913433B617B683A69DA623B685B6883
S3150800229003F00303032B17D07B68DB683B617B697C
S315080022A05B00032202FA03F3DB433A6913403B61FE
S315080022B03B689A687B695B0002FA03F33A69134341
S315080022C03B617B683A69DA603B685B6803F0030345
S315080022D0022B23D17B69DA087B68083253F822304F
S315080022E03B617B6903F007039B000F2202FA03F3A5
S315080022F0DB433A6913403B613B681A697B6903F023
S3150800230007039B0002FA03F33A6913433B617B69AF
S31508002310DA087B680832396943F822107B681B683B
S315080023203B617B695B00032202FA03F3DB433A69EC
S3150800233013403B613B685B6803F003027B695B0003
S3150800234002FA03F33A6913433B617B683A691A60F8
S315080023503B685B6803F44033002B00F0AC805F4BAE
S315080023601B6E5E4A43F0010313665C4B1B6E03F05B
S315080023700103BB60BB685A4A7B699B08023352F863
S3150800238023303B617B6903F003039B000F2202FAAB
S3150800239003F3DB433A6913403B617B68B3F1904F23
S315080023A025D07B684F4A93421FD07B684E4A93429A
S315080023B019D07B684D4A934213D07B684C4A9342A6
S315080023C00DD07B684B4A934207D07B684A4A9342B2
S315080023D001D106230CE007230AE0052308E00423BD
S315080023E006E0032304E0022302E0012300E00023C1
S315080023F07A6902F00302920093403A6913433B61FB
S3150800240037497B699B0802333A6941F823203B4BDD
S315080024109B683B61FB68DB433A6913403B613B6859
S315080024205B6803F48013002B03D03A69FB681343F7
S315080024303B61324A3B699360304BDB683B61FB6822
S31508002440DB433A6913403B613B685B6803F400135E
S31508002450002B03D03A69FB6813433B61274A3B6963
S31508002460D360264B5B683B61FB68DB433A691340E4
S315080024703B613B685B6803F40033002B03D03A6981
S31508002480FB6813433B611D4A3B6953601B4B1B6842
S315080024903B61FB68DB433A6913403B613B685B6819
S315080024A003F48033002B03D03A69FB6813433B617E
S315080024B0124A3B6913607B6901337B613B681A6882
S315080024C07B6922FA03F3002B7FF478AE00BF00BFC6
S315080024D01C37BD465DF8047B704700BF00100240FC
S315080024E0000001400004004800080048000C0048AD
S315080024F00010004800140048001800480004014075
S3150800250080B483B000AF78600B467B8013467B703F
S315080025107B78002B03D07A887B689A6102E07A88F8
S315080025207B689A6200BF0C37BD465DF8047B70472E
S3150800253080B400AF044B1B6803F4C0631846BD465D
S315080025405DF8047B704700BF0070004080B485B01A
S3150800255000AF78607B68B3F5007F30D1234B1B68EA
S3150800256003F4C063B3F5007F38D0204B1B6823F40F
S31508002570C0631E4A43F4007313601D4B1B68322266
S3150800258002FB03F31B4AA2FB03239B0C0133FB60EC
S3150800259002E0FB68013BFB60144B5B6903F4806354
S315080025A0B3F5806F02D1FB68002BF2D10F4B5B6944
S315080025B003F48063B3F5806F10D103230FE00B4B50
S315080025C01B6803F4C063B3F5806F07D0074B1B681D
S315080025D023F4C063054A43F4806313600023184656
S315080025E01437BD465DF8047B704700BF0070004095
S315080025F00400002083DE1B4380B588B000AF7860F6
S315080026007B68002B01D10123CAE3974B9B6803F033
S315080026100C03BB61944BDB6803F003037B617B68A7
S315080026201B6803F01003002B00F0E480BB69002B45
S3150800263007D0BB690C2B40F08B807B69012B40F0DF
S315080026408780894B1B6803F00203002B05D07B6843
S315080026509B69002B01D10123A2E37B681A6A824B8E
S315080026601B6803F00803002B04D07F4B1B6803F09C
S31508002670F00305E07C4BD3F894301B0903F0F00314
S31508002680934223D27B681B6A184600F055FD034621
S31508002690002B01D0012383E3734B1B68724A43F076
S315080026A008031360704B1B6823F0F0027B681B6AF3
S315080026B06D4913430B606C4B5B6823F47F427B6860
S315080026C0DB691B02684913434B6025E0664B1B68B0
S315080026D0654A43F008031360634B1B6823F0F00256
S315080026E07B681B6A604913430B605F4B5B6823F486
S315080026F07F427B68DB691B025B4913434B60BB69FE
S31508002700002B09D17B681B6A184600F015FD0346A5
S31508002710002B01D0012343E300F04AFC0246524B4A
S315080027209B681B0903F00F035049CB5C03F01F039A
S3150800273022FA03F34E4A13604E4B1B681846FFF7FE
S31508002740CFFB0346FB73FB7B002B52D0FB7B27E3B7
S315080027507B689B69002B32D0434B1B68424A43F087
S3150800276001031360FFF70CFC386108E0FFF708FC6B
S3150800277002463B69D31A022B01D9032310E33A4BCD
S315080027801B6803F00203002BF0D0374B1B68364A50
S3150800279043F008031360344B1B6823F0F0027B6890
S315080027A01B6A314913430B602F4B5B6823F47F4246
S315080027B07B68DB691B022C4913434B601AE02A4BE2
S315080027C01B68294A23F001031360FFF7D9FB386118
S315080027D008E0FFF7D5FB02463B69D31A022B01D95D
S315080027E00323DDE2204B1B6803F00203002BF0D124
S315080027F000E000BF7B681B6803F00103002B74D060
S31508002800BB69082B05D0BB690C2B0ED17B69032B42
S315080028100BD1154B1B6803F40033002B64D07B687F
S315080028205B68002B60D10123BAE27B685B68B3F56D
S31508002830803F06D10C4B1B680B4A43F48033136068
S3150800284026E07B685B68B3F5A02F15D1064B1B689D
S31508002850054A43F480231360034B1B68024A43F47A
S315080028608033136014E000BF001002400897000888
S315080028700400002008000020A04B1B689F4A23F490
S31508002880803313609D4B1B689C4A23F48023136096
S315080028907B685B68002B13D0FFF772FB386108E092
S315080028A0FFF76EFB02463B69D31A642B01D9032353
S315080028B076E2924B1B6803F40033002BF0D014E049
S315080028C0FFF75EFB386108E0FFF75AFB02463B69F3
S315080028D0D31A642B01D9032362E2884B1B6803F4DD
S315080028E00033002BF0D100E000BF7B681B6803F0C3
S315080028F00203002B60D0BB69042B05D0BB690C2BE7
S3150800290019D17B69022B16D17C4B1B6803F48063B3
S31508002910002B05D07B68DB68002B01D101233FE241
S31508002920764B5B6823F0F8527B681B691B06734974
S3150800293013434B6040E07B68DB68002B23D06F4B6A
S315080029401B686E4A43F480731360FFF719FB3861FE
S3150800295008E0FFF715FB02463B69D31A022B01D99B
S3150800296003231DE2654B1B6803F48063002BF0D03C
S31508002970624B5B6823F0F8527B681B691B065F494C
S3150800298013434B6018E05D4B1B685C4A23F4807365
S315080029901360FFF7F5FA386108E0FFF7F1FA024627
S315080029A03B69D31A022B01D90323F9E1534B1B6860
S315080029B003F48063002BF0D17B681B6803F00803DF
S315080029C0002B3CD07B685B69002B1CD04B4BD3F8A3
S315080029D094304A4A43F00103C2F89430FFF7D0FA1C
S315080029E0386108E0FFF7CCFA02463B69D31A022B96
S315080029F001D90323D4E1414BD3F8943003F0020301
S31508002A00002BEFD01BE03D4BD3F894303B4A23F024
S31508002A100103C2F89430FFF7B3FA386108E0FFF70C
S31508002A20AFFA02463B69D31A022B01D90323B7E151
S31508002A30324BD3F8943003F00203002BEFD17B68B6
S31508002A401B6803F00403002B00F0A6800023FB7725
S31508002A502A4B9B6D03F08053002B0DD1274B9B6DA2
S31508002A60264A43F080539365244B9B6D03F08053AD
S31508002A70BB60BB680123FB77214B1B6803F480739B
S31508002A80002B18D11E4B1B681D4A43F48073136034
S31508002A90FFF776FA386108E0FFF772FA02463B69F3
S31508002AA0D31A022B01D903237AE1154B1B6803F4C9
S31508002AB08073002BF0D07B689B68012B08D10F4BE5
S31508002AC0D3F890300D4A43F00103C2F8903029E05C
S31508002AD07B689B68052B15D1084BD3F89030074ABD
S31508002AE043F00403C2F89030044BD3F89030034AFD
S31508002AF043F00103C2F8903014E000BF0010024012
S31508002B00007000409C4BD3F890309B4A23F0010399
S31508002B10C2F89030984BD3F89030974A23F00403C4
S31508002B20C2F890307B689B68002B16D0FFF728FA0E
S31508002B3038610AE0FFF724FA02463B69D31A41F2E4
S31508002B408832934201D903232AE18B4BD3F890307C
S31508002B5003F00203002BEDD015E0FFF711FA3861F8
S31508002B600AE0FFF70DFA02463B69D31A41F28832AA
S31508002B70934201D9032313E17F4BD3F8903003F036
S31508002B800203002BEDD1FB7F012B05D17A4B9B6D00
S31508002B90794A23F0805393657B689B6A002B00F083
S31508002BA0FE807B689B6A022B40F0D080724BDB6804
S31508002BB07B617B6903F003027B68DB6A9A4230D14A
S31508002BC07B6903F070027B681B6B013B1B019A4211
S31508002BD027D17B6903F4FE427B685B6B1B029A4232
S31508002BE01FD17B6903F400337A68926B072A14BFF6
S31508002BF001220022D2B2934213D17B6903F4C002A8
S31508002C007B68DB6B5B08013B5B059A4209D17B69F4
S31508002C1003F0C0627B681B6C5B08013B5B069A424B
S31508002C206ED0BB690C2B69D0534B1B6803F08063CD
S31508002C30002B05D1504B1B6803F08053002B01D0A5
S31508002C400123ADE04C4B1B684B4A23F0807313609D
S31508002C50FFF796F9386108E0FFF792F902463B69F3
S31508002C60D31A022B01D903239AE0434B1B6803F0BE
S31508002C700073002BF0D1404BDA68404B13407A685A
S31508002C80D16A7A68126B013A120111437A68526B5B
S31508002C90120211437A68D26B5208013A520511435F
S31508002CA07A68126C5208013A520611437A68926B96
S31508002CB0120952040A4330491343CB602E4B1B6852
S31508002CC02D4A43F0807313602B4BDB682A4A43F086
S31508002CD08073D360FFF754F9386108E0FFF750F9BD
S31508002CE002463B69D31A022B01D9032358E0224B2B
S31508002CF01B6803F00073002BF0D050E001234FE06F
S31508002D001D4B1B6803F00073002B48D11A4B1B6838
S31508002D10194A43F080731360174BDB68164A43F071
S31508002D208073D360FFF72CF9386108E0FFF728F9BC
S31508002D3002463B69D31A022B01D9032330E00E4B16
S31508002D401B6803F00073002BF0D028E0BB690C2B3E
S31508002D5023D0094B1B68084A23F080731360FFF7DA
S31508002D600FF938610CE0FFF70BF902463B69D31AF5
S31508002D70022B05D9032313E0001002408C809DF92D
S31508002D80094B1B6803F00073002BECD1064BDA687D
S31508002D900549064B1340CB6001E0012300E0002300
S31508002DA018462037BD4680BD00100240FCFFEEFEE7
S31508002DB080B584B000AF786039607B68002B01D19C
S31508002DC00123E7E0754B1B6803F007033A689A424C
S31508002DD010D9724B1B6823F0070270493B681343EE
S31508002DE00B606E4B1B6803F007033A689A4201D0E2
S31508002DF00123CFE07B681B6803F00203002B10D089
S31508002E007B689A68664B9B6803F0F0039A4208D978
S31508002E10634B9B6823F0F0027B689B686049134309
S31508002E208B607B681B6803F00103002B4CD07B6822
S31508002E305B68032B07D15A4B1B6803F00073002B02
S31508002E4021D10123A6E07B685B68022B07D1544B8E
S31508002E501B6803F40033002B15D101239AE07B6825
S31508002E605B68002B07D14E4B1B6803F00203002B4F
S31508002E7009D101238EE04A4B1B6803F48063002BBB
S31508002E8001D1012386E0464B9B6823F003027B6849
S31508002E905B68434913438B60FFF772F8F8600AE0F2
S31508002EA0FFF76EF80246FB68D31A41F2883293425E
S31508002EB001D903236EE03A4B9B6803F00C027B684A
S31508002EC05B689B009A42EBD17B681B6803F00203A0
S31508002ED0002B10D07B689A68314B9B6803F0F0038F
S31508002EE09A4208D22E4B9B6823F0F0027B689B68B7
S31508002EF02B4913438B60294B1B6803F007033A6879
S31508002F009A4210D2254B1B6823F0070223493B68D7
S31508002F1013430B60214B1B6803F007033A689A4278
S31508002F2001D0012336E07B681B6803F00403002BFD
S31508002F3008D01B4B9B6823F4E0627B68DB68184962
S31508002F4013438B607B681B6803F00803002B09D0CA
S31508002F50134B9B6823F460527B681B69DB0010499E
S31508002F6013438B6000F024F802460D4B9B681B093F
S31508002F7003F00F030B49CB5C03F01F0322FA03F39C
S31508002F80094A1360094B1B681846FEF7A9FF034652
S31508002F90FB72FB7A18461037BD4680BD00200240FA
S31508002FA000100240089700080400002008000020CE
S31508002FB080B489B000AF0023FB610023BB613E4BA0
S31508002FC09B6803F00C033B613B4BDB6803F0030390
S31508002FD0FB603B69002B05D03B690C2B21D1FB68B4
S31508002FE0012B1ED1344B1B6803F00803002B07D1B5
S31508002FF0314BD3F894301B0A03F00F03FB6105E04D
S315080030002D4B1B681B0903F00F03FB612B4AFB6959
S3150800301052F82330FB613B69002B0DD1FB69BB617C
S315080030200AE03B69042B02D1254BBB6104E03B69EE
S31508003030082B01D1234BBB613B690C2B34D11E4BAA
S31508003040DB6803F00303BB60BB68022B03D0BB68D5
S31508003050032B03D005E01A4B7B6105E0194B7B6116
S3150800306002E0FB697B6100BF134BDB681B0903F0B9
S31508003070070301337B60104BDB681B0A03F07F03F1
S315080030807A6903FB02F27B68B2FBF3F37B610A4BB6
S31508003090DB685B0E03F0030301335B003B607A6970
S315080030A03B68B2FBF3F3BB61BB6918462437BD46E0
S315080030B05DF8047B704700BF0010024020970008A7
S315080030C00024F40000127A0080B400AF034B1B689A
S315080030D01846BD465DF8047B704700BF0400002013
S315080030E080B500AFFFF7F0FF0246064B9B681B0A48
S315080030F003F007030449CB5C03F01F0322FA03F32A
S31508003100184680BD001002401897000880B500AF29
S31508003110FFF7DAFF0246064B9B68DB0A03F0070354
S315080031200449CB5C03F01F0322FA03F3184680BD5B
S31508003130001002401897000880B586B000AF786086
S3150800314000233B612A4B9B6D03F08053002B03D071
S31508003150FFF7EEF9786114E0254B9B6D244A43F09E
S3150800316080539365224B9B6D03F08053FB60FB688D
S31508003170FFF7DEF978611E4B9B6D1D4A23F08053DD
S3150800318093657B69B3F5007F0BD17B68802B19D9D2
S315080031907B68A02B02D902233B6113E001233B6124
S315080031A010E07B68802B02D903233B610AE07B6829
S315080031B0802B02D102233B6104E07B68702B01D18E
S315080031C001233B610B4B1B6823F0070209493B6946
S315080031D013430B60074B1B6803F007033A699A42CF
S315080031E001D0012300E0002318461837BD4680BDEC
S315080031F0001002400020024080B586B000AF78601B
S315080032000023FB740023BB747B681B6803F400630C
S31508003210002B41D07B685B6EB3F5400F2AD0B3F51F
S31508003220400F24D8B3F5000F08D0B3F5000F1ED809
S31508003230002B0AD0B3F5800F10D018E0864BDB6858
S31508003240854A43F48033D36015E07B680433002154
S31508003250184600F0BBFA0346FB740CE07B68203383
S315080032600021184600F0A6FB0346FB7403E0012381
S31508003270FB7400E000BFFB7C002B0BD1764BD3F828
S31508003280883023F440027B685B6E73491343C1F8A8
S31508003290883001E0FB7CBB747B681B6803F48053B1
S315080032A0002B41D07B689B6EB3F1407F2AD0B3F1E7
S315080032B0407F24D8B3F1007F08D0B3F1007F1ED831
S315080032C0002B0AD0B3F1807F10D018E0624BDB6880
S315080032D0614A43F48033D36015E07B6804330021E8
S315080032E0184600F073FA0346FB740CE07B6820333B
S315080032F00021184600F05EFB0346FB7403E0012339
S31508003300FB7400E000BFFB7C002B0BD1524BD3F8BB
S31508003310883023F040727B689B6E4F491343C1F88F
S31508003320883001E0FB7CBB747B681B6803F40033C0
S31508003330002B00F0A08000237B74474B9B6D03F0A5
S315080033408053002B01D1012300E00023002B0DD070
S31508003350414B9B6D404A43F0805393653E4B9B6DB2
S3150800336003F08053BB60BB6801237B743B4B1B682F
S315080033703A4A43F480731360FEF702FEF86009E0E8
S31508003380FEF7FEFD0246FB68D31A022B02D9032379
S31508003390FB7405E0314B1B6803F48073002BEFD0F8
S315080033A0FB7C002B5CD12C4BD3F8903003F4407394
S315080033B07B617B69002B1FD07B68D3F884307A69E0
S315080033C09A4219D0244BD3F8903023F440737B618A
S315080033D0214BD3F89030204A43F48033C2F890301A
S315080033E01D4BD3F890301C4A23F48033C2F8903032
S315080033F0194A7B69C2F890307B6903F00103002BF8
S3150800340016D0FEF7BDFDF8600BE0FEF7B9FD0246E3
S31508003410FB68D31A41F28832934202D90323FB741C
S3150800342006E00D4BD3F8903003F00203002BECD0E6
S31508003430FB7C002B0CD1084BD3F8903023F4407258
S315080034407B68D3F8843004491343C1F8903009E007
S31508003450FB7CBB7406E000BF001002400070004011
S31508003460FB7CBB747B7C012B05D19E4B9B6D9D4AD7
S3150800347023F0805393657B681B6803F00103002BD8
S315080034800AD0984BD3F8883023F003027B689B6BED
S3150800349094491343C1F888307B681B6803F002031C
S315080034A0002B0AD08F4BD3F8883023F00C027B68A8
S315080034B0DB6B8C491343C1F888307B681B6803F0C3
S315080034C00403002B0AD0874BD3F8883023F0300248
S315080034D07B681B6C83491343C1F888307B681B687B
S315080034E003F00803002B0AD07E4BD3F8883023F06C
S315080034F0C0027B685B6C7B491343C1F888307B68E4
S315080035001B6803F01003002B0AD0764BD3F88830DB
S3150800351023F440727B689B6C72491343C1F8883068
S315080035207B681B6803F02003002B0AD06D4BD3F889
S31508003530883023F440627B68DB6C6A491343C1F820
S3150800354088307B681B6803F40073002B0AD0654B30
S31508003550D3F8883023F440227B68DB6D6149134336
S31508003560C1F888307B681B6803F48063002B0AD097
S315080035705C4BD3F8883023F440127B681B6E59499C
S315080035801343C1F888307B681B6803F04003002B9F
S315080035900AD0544BD3F8883023F440527B681B6D0D
S315080035A050491343C1F888307B681B6803F08003D1
S315080035B0002B0AD04B4BD3F8883023F440427B6863
S315080035C05B6D48491343C1F888307B681B6803F470
S315080035D08073002B0AD0434BD3F8883023F440324B
S315080035E07B689B6D3F491343C1F888307B681B682D
S315080035F003F40053002B28D03A4BD3F8883023F035
S3150800360040627B68DB6E37491343C1F888307B68B4
S31508003610DB6EB3F1006F06D1324BDB68314A43F4F7
S315080036208013D36011E07B68DB6EB3F1806F0CD139
S315080036307B6804330121184600F0C8F80346FB747A
S31508003640FB7C002B01D0FB7CBB747B681B6803F4F6
S315080036500023002B28D0234BD3F8883023F0406270
S315080036607B681B6F1F491343C1F888307B681B6F43
S31508003670B3F1006F06D11B4BDB681A4A43F480137B
S31508003680D36011E07B681B6FB3F1806F0CD17B6848
S3150800369004330121184600F099F80346FB74FB7CB5
S315080036A0002B01D0FB7CBB747B681B6803F480236A
S315080036B0002B2BD00B4BD3F8883023F040627B6865
S315080036C05B6F08491343C1F888307B685B6FB3F1B9
S315080036D0006F09D1034BDB68024A43F48013D360B9
S315080036E014E000BF001002407B685B6FB3F1806F87
S315080036F00CD17B6804330121184600F067F80346AD
S31508003700FB74FB7C002B01D0FB7CBB747B681B68BD
S3150800371003F48043002B2FD02B4BD3F8883023F0AB
S3150800372040527B689B6F28491343C1F888307B68F1
S315080037309B6FB3F1805F0DD17B6804330221184675
S3150800374000F044F80346FB74FB7C002B14D0FB7C8A
S31508003750BB7411E07B689B6FB3F1005F0CD17B688B
S3150800376020330221184600F025F90346FB74FB7C3A
S31508003770002B01D0FB7CBB747B681B6803F40043F9
S31508003780002B0AD0104BD3F8883023F080427B6890
S31508003790DB6F0D491343C1F888307B681B6803F457
S315080037A08033002B0BD0084BD3F8883023F0004227
S315080037B07B68D3F8803004491343C1F88830BB7C52
S315080037C018461837BD4680BD0010024080B584B043
S315080037D000AF786039600023FB73754BDB6803F034
S315080037E00303002B18D0724BDB6803F003027B68D7
S315080037F01B689A420DD17B681B68002B09D06C4B5D
S31508003800DB681B0903F007035A1C7B685B689A424E
S3150800381047D00123FB7344E07B681B68032B18D051
S31508003820032B25D8012B02D0022B09D020E0604BB0
S315080038301B6803F00203002B1DD10123FB731AE05A
S315080038405B4B1B6803F48063002B16D10123FB73C3
S3150800385013E0574B1B6803F40033002B0FD1544B6E
S315080038601B6803F48023002B09D10123FB7306E0B0
S315080038700123FB7304E000BF02E000BF00E000BFC5
S31508003880FB7B002B0DD14A4BDB6823F073027B6868
S3150800389019687B685B68013B1B010B43444913436A
S315080038A0CB60FB7B002B7DD1414B1B68404A23F044
S315080038B080631360FEF764FBB86009E0FEF760FBFF
S315080038C00246BB68D31A022B02D90323FB7305E011
S315080038D0374B1B6803F00063002BEFD1FB7B002BF3
S315080038E060D13B68002B11D1314B1B6923F41F3380
S315080038F023F440737A68926811027A68D2681209CA
S3150800390052040A432A4913430B6127E03B68012BFB
S3150800391012D1274B1B6923F4C00323F4FE437A68AC
S31508003920926811027A6812695208013A52050A43E6
S315080039301F4913430B6111E01D4B1B6923F0C0633C
S3150800394023F4FE437A68926811027A68526952082B
S31508003950013A52060A43164913430B61144B1B6876
S31508003960134A43F080631360FEF70AFBB86009E068
S31508003970FEF706FB0246BB68D31A022B02D90323BD
S31508003980FB7305E00A4B1B6803F00063002BEFD0BE
S31508003990FB7B002B06D1064B1A697B689B69044999
S315080039A013430B61FB7B18461037BD4680BD00BF2D
S315080039B00010024080B584B000AF786039600023FB
S315080039C0FB736A4BDB6803F00303002B18D0674BC5
S315080039D0DB6803F003027B681B689A420DD17B689B
S315080039E01B68002B09D0614BDB681B0903F0070332
S315080039F05A1C7B685B689A4247D00123FB7344E0F4
S31508003A007B681B68032B18D0032B25D8012B02D003
S31508003A10022B09D020E0554B1B6803F00203002B4C
S31508003A201DD10123FB731AE0504B1B6803F4806316
S31508003A30002B16D10123FB7313E04C4B1B6803F4D0
S31508003A400033002B0FD1494B1B6803F48023002B4E
S31508003A5009D10123FB7306E00123FB7304E000BFD1
S31508003A6002E000BF00E000BFFB7B002B0DD13F4BFF
S31508003A70DB6823F073027B6819687B685B68013B27
S31508003A801B010B4339491343CB60FB7B002B67D1E2
S31508003A90364B1B68354A23F080531360FEF770FADD
S31508003AA0B86009E0FEF76CFA0246BB68D31A022B27
S31508003AB002D90323FB7305E02C4B1B6803F0005364
S31508003AC0002BEFD1FB7B002B4AD13B68002B11D191
S31508003AD0264B5B6923F41F3323F440737A68926894
S31508003AE011027A68D268120952040A431F4913431D
S31508003AF04B6111E01D4B5B6923F0C06323F4FE4361
S31508003B007A68926811027A6812695208013A52066E
S31508003B100A43164913434B61144B1B68134A43F077
S31508003B2080531360FEF72CFAB86009E0FEF728FA0E
S31508003B300246BB68D31A022B02D90323FB7305E09E
S31508003B400A4B1B6803F00053002BEFD0FB7B002BBE
S31508003B5006D1064B5A697B685B69044913434B6176
S31508003B60FB7B18461037BD4680BD00BF00100240DB
S31508003B7080B584B000AF78607B68002B01D1012343
S31508003B8095E07B685B6A002B08D17B685B68B3F5B8
S31508003B90827F09D07B680022DA6105E07B68002213
S31508003BA01A617B6800225A617B6800229A627B68E8
S31508003BB093F85D30DBB2002B06D17B68002283F8D0
S31508003BC05C207868FDF7A2FF7B68022283F85D20F7
S31508003BD07B681B681A687B681B6822F040021A60BB
S31508003BE07B68DB68B3F5E06F02D90023FB6002E06F
S31508003BF04FF48053FB607B68DB68B3F5706F07D0C2
S31508003C007B68DB68B3F5E06F02D07B6800229A62B6
S31508003C107B685B6803F482727B689B6803F40443E1
S31508003C201A437B681B6903F002031A437B685B69C6
S31508003C3003F001031A437B689B6903F400731A4374
S31508003C407B68DB6903F038031A437B681B6A03F059
S31508003C50800342EA03017B689B6A03F400527B688F
S31508003C601B680A431A607B689B691B0C03F00402F5
S31508003C707B685B6A03F010031A437B685B6B03F08F
S31508003C8008031A437B68DB6803F4706342EA03019E
S31508003C90FB6803F480527B681B680A435A607B689A
S31508003CA000221A667B68012283F85D2000231846E5
S31508003CB01037BD4680BD80B588B000AFF860B960E2
S31508003CC03B601346FB80FEF75BF9F861FB887B8354
S31508003CD0FB6893F85D30DBB2012B01D002235CE16F
S31508003CE0BB68002B02D0FB88002B01D1012354E1CD
S31508003CF0FB6893F85C30012B01D102234DE1FB6888
S31508003D00012283F85C20FB68032283F85D20FB68A8
S31508003D1000221A66FB68BA689A63FB68FA889A876B
S31508003D20FB68FA88DA87FB6800221A64FB680022B7
S31508003D30A3F84420FB680022A3F84620FB6800226B
S31508003D401A65FB680022DA64FB689B68B3F5004FC6
S31508003D500FD1FB681B681A68FB681B6822F04002D3
S31508003D601A60FB681B681A68FB681B6842F4804285
S31508003D701A60FB681B681B6803F04003402B07D0DA
S31508003D80FB681B681A68FB681B6842F040021A60E9
S31508003D90FB68DB68B3F5E06F52D9FB685B68002BFC
S31508003DA002D07B8B012B45D1FB689B6B1A88FB687D
S31508003DB01B68DA60FB689B6B9A1CFB689A63FB6856
S31508003DC0DB8F9BB2013B9AB2FB68DA8732E0FB686D
S31508003DD01B689B6803F00203022B12D1FB689B6BDE
S31508003DE01A88FB681B68DA60FB689B6B9A1CFB6881
S31508003DF09A63FB68DB8F9BB2013B9AB2FB68DA8752
S31508003E0018E0FEF7BDF80246FB69D31A3A689A42EB
S31508003E1003D83B68B3F1FF3F02D13B68002B09D1B9
S31508003E20FB68012283F85D20FB68002283F85C208A
S31508003E300323B2E0FB68DB8F9BB2002BC7D183E07C
S31508003E40FB685B68002B02D07B8B012B77D1FB6864
S31508003E50DB8F9BB2012B12D9FB689B6B1A88FB6818
S31508003E601B68DA60FB689B6B9A1CFB689A63FB68A5
S31508003E70DB8F9BB2023B9AB2FB68DA875FE0FB688E
S31508003E809A6BFB681B680C3312781A70FB689B6B7D
S31508003E905A1CFB689A63FB68DB8F9BB2013B9AB29C
S31508003EA0FB68DA874BE0FB681B689B6803F0020334
S31508003EB0022B2BD1FB68DB8F9BB2012B12D9FB6837
S31508003EC09B6B1A88FB681B68DA60FB689B6B9A1CFD
S31508003ED0FB689A63FB68DB8F9BB2023B9AB2FB686E
S31508003EE0DA872CE0FB689A6BFB681B680C33127840
S31508003EF01A70FB689B6B5A1CFB689A63FB68DB8F1E
S31508003F009BB2013B9AB2FB68DA8718E0FEF738F8ED
S31508003F100246FB69D31A3A689A4203D83B68B3F15A
S31508003F20FF3F02D13B68002B09D1FB68012283F8C9
S31508003F305D20FB68002283F85C2003232DE0FB68E4
S31508003F40DB8F9BB2002BAED1FA693968F86800F0AE
S31508003F5065FB0346002B02D0FB6820221A66FB6825
S31508003F609B68002B0AD100237B61FB681B68DB6812
S31508003F707B61FB681B689B687B617B69FB68012228
S31508003F8083F85D20FB68002283F85C20FB681B6EC3
S31508003F90002B01D0012300E0002318462037BD4638
S31508003FA080BD80B58AB000AFF860B9607A607B8062
S31508003FB001237B62FDF7E4FF3862FB6893F85D3006
S31508003FC0FB77FB685B68BB617B88FB827B88BB826F
S31508003FD0FB7F012B0CD0BB69B3F5827F06D1FB684A
S31508003FE09B68002B02D1FB7F042B01D00223F3E14F
S31508003FF0BB68002B05D07B68002B02D07B88002B82
S3150800400001D10123E8E1FB6893F85C30012B01D16B
S315080040100223E1E1FB68012283F85C20FB6893F840
S315080040205D30DBB2042B03D0FB68052283F85D20E4
S31508004030FB6800221A66FB687A681A64FB687A8845
S31508004040A3F84620FB687A88A3F84420FB68BA6878
S315080040509A63FB687A88DA87FB687A889A87FB68A6
S315080040600022DA64FB6800221A65FB68DB68B3F590
S31508004070E06F02D8BB8A012B08D9FB681B685A680F
S31508004080FB681B6822F480525A6007E0FB681B68CD
S315080040905A68FB681B6842F480525A60FB681B68C2
S315080040A01B6803F04003402B07D0FB681B681A689F
S315080040B0FB681B6842F040021A60FB68DB68B3F5D0
S315080040C0E06F40F28380FB685B68002B02D0FB8AB6
S315080040D0012B6FD1FB689B6B1A88FB681B68DA603B
S315080040E0FB689B6B9A1CFB689A63FB68DB8F9BB229
S315080040F0013B9AB2FB68DA875CE0FB681B689B6841
S3150800410003F00203022B1BD1FB68DB8F9BB2002B4B
S3150800411016D07B6A012B13D1FB689B6B1A88FB6848
S315080041201B68DA60FB689B6B9A1CFB689A63FB68E2
S31508004130DB8F9BB2013B9AB2FB68DA8700237B626E
S31508004140FB681B689B6803F00103012B1CD1FB6805
S31508004150B3F846309BB2002B16D0FB681B68DA68AA
S31508004160FB681B6C92B21A80FB681B6C9A1CFB6876
S315080041701A64FB68B3F846309BB2013B9AB2FB68F7
S31508004180A3F8462001237B62FDF7FAFE02463B6A46
S31508004190D31A3A6B9A420DD83B6BB3F1FF3F09D05D
S315080041A0FB68012283F85D20FB68002283F85C2007
S315080041B0032311E1FB68DB8F9BB2002B9DD1FB68C3
S315080041C0B3F846309BB2002B97D1E5E0FB685B68F5
S315080041D0002B03D0FB8A012B40F0D180FB68DB8FD4
S315080041E09BB2012B12D9FB689B6B1A88FB681B686C
S315080041F0DA60FB689B6B9A1CFB689A63FB68DB8F2B
S315080042009BB2023B9AB2FB68DA87B8E0FB689A6B06
S31508004210FB681B680C3312781A70FB689B6B5A1C78
S31508004220FB689A63FB68DB8F9BB2013B9AB2FB681B
S31508004230DA87A4E0FB681B689B6803F00203022B7D
S3150800424034D1FB68DB8F9BB2002B2FD07B6A012B06
S315080042502CD1FB68DB8F9BB2012B12D9FB689B6BB9
S315080042601A88FB681B68DA60FB689B6B9A1CFB68FC
S315080042709A63FB68DB8F9BB2023B9AB2FB68DA87CC
S3150800428012E0FB689A6BFB681B680C3312781A708D
S31508004290FB689B6B5A1CFB689A63FB68DB8F9BB2B7
S315080042A0013B9AB2FB68DA8700237B62FB681B68CE
S315080042B09B6803F00103012B48D1FB68B3F846302D
S315080042C09BB2002B42D0FB68B3F846309BB2012B59
S315080042D023D9FB681B68DA68FB681B6C92B21A80E4
S315080042E0FB681B6C9A1CFB681A64FB68B3F84630BB
S315080042F09BB2023B9AB2FB68A3F84620FB68B3F868
S3150800430046309BB2012B1FD8FB681B685A68FB68AE
S315080043101B6842F480525A6016E0FB681B6803F17A
S315080043200C02FB681B6C1278D2B21A70FB681B6C05
S315080043305A1CFB681A64FB68B3F846309BB2013B0B
S315080043409AB2FB68A3F8462001237B62FDF718FEA4
S3150800435002463B6AD31A3A6B9A4203D83B6BB3F1CF
S31508004360FF3F02D13B6B002B09D1FB68012283F882
S315080043705D20FB68002283F85C2003232CE0FB68A1
S31508004380DB8F9BB2002B7FF455AFFB68B3F8463042
S315080043909BB2002B7FF44EAF3A6A396BF86800F08F
S315080043A03DF90346002B08D0FB6820221A66FB68F5
S315080043B0002283F85C2001230EE0FB68012283F8C3
S315080043C05D20FB68002283F85C20FB681B6E002BCF
S315080043D001D0012300E0002318462837BD4680BDDA
S315080043E080B588B000AFF860B9603B601346FB71D2
S315080043F0FDF7C6FD0246BB6A9B1A3A681344FB6181
S31508004400FDF7BEFDB861394B1B685B011B0DFA69E8
S3150800441002FB03F37B6154E03B68B3F1FF3F50D0E6
S31508004420FDF7AEFD0246BB69D31AFA699A4202D96C
S31508004430FB69002B3DD1FB681B685A68FB681B6843
S3150800444022F0E0025A60FB685B68B3F5827F11D1FF
S31508004450FB689B68B3F5004F04D0FB689B68B3F50F
S31508004460806F07D1FB681B681A68FB681B6822F017
S3150800447040021A60FB689B6AB3F5005F0FD1FB68C0
S315080044801B681A68FB681B6822F400521A60FB68EE
S315080044901B681A68FB681B6842F400521A60FB68BE
S315080044A0012283F85D20FB68002283F85C20032341
S315080044B017E07B69002B01D10023FB617B69013B77
S315080044C07B61FB681B689A68BB681340BA689A42A6
S315080044D00CBF01230023DBB21A46FB799A429BD113
S315080044E0002318462037BD4680BD00BF04000020C3
S315080044F080B58AB000AFF860B9607A603B60002387
S31508004500FB75FDF73DFD02463B6B9B1A3A68134463
S315080045107B62FDF735FD3862FB681B680C33FB616F
S315080045203D4B1A6813469B001344DA00D31A1B0D39
S315080045307A6A02FB03F3BB6160E0BB68B3F5C06F40
S3150800454007D17B68002B04D1FB691B78DBB2FB75AE
S31508004550FB7D3B68B3F1FF3F50D0FDF711FD0246E6
S315080045603B6AD31A7A6A9A4202D97B6A002B3DD1F2
S31508004570FB681B685A68FB681B6822F0E0025A60F1
S31508004580FB685B68B3F5827F11D1FB689B68B3F55E
S31508004590004F04D0FB689B68B3F5806F07D1FB68B2
S315080045A01B681A68FB681B6822F040021A60FB68E1
S315080045B09B6AB3F5005F0FD1FB681B681A68FB6836
S315080045C01B6822F400521A60FB681B681A68FB68AD
S315080045D01B6842F400521A60FB68012283F85D20CA
S315080045E0FB68002283F85C20032310E0BB69002BDC
S315080045F001D100237B62BB69013BBB61FB681B6879
S315080046009A68BB6813407A689A4296D1002318467E
S315080046102837BD4680BD00BF0400002080B586B09F
S3150800462002AFF860B9607A607B680093BB680022C5
S315080046304FF4C051F868FFF75BFF0346002B07D01D
S31508004640FB681B6E43F02002FB681A66032327E00B
S315080046507B680093BB6800228021F868FFF7C0FEDC
S315080046600346002B07D0FB681B6E43F02002FB684D
S315080046701A66032314E07B680093BB6800224FF494
S31508004680C061F868FFF734FF0346002B07D0FB68C4
S315080046901B6E43F02002FB681A66032300E0002322
S315080046A018461037BD4680BD80B582B000AF786029
S315080046B07B68002B01D1012340E07B68DB6F002B70
S315080046C006D17B68002283F878207868FDF780FA9F
S315080046D07B682422DA677B681B681A687B681B6814
S315080046E022F001021A607B685B6A002B02D07868A8
S315080046F000F0E0FA786800F025F80346012B01D1AE
S3150800470001231BE07B681B685A687B681B6822F4D8
S3150800471090425A607B681B689A687B681B6822F01F
S315080047202A029A607B681B681A687B681B6842F0D5
S3150800473001021A60786800F05FFB034618460837DE
S31508004740BD4680BD2DE9B04F8AB000AFF8600023A2
S3150800475087F82230FB689A68FB681B691A43FB686E
S315080047605B691A43FB68DB6913437B62FB681B685A
S315080047701A68A44B1340FA681268796A0B431360E7
S31508004780FB681B685B6823F44051FB68DA68FB68C2
S315080047901B680A435A60FB689B697B62FB681B6857
S315080047A0994A934204D0FB681B6A7A6A13437B6270
S315080047B0FB681B689B6823F43061FB681B687A6A90
S315080047C00A439A60FB681B68904A934226D1904B2D
S315080047D0D3F8883003F00303032B1BD801A252F841
S315080047E023F000BFF547000805480008FD47000804
S315080047F00D480008012387F8233016E1022387F8BD
S31508004800233012E1042387F823300EE1082387F8C2
S3150800481023300AE1102387F8233006E1FB681B687A
S315080048207C4A934238D17A4BD3F8883003F00C038C
S315080048300C2B2DD801A252F823F000BF71480008AE
S3150800484091480008914800089148000881480008E6
S3150800485091480008914800089148000879480008DE
S3150800486091480008914800089148000889480008BE
S31508004870002387F82330D8E0022387F82330D4E0D2
S31508004880042387F82330D0E0082387F82330CCE0C8
S31508004890102387F82330C8E0FB681B685E4A9342FA
S315080048A025D15B4BD3F8883003F03003302B16D074
S315080048B0302B18D8202B0AD0202B14D8002B02D046
S315080048C0102B08D00FE0002387F82330ADE0022331
S315080048D087F82330A9E0042387F82330A5E00823C6
S315080048E087F82330A1E0102387F823309DE0FB6882
S315080048F01B684A4A934225D1454BD3F8883003F0C2
S31508004900C003C02B16D0C02B18D8802B0AD0802BFA
S3150800491014D8002B02D0402B08D00FE0002387F8CC
S31508004920233082E0022387F823307EE0042387F8C9
S3150800493023307AE0082387F8233076E0102387F8B7
S31508004940233072E0FB681B68354A93422AD1304B04
S31508004950D3F8883003F44073B3F5407F1AD0B3F523
S31508004960407F1BD8B3F5007F0CD0B3F5007F15D870
S31508004970002B03D0B3F5807F08D00FE0002387F81B
S31508004980233052E0022387F823304EE0042387F8C9
S3150800499023304AE0082387F8233046E0102387F8B7
S315080049A0233042E0FB681B68174A93423AD1184BFA
S315080049B0D3F8883003F44063B3F5406F1AD0B3F5E3
S315080049C0406F1BD8B3F5006F0CD0B3F5006F15D840
S315080049D0002B03D0B3F5806F08D00FE0002387F8CB
S315080049E0233022E0022387F823301EE0042387F8C9
S315080049F023301AE0082387F8233016E0102387F8B7
S31508004A00233012E0F369FFEF0080004000380140D0
S31508004A10001002400044004000480040004C00409E
S31508004A2000500040102387F82330FB681B689F4A14
S31508004A3093427AD197F82330082B24D801A252F84A
S31508004A4023F000BF694A0008874A0008714A00082F
S31508004A50874A0008774A0008874A0008874A0008F4
S31508004A60874A00087F4A0008FEF73AFBF86110E01B
S31508004A708F4BFB610DE0FEF79BFAF86109E04FF4F6
S31508004A800043FB6105E00023FB61012387F8223020
S31508004A9000BFFB69002B00F0FB80FB685A681346D1
S31508004AA05B001344FA699A4205D3FB685B681B03EB
S31508004AB0FA699A4203D9012387F82230E8E0FB69AC
S31508004AC000221C4615464FF000024FF000032B0249
S31508004AD043EA14632202F9684968490800208846AF
S31508004AE0814612EB080A43EB090BFB685B68002258
S31508004AF03B607A60D7E9002350465946FBF7BEFE6D
S31508004B0002460B461346BB61BB69B3F5407F08D323
S31508004B10BB69B3F5801F04D2FB681B68BA69DA6003
S31508004B20B6E0012387F82230B2E0FB68DB69B3F50B
S31508004B30004F5ED197F82330082B28D801A252F8E7
S31508004B4023F000BF694B0008714B0008794B000839
S31508004B508F4B00087F4B00088F4B00088F4B0008CF
S31508004B608F4B0008874B0008FEF7BAFAF86114E085
S31508004B70FEF7CCFAF86110E04D4BFB610DE0FEF74D
S31508004B8017FAF86109E04FF40043FB6105E00023DA
S31508004B90FB61012387F8223000BFFB69002B77D021
S31508004BA0FB695A00FB685B685B081A44FB685B682C
S31508004BB0B2FBF3F3BB61BB690F2B16D9BB69B3F51F
S31508004BC0803F12D2BB699BB223F00F03FB82BB69FD
S31508004BD05B089BB203F007039AB2FB8A1343FB8276
S31508004BE0FB681B68FA8ADA6052E0012387F82230EC
S31508004BF04EE097F82330082B27D801A252F823F065
S31508004C00254C00082D4C0008354C00084B4C000874
S31508004C103B4C00084B4C00084B4C00084B4C00081A
S31508004C20434C0008FEF75CFAF86114E0FEF76EFAEA
S31508004C30F86110E01E4BFB610DE0FEF7B9F9F8616B
S31508004C4009E04FF40043FB6105E00023FB61012303
S31508004C5087F8223000BFFB69002B19D0FB685B6818
S31508004C605A08FB691A44FB685B68B2FBF3F3BB613D
S31508004C70BB690F2B09D9BB69B3F5803F05D2BB6960
S31508004C809AB2FB681B68DA6002E0012387F82230D3
S31508004C90FB6800229A66FB680022DA6697F82230DB
S31508004CA018462837BD46BDE8B08F00BF00800040D3
S31508004CB00024F40080B483B000AF78607B685B6A38
S31508004CC003F00803002B0AD07B681B685B6823F493
S31508004CD000417B685A6B7B681B680A435A607B688D
S31508004CE05B6A03F00103002B0AD07B681B685B68CC
S31508004CF023F400317B689A6A7B681B680A435A600A
S31508004D007B685B6A03F00203002B0AD07B681B688A
S31508004D105B6823F480317B68DA6A7B681B680A4320
S31508004D205A607B685B6A03F00403002B0AD07B6831
S31508004D301B685B6823F480217B681A6B7B681B6899
S31508004D400A435A607B685B6A03F01003002B0AD09B
S31508004D507B681B689B6823F480517B689A6B7B6829
S31508004D601B680A439A607B685B6A03F02003002B82
S31508004D700AD07B681B689B6823F400517B68DA6B52
S31508004D807B681B680A439A607B685B6A03F040038A
S31508004D90002B1AD07B681B685B6823F480117B683C
S31508004DA01A6C7B681B680A435A607B681B6CB3F5F0
S31508004DB0801F0AD17B681B685B6823F4C0017B6887
S31508004DC05A6C7B681B680A435A607B685B6A03F007
S31508004DD08003002B0AD07B681B685B6823F40021DC
S31508004DE07B689A6C7B681B680A435A6000BF0C375D
S31508004DF0BD465DF8047B704780B598B002AF786011
S31508004E007B680022C3F88420FDF7BAF878657B68CA
S31508004E101B681B6803F00803082B2ED16FF07E432E
S31508004E2000937B6D00224FF40011786800F08CF82F
S31508004E300346002B21D07B681B68BB63BB6B53E81A
S31508004E40003F7B637B6B23F080033B657B681B68B5
S31508004E501A463B6D7B643A64396C7A6C41E80023E8
S31508004E60FB63FB6B002BE6D17B682022DA677B6845
S31508004E70002283F87820032362E07B681B681B689E
S31508004E8003F00403042B49D16FF07E4300937B6D36
S31508004E9000224FF48001786800F056F80346002B8C
S31508004EA03CD07B681B687B627B6A53E8003F3B62A9
S31508004EB03B6A23F49073FB647B681B681A46FB6C99
S31508004EC03B63FA62F96A3A6B41E80023BB62BB6A44
S31508004ED0002BE6D17B681B6808333B613B6953E8C6
S31508004EE0003FFB60FB6823F00103BB647B681B681B
S31508004EF00833BA6CFA61BB61B969FA6941E80023FB
S31508004F007B617B69002BE5D17B682022C3F8802072
S31508004F107B68002283F87820032311E07B6820222F
S31508004F20DA677B682022C3F880207B6800221A662D
S31508004F307B6800225A667B68002283F87820002363
S31508004F4018465837BD4680BD80B584B000AFF860B6
S31508004F50B9603B601346FB714FE0BB69B3F1FF3F95
S31508004F604BD0FDF70DF802463B68D31ABA699A4248
S31508004F7002D3BB69002B01D103234EE0FB681B68F3
S31508004F801B6803F00403002B37D0BB68802B34D092
S31508004F90BB68402B31D0FB681B68DB6903F008034C
S31508004FA0082B10D1FB681B6808221A62F86800F003
S31508004FB038F8FB680822C3F88420FB68002283F8C7
S31508004FC07820012329E0FB681B68DB6903F400638A
S31508004FD0B3F5006F11D1FB681B684FF400621A62C3
S31508004FE0F86800F01EF8FB682022C3F88420FB68E6
S31508004FF0002283F8782003230FE0FB681B68DA6930
S31508005000BB681340BA689A420CBF01230023DBB27F
S315080050101A46FB799A42A0D0002318461037BD4697
S3150800502080BD80B495B000AF78607B681B687B63F1
S315080050307B6B53E8003F3B633B6B23F49073FB6445
S315080050407B681B681A46FB6C3B64FA63F96B3A6C1F
S3150800505041E80023BB63BB6B002BE6D17B681B686A
S3150800506008333B623B6A53E8003FFB61FB6923F068
S315080050700103BB647B681B680833BA6CFA62BB62BF
S31508005080B96AFA6A41E800237B627B6A002BE5D19C
S315080050907B681B6E012B18D17B681B68FB60FB685D
S315080050A053E8003FBB60BB6823F010037B647B6852
S315080050B01B681A467B6CBB617A617969BA6941E8F3
S315080050C000233B613B69002BE6D17B682022C3F8AD
S315080050D080207B6800221A667B6800229A6600BFD9
S315080050E05437BD465DF8047B7047000080B500AFB5
S315080050F00449054803F0C6F903461A46034B1A70D5
S3150800510000BF80BD9C0100201000002098010020EF
S3150800511080B400AF00231846BD465DF8047B70478F
S3150800512080B582B000AF0346FB71FB791846FBF7E2
S31508005130EFFE034618460837BD4680BD80B582B0E7
S3150800514000AF0346FB71FB791846FBF7C7FF03461A
S3150800515018460837BD4680BD80B584B000AFB96033
S315080051607A603B600346FB73F87B3B687A68B968EC
S31508005170FBF7CAFF034618461037BD4680BD80B503
S3150800518084B000AFB9607A603B600346FB73F87B76
S315080051903B687A68B968FCF721F803461846103761
S315080051A0BD4680BD80B582B000AF03463A60FB714C
S315080051B00B46BB71B979FB793A681846FCF792F841
S315080051C0034618460837BD4680BD000080B584B042
S315080051D000AF0346FB71FB79084A9B0013445B68E2
S315080051E05B68FA7905490A44127A104698470346D5
S315080051F0FB73FB7B18461037BD4680BDC8030020ED
S3150800520080B584B000AF0346FB710023FB73FB79BE
S315080052100D4AD35C002B11D1FB790B4A0121D154DD
S31508005220FB79094A9B0013445B681B68FA790649AF
S315080052300A44127A104698470346FB73FB7B1846C6
S315080052401037BD4680BD00BFC803002090B587B0A3
S3150800525000AFB9607A603B600346FB73FB7B0A4A82
S315080052609B0013445B689C68FB7B074A1344187AC7
S315080052703B687A68B968A0470346FB75FB7D184604
S315080052801C37BD4690BD00BFC803002090B587B047
S3150800529000AFB9607A603B600346FB73FB7B0A4A42
S315080052A09B0013445B68DC68FB7B074A1344187A47
S315080052B03B687A68B968A0470346FB75FB7D1846C4
S315080052C01C37BD4690BD00BFC803002080B584B01A
S315080052D000AF03463A60FB710B46BB71FB79094A7E
S315080052E09B0013445B681B69FA7906490A44107ADD
S315080052F0B9793A6898470346FB73FB7B184610371B
S31508005300BD4680BDC803002080B485B000AF786074
S315080053107B6801331B78FB81B7F90E301B021AB282
S315080053207B681B781BB213431BB2FB81FB891846AB
S315080053301437BD465DF8047B704780B485B000AF6E
S3150800534078607B6803331B78FB60FB681B027A680E
S31508005350023212781343FB60FB681B027A6801323B
S3150800536012781343FB60FB681B027A6812781343B2
S31508005370FB60FB6818461437BD465DF8047B70472A
S3150800538080B483B000AF78600B467B807B685A1C7C
S315080053907A607A88D2B21A707B881B0A7B807B680F
S315080053A05A1C7A607A88D2B21A7000BF0C37BD468A
S315080053B05DF8047B704780B483B000AF78603960CD
S315080053C07B685A1C7A603A68D2B21A703B681B0A24
S315080053D03B607B685A1C7A603A68D2B21A703B689E
S315080053E01B0A3B607B685A1C7A603A68D2B21A700C
S315080053F03B681B0A3B607B685A1C7A603A68D2B2E3
S315080054001A7000BF0C37BD465DF8047B704780B440
S3150800541087B000AFF860B9607A60FB687B61BB68EB
S315080054203B617B68002B0DD03A69531C3B617B6955
S31508005430591C796112781A707B68013B7B607B681E
S31508005440002BF1D100BF1C37BD465DF8047B7047C1
S3150800545080B487B000AFF860B9607A60FB687B619A
S315080054607B695A1C7A61BA68D2B21A707B68013BAA
S315080054707B607B68002BF3D100BF00BF1C37BD469D
S315080054805DF8047B704780B489B000AFF860B960F6
S315080054907A60FB68FB61BB68BB6100237B61FB69C3
S315080054A05A1CFA611B781946BB695A1CBA611B78E3
S315080054B0CB1A7B617B68013B7B607B68002B02D043
S315080054C07B69002BEBD07B6918462437BD465DF80F
S315080054D0047B704780B483B000AF7860396002E01F
S315080054E07B6801337B607B681B78002B05D07B6863
S315080054F01B781A463B689342F2D17B681B7818469C
S315080055000C37BD465DF8047B7047000080B485B053
S3150800551000AF786039600023BB60BB68FB6029E098
S31508005520274AFB681B0113441B68002B1DD0244A1D
S31508005530FB681B0113441A687B681B689A4216D1DC
S315080055401F4AFB681B01134404331A687B689B686F
S315080055509A420CD11A4AFB681B01134408331A688D
S315080055607B685B699A4202D107E00123BB60FB684E
S315080055700133FB60FB68012BD2D9FB68022B09D1EA
S31508005580BB68002B02D13B68022B01D1002310E037
S3150800559012230EE03B68002B08D1094AFB681B0161
S315080055A013440C331B88B3F5807F01D1102300E028
S315080055B0002318461437BD465DF8047B704700BFC4
S315080055C0A801002080B483B000AF00237B6002E00E
S315080055D07B6801337B607B68012B06D8094A7B68A8
S315080055E01B0113441B68002BF2D17B68022B14BFE6
S315080055F001230023DBB218460C37BD465DF8047B51
S31508005600704700BFA801002080B485B000AF78605D
S3150800561039600023FB601FE0414AFB681B01134405
S315080056201A687B681B689A4213D13D4AFB681B01BE
S31508005630134404331A687B689B689A4209D1384A2E
S31508005640FB681B01134408331A687B685B699A4236
S3150800565006D0FB680133FB60FB68012BDCD900E050
S3150800566000BFFB68022B32D10023FB6002E0FB6817
S315080056700133FB60FB68012B06D8294AFB681B012E
S3150800568013441B68002BF2D1FB68022B01D10023BF
S3150800569040E07B681A682249FB681B010B441A60C4
S315080056A07B689A681E49FB681B010B4404331A6021
S315080056B07B685A691A49FB681B010B4408331A6050
S315080056C0174AFB681B0113440C3300221A803B68F7
S315080056D0002B09D0124AFB681B0113440C331B88A4
S315080056E0002B01D0002315E03B68002B08D10C4A9B
S315080056F0FB681B0113440C331B8801339AB201E083
S315080057004FF480720649FB681B010B440C331A8060
S31508005710FB68013318461437BD465DF8047B7047AD
S31508005720A801002080B485B000AF78607B68013B93
S315080057307B607B68012B25D8174A7B681B011344BD
S315080057400C331B88FB81FB89B3F5807F01D10023CD
S31508005750FB81FB89002B02D0FB89013BFB810E4AAA
S315080057607B681B0113440C33FA891A80FB89002BCA
S3150800577005D1094A7B681B01134400221A600023DD
S315080057807B7301E002237B737B7B18461437BD4687
S315080057905DF8047B704700BFA801002080B485B07F
S315080057A000AF78600023FB6010E00D4AFB681B0120
S315080057B013441B687A689A4205D1094AFB681B019B
S315080057C0134400221A60FB680133FB60FB68012B57
S315080057D0EBD900BF00BF1437BD465DF8047B7047A0
S315080057E0A801002080B586B000AF78600023FB735F
S315080057F07B68DB78002B34D07B685B6B7B617B68CE
S3150800580058787B6803F1380101237A69FFF73EFD72
S315080058100346002B02D00123FB7322E07B6800229B
S31508005820DA707B689B6A7A69D21A7B681B6A9A4225
S3150800583017D27B689B783B6110E07B681B6A7A69A4
S3150800584013447B617B6858787B6803F13801012330
S315080058507A69FFF71BFD3B69013B3B613B69012BFD
S31508005860EBD8FB7B18461837BD4680BD80B584B09B
S3150800587000AF786039600023FB737B685B6B3A681E
S315080058809A421BD07868FFF7ADFF0346FB73FB7B94
S31508005890002B13D17B6858787B6803F13801012304
S315080058A03A68FFF7D3FC0346002B04D04FF0FF33CA
S315080058B03B600123FB737B683A685A63FB7B184697
S315080058C01037BD4680BD000080B584B000AF786053
S315080058D07868FFF787FF0346FB73FB7B002B59D1DC
S315080058E07B681B78032B49D17B681B79012B45D133
S315080058F07B6803F138007B689B891A460021FFF70D
S31508005900A7FD7B68383303F5FF734AF65521184619
S31508005910FFF736FD7B68383321491846FFF74BFDFC
S315080059207B68383303F5F2731E491846FFF743FDC3
S315080059307B68383303F5F4727B689B691946104611
S31508005940FFF739FD7B68383303F5F6727B685B69C8
S3150800595019461046FFF72FFD7B685B6A5A1C7B6861
S315080059605A637B6858787B6803F138017B685A6B01
S315080059700123FFF78BFC7B6800221A717B685B7832
S31508005980002200211846FFF7A1FC0346002B01D090
S315080059900123FB73FB7B18461037BD4680BD00BF4D
S315080059A0525261417272416180B483B000AF78602F
S315080059B039603B68023B3B607B68DB69023B3A68BF
S315080059C09A4201D3002308E07B685B891A463B6844
S315080059D003FB02F27B681B6B134418460C37BD4663
S315080059E05DF8047B704780B586B000AF7860396093
S315080059F07B681B683B613B68012B04D93B69DB6903
S31508005A003A689A4202D301237B61BAE04FF0FF332A
S31508005A107B613B691B78032B00F08280032B00F324
S31508005A20A680012B02D0022B55D0A0E03B68FB6074
S31508005A30FB685B08FA681344FB603B699A6A3B6932
S31508005A409B891946FB68B3FBF1F313441946386979
S31508005A50FFF70CFF0346002B40F08C80FB685A1CAE
S31508005A60FA603A699289B3FBF2F101FB02F29B1ADA
S31508005A703A69134493F83830BB603B699A6A3B69C4
S31508005A809B891946FB68B3FBF1F313441946386939
S31508005A90FFF7ECFE0346002B6ED13B699B891A463D
S31508005AA0FB68B3FBF2F101FB02F29B1A3A69134455
S31508005AB093F838301B02BA681343BB603B6803F09F
S31508005AC00103002B02D0BB681B0902E0BB68C3F3C5
S31508005AD00B037B6155E03B699A6A3B699B895B08C6
S31508005AE09BB219463B68B3FBF1F313441946386970
S31508005AF0FFF7BCFE0346002B40D13B6903F1380192
S31508005B003B685B003A699289B3FBF2F000FB02F24C
S31508005B109B1A0B441846FFF7F7FB03467B6130E0F8
S31508005B203B699A6A3B699B899B089BB219463B6805
S31508005B30B3FBF1F3134419463869FFF797FE03469A
S31508005B40002B1DD13B6903F138013B689B003A697C
S31508005B509289B3FBF2F000FB02F29B1A0B4418463B
S31508005B60FFF7EBFB034623F070437B6109E0012353
S31508005B707B6106E000BF04E000BF02E000BF00E072
S31508005B8000BF7B6918461837BD4680BD90B589B0F9
S31508005B9000AFF860B9607A600223FB77BB68012B17
S31508005BA040F20981FB68DB69BA689A4280F0038192
S31508005BB0FB681B78032B00F0B680032B00F3FB80F1
S31508005BC0012B03D0022B00F08380F4E0BB68BB6195
S31508005BD0BB695B08BA691344BB61FB689A6AFB68D0
S31508005BE09B891946BB69B3FBF1F313441946F86858
S31508005BF0FFF73CFE0346FB77FB7F002B40F0D48083
S31508005C00FB6803F13801BB695A1CBA61FA689289C4
S31508005C10B3FBF2F000FB02F29B1A0B447B61BB68F4
S31508005C2003F00103002B0DD07B691B785BB203F0F0
S31508005C300F035AB27B685BB21B015BB213435BB2BC
S31508005C40DBB201E07B68DBB27A691370FB6801227C
S31508005C50DA70FB689A6AFB689B891946BB69B3FBCD
S31508005C60F1F313441946F868FFF700FE0346FB777D
S31508005C70FB7F002B40F09A80FB6803F13801FB6834
S31508005C809B891A46BB69B3FBF2F000FB02F29B1A2A
S31508005C900B447B61BB6803F00103002B03D07B68D0
S31508005CA01B09DBB20EE07B691B785BB223F00F039E
S31508005CB05AB27B681B0A5BB203F00F035BB213434D
S31508005CC05BB2DBB27A691370FB680122DA7072E0A4
S31508005CD0FB689A6AFB689B895B089BB21946BB6896
S31508005CE0B3FBF1F313441946F868FFF7BFFD034603
S31508005CF0FB77FB7F002B5BD1FB6803F13801BB68A0
S31508005D005B00FA689289B3FBF2F000FB02F29B1A79
S31508005D100B447A6892B211461846FFF731FBFB68C6
S31508005D200122DA7047E0FB689A6AFB689B899B0840
S31508005D309BB21946BB68B3FBF1F313441946F868DE
S31508005D40FFF794FD0346FB77FB7F002B32D17B6878
S31508005D5023F07044FB6803F13801BB689B00FA68BE
S31508005D609289B3FBF2F000FB02F29B1A0B44184629
S31508005D70FFF7E3FA034603F0704323437B60FB68AF
S31508005D8003F13801BB689B00FA689289B3FBF2F00D
S31508005D9000FB02F29B1A0B4479681846FFF70BFBC7
S31508005DA0FB680122DA7006E000BF04E000BF02E0EB
S31508005DB000BF00E000BFFB7F18462437BD4690BDF4
S31508005DC080B588B000AFF860B9607A600023FB77C9
S31508005DD0FB681B68BB61BB68012B04D9BB69DB691F
S31508005DE0BA689A4201D302234BE07B68002B0CD099
S31508005DF04FF0FF327968B869FFF7C8FE0346FB77AC
S31508005E00FB7F002B01D0FB7F3BE0B968F868FFF702
S31508005E10EAFD78617B69002B31D07B69012B01D1C2
S31508005E2002232EE07B69B3F1FF3F01D1012328E06D
S31508005E300022B968B869FFF7A9FE0346FB77FB7F1E
S31508005E40002B01D0FB7F1CE0BB699A69BB69DB6943
S31508005E50023B9A420BD2BB699B695A1CBB699A6181
S31508005E60BB691B7943F00103DAB2BB691A717B6916
S31508005E70BB60BB69DB69BA689A42C6D300E000BF5B
S31508005E80002318462037BD4680BD80B588B000AFD0
S31508005E90786039607B681B683B613B68002B0DD1D5
S31508005EA03B695B69BB61BB69002B04D03B69DB6955
S31508005EB0BA699A421BD30123BB6118E0396878682E
S31508005EC0FFF791FDF860FB68012B01D8012370E00C
S31508005ED0FB68B3F1FF3F01D1FB686AE03B69DB6908
S31508005EE0FA689A4201D2FB6863E03B68BB61BB690A
S31508005EF0FB61FB690133FB613B69DB69FA699A421D
S31508005F0007D30223FB61FA69BB699A4201D90023C8
S31508005F104FE0F9697868FFF766FDF860FB68002BC3
S31508005F200ED0FB68012B03D0FB68B3F1FF3F01D10C
S31508005F30FB683EE0FA69BB699A42DAD1002338E089
S31508005F4000BF4FF0FF32F9693869FFF71FFE0346B5
S31508005F50FB75FB7D002B09D13B68002B06D0FA693F
S31508005F6039683869FFF712FE0346FB75FB7D002B7F
S31508005F7016D13B69FA695A613B699A693B69DB69DB
S31508005F80023B9A4204D83B699B695A1E3B699A614F
S31508005F903B691B7943F00103DAB23B691A7107E0E2
S31508005FA0FB7D012B02D14FF0FF3300E00123FB619B
S31508005FB0FB6918462037BD4680BD80B487B000AF60
S31508005FC0786039607B681B68FB607B68DB6A043332
S31508005FD03B61FB689B891A463B68B3FBF2F3FA6898
S31508005FE05289B3FBF2F37B613B691A1D3A611B6860
S31508005FF0BB60BB68002B01D1002310E07A69BB683F
S315080060009A4207D37A69BB68D31A7B613B69043322
S315080060103B61E9E700BF3B691A687B691344184688
S315080060201C37BD465DF8047B704780B586B000AF67
S31508006030786039607B681B683B613B68B3F5001F75
S3150800604004D23B6803F01F03002B01D0022371E042
S315080060507B683A685A617B689B687B617B69002B21
S3150800606006D13B691B78022B02D93B69DB6A7B6147
S315080060707B69002B0CD13B685B093A69128993420C
S3150800608001D3022356E03B69DA6A7B68DA612DE0C0
S315080060903B695B891A463B699B8902FB03F3FB60F4
S315080060A019E07B6879691846FFF79DFC78617B697A
S315080060B0B3F1FF3F01D101233CE07B69012B04D9F1
S315080060C03B69DB697A699A4201D3022332E03A686E
S315080060D0FB68D31A3B603A68FB689A42E1D2796951
S315080060E03869FFF761FC02467B68DA617B687A6982
S315080060F09A617B68DB69002B01D102231AE07B6871
S31508006100DA693B699B8919463B68B3FBF1F31A4484
S315080061107B68DA613B6903F138013B699B891A465A
S315080061203B68B3FBF2F000FB02F29B1ACA187B68C5
S315080061301A62002318461837BD4680BD80B586B05A
S3150800614000AF786039607B681B68FB607B685B69B9
S315080061502033BB607B68DB69002B03D0BB68B3F5D3
S31508006160001F01D30423BBE0FB689B891A46BB6862
S31508006170B3FBF2F101FB02F29B1A002B40F09D8063
S315080061807B68DB695A1C7B68DA617B689B69002B34
S315080061900BD1BB685B09FA6812899342C0F08D80FF
S315080061A07B680022DA6104239AE0FB689B891A4619
S315080061B0BB68B3FBF2F3FA685289013A1340002B25
S315080061C07BD17A687B689B6919461046FFF70BFCFA
S315080061D078617B69012B01D8022381E07B69B3F1E1
S315080061E0FF3F01D101237BE0FB68DB697A699A42AC
S315080061F059D33B68002B04D17B680022DA6104235B
S315080062006EE07A687B689B6919461046FFF73DFE83
S3150800621078617B69002B01D1072361E07B69012B3B
S3150800622001D102235CE07B69B3F1FF3F01D1012371
S3150800623056E0F868FFF7D6FA0346002B01D001238B
S315080062404EE0FB6803F13800FB689B891A4600217B
S31508006250FFF7FEF800233B617969F868FFF7A4FBAE
S315080062600246FB685A6312E0FB680122DA70F86896
S31508006270FFF7B8FA0346002B01D0012330E03B694B
S3150800628001333B61FB685B6B5A1CFB685A63FB680E
S315080062905B891A463B699342E6D3FB685A6B3B69AE
S315080062A0D21AFB685A637B687A699A617969F868D1
S315080062B0FFF77AFB02467B68DA617B68BA685A613F
S315080062C0FB6803F13801FB689B891A46BB68B3FB78
S315080062D0F2F000FB02F29B1ACA187B681A620023C6
S315080062E018461837BD4680BD80B586B000AF7860C1
S315080062F039607B681B68FB6000217868FFF795FEAC
S315080063000346FB75FB7D002B2BD100233B617B6885
S31508006310DB691946F868FFF7A9FA0346FB75FB7DA2
S31508006320002B1DD17B681B6A1B78E52B04D07B6884
S315080063301B6A1B78002B07D13B6901333B613A691D
S315080063403B689A4202D10CE000233B610121786840
S31508006350FFF7F4FE0346FB75FB7D002BD7D000E064
S3150800636000BFFB7D042B01D10723FB75FB7D184677
S315080063701837BD4680BD80B584B000AF78603960F7
S315080063803B681A331846FEF7BFFF0346FB607B6877
S315080063901B78032B09D13B6814331846FEF7B4FF64
S315080063A003461B04FA681343FB60FB68184610375C
S315080063B0BD4680BD80B584B000AFF860B9607A602C
S315080063C0BB681A337A6892B211461846FEF7D8FFA8
S315080063D0FB681B78032B09D1BB6803F114027B68A1
S315080063E01B0C9BB219461046FEF7CAFF00BF1037B2
S315080063F0BD4680BD90B587B000AF786039603B6810
S315080064001A331846FEF780FF0346002B01D00023F7
S3150800641059E03B681B7803F03F035A1E13465B009E
S3150800642013449B0013447B610123FB8100233B61DA
S3150800643033E0274A3B6913441B781A463B681344E2
S315080064401846FEF761FF0346BB81FB89002B1AD06D
S315080064507B69FE2B12D8BB89184602F05FF8034603
S315080064601C467B695A1C7A615B007A6813441B8850
S31508006470184602F053F803469C4201D0002322E056
S31508006480BB89FB8106E0BB894FF6FF72934201D0B8
S31508006490002318E03B6901333B613B690C2BC8D9E3
S315080064A03B681B7803F04003002B0BD0FB89002BBD
S315080064B008D07B695B007A6813441B88002B01D0DF
S315080064C0002300E0012318461C37BD4690BD00BFD7
S315080064D0D097000880B588B000AFF860B96011465B
S315080064E01A460B46FB711346BB71BB680D33BA7966
S315080064F01A70BB680B330F221A70BB680C33002264
S315080065001A70BB681A3300211846FEF739FFFB7963
S315080065105A1E13465B0013449B001344FB61002379
S31508006520FB820023BB61FB8A4FF6FF72934207D0BA
S31508006530FB695A1CFA615B00FA6813441B88FB82E4
S31508006540174ABB6913441B781A46BB681344FA8A70
S3150800655011461846FEF714FFFB8A002B02D14FF6A8
S31508006560FF73FB82BB690133BB61BB690C2BDAD9AC
S31508006570FB8A4FF6FF72934206D0FB695B00FA6806
S3150800658013441B88002B03D1FB7943F04003FB71AE
S31508006590BB68FA791A7000BF2037BD4680BD00BFB8
S315080065A0D097000880B58CB000AFF860B9607A6003
S315080065B03B600B22B968F868FEF729FF3B68052B94
S315080065C02BD93B68FB6122E07B689A1C7A601B88A2
S315080065D07B840023BB6217E0FB695A007B8C03F0BF
S315080065E001031344FB617B8C5B087B84FB6903F422
S315080065F08033002B05D0FB6983F4883383F02103AD
S31508006600FB61BB6A0133BB62BB6A0F2BE4D97B68AB
S315080066101B88002BD8D1FB693B600723BB623B680C
S31508006620DBB203F00F03DBB2303387F82F3097F86D
S315080066302F30392B04D997F82F30073387F82F30A6
S31508006640BB6A5A1EBA6230333B4497F82F2003F8C8
S315080066501C2C3B681B093B603B68002BDFD107F10C
S315080066601402BB6A13447E221A7000237B6202E07E
S315080066707B6A01337B627A6ABB6A9A4205D2FA68F8
S315080066807B6A13441B78202BF2D1BB6A072B07D8E9
S31508006690BB6A5A1CBA6230333B4413F81C1C00E030
S315080066A020217B6A5A1C7A62FA6813440A461A70D1
S315080066B07B6A072BE9D900BF00BF3037BD4680BDCE
S315080066C080B485B000AF78600023FB730B23BB60F2
S315080066D0FB7BDAB25208DB011343DAB27B68591C3A
S315080066E079601B781344FB73BB68013BBB60BB68CE
S315080066F0002BEDD1FB7B18461437BD465DF8047BAD
S31508006700704780B586B000AF78607B681B683B61D0
S3150800671000217868FFF789FC0346FB75FB7D002B93
S3150800672001D0FB7DA9E0FF233B753B7D7B757B682C
S315080067304FF0FF321A637B68DB6919463869FFF741
S3150800674095F80346FB75FB7D002B40F090807B682F
S315080067501B6A1B78BB75BB7D002B02D10423FB7516
S315080067608AE07B681B6A0B331B7803F03F03FB73D5
S315080067707B68FA7B9A71BB7DE52B07D0FB7B03F020
S315080067800803002B09D0FB7B0F2B06D0FF237B7554
S315080067907B684FF0FF321A635EE0FB7B0F2B36D126
S315080067A07B6893F82F3003F04003002B54D1BB7D50
S315080067B003F04003002B0DD07B681B6A5B7B3B759F
S315080067C0BB7D23F04003BB75BB7D7B757B685A692F
S315080067D07B681A63BA7D7B7D9A4215D17B681B6AF2
S315080067E00D331B783A7D9A420ED13B691A697B684C
S315080067F01B6A19461046FFF7FDFD0346002B03D01A
S315080068007B7D013BDBB200E0FF237B7524E07B7DCB
S31508006810002B09D17B681B6A1846FFF751FF034610
S315080068201A463B7D934224D07B6893F82F3003F0B9
S315080068300103002B0AD17B68186A7B6824330B2274
S315080068401946FEF720FE0346002B14D0FF237B755E
S315080068507B684FF0FF321A6300217868FFF76EFCF9
S315080068600346FB75FB7D002B3FF465AF04E000BFD4
S3150800687002E000BF00E000BFFB7D18461837BD46A2
S3150800688080BD000080B58CB000AF78607B681B685F
S31508006890FB617B6893F82F3003F0A003002B01D02F
S315080068A00623E0E000237B6202E07B6A01337B6219
S315080068B0FB691A697B6A5B0013441B88002BF4D1B9
S315080068C07B6803F1240107F10C030C221846FEF736
S315080068D09EFDFB7D03F00103002B32D07B6840222E
S315080068E083F82F200123BB6216E07B6803F124009E
S315080068F0FB691A6907F10C01BB6AFFF753FE786852
S31508006900FFF7FFFE034687F82F3097F82F30002B46
S3150800691006D1BB6A0133BB62BB6A632BE5D900E0CB
S3150800692000BFBB6A642B01D107239CE097F82F3080
S31508006930042B02D097F82F3095E0FA7D7B6883F810
S315080069402F20FB7D03F00203002B07D07B6A0C3354
S31508006950474AA2FB03239B08013300E001233B625D
S31508006960396A7868FFF7C0FC034687F82F3097F82E
S315080069702F30002B48D13B6A013B3B623B6A002B18
S3150800698042D07B685A693B6A5B01D31A1946786814
S31508006990FFF74BFB034687F82F3097F82F30002B6D
S315080069A032D17B6824331846FFF78AFE0346FB7606
S315080069B07B68DB691946F869FEF758FF034687F8CE
S315080069C02F3097F82F30002B1DD1FB6918697B688B
S315080069D0196A3B6ADAB2FB7EFFF77CFDFB69012286
S315080069E0DA7000217868FFF7A9FB034687F82F308D
S315080069F097F82F30002B07D13B6A013B3B623B6A75
S31508006A00002BD5D100E000BF97F82F30002B28D1F6
S31508006A107B68DB691946F869FEF728FF034687F89D
S31508006A202F3097F82F30002B1BD17B681B6A20224A
S31508006A3000211846FEF70CFD7B68186A7B6824332C
S31508006A400B221946FEF7E3FC7B6893F82F207B6838
S31508006A501B6A0C3302F01802D2B21A70FB690122C3
S31508006A60DA7097F82F3018463037BD4680BD00BF1C
S31508006A704FECC44E80B58AB000AF786039603B6889
S31508006A801B683B617B681B681B69FB6000237B6195
S31508006A907B69BB61BB695A1CBA613A6913441B78A6
S31508006AA0BB84BB8C1F2B40D9BB8C2F2B06D0BB8C31
S31508006AB05C2B10D102E0BB690133BB613A69BB6943
S31508006AC013441B782F2BF6D03A69BB6913441B78FD
S31508006AD05C2BF0D02AE07B69FE2B01D906237DE1E9
S31508006AE0BB8CDBB2BB84BB8C0121184601F0DAFCF7
S31508006AF00346BB84BB8C002B01D106236EE1BB8CFD
S31508006B007F2B09D8BB8C19468D48FEF7E3FC034654
S31508006B10002B01D0062361E17B695A1C7A615B0070
S31508006B20FA681344BA8C1A80B4E700BF3A69BB699D
S31508006B301A443B681A60BB8C1F2B01D8042300E05B
S31508006B40002387F8273011E07B6903F10043013BF6
S31508006B505B00FA6813441B88BB84BB8C202B02D0CD
S31508006B60BB8C2E2B06D17B69013B7B617B69002B95
S31508006B70EAD100E000BF7B695B00FA681344002293
S31508006B801A807B69002B01D1062327E17B68243311
S31508006B900B2220211846FEF75BFC0023BB6102E0AE
S31508006BA0BB690133BB61BB695B00FA6813441B8888
S31508006BB0202BF5D0BB695B00FA6813441B882E2B83
S31508006BC0EED0BB69002B09D097F8273043F00303B2
S31508006BD087F8273002E07B69013B7B617B69002BE4
S31508006BE009D07B6903F10043013B5B00FA68134453
S31508006BF01B882E2BEFD1002387F8263000233B6213
S31508006C000823FB61BB695A1CBA615B00FA68134426
S31508006C101B88BB84BB8C002B00F09080BB8C202B80
S31508006C2006D0BB8C2E2B0AD1BA697B699A4206D04C
S31508006C3097F8273043F0030387F827307DE03A6A50
S31508006C40FB699A4203D2BA697B699A4223D1FB69E6
S31508006C500B2B06D197F8273043F0030387F8273024
S31508006C6075E0BA697B699A4205D097F8273043F0F0
S31508006C70030387F82730BA697B699A4266D87B6925
S31508006C80BB6108233B620B23FB6197F826309B0008
S31508006C9087F8263051E0BB8C7F2B14D9BB8C00219A
S31508006CA0184601F0FFFB0346BB84BB8C002B04D0BF
S31508006CB0BB8C803B234AD35CBB8497F8273043F0D0
S31508006CC0020387F82730BB8C002B07D0BB8C1946EC
S31508006CD01D48FEF7FFFB0346002B08D05F23BB8445
S31508006CE097F8273043F0030387F827301BE0BB8C5F
S31508006CF0402B09D9BB8C5A2B06D897F8263043F077
S31508006D00020387F826300EE0BB8C602B0BD9BB8CB0
S31508006D107A2B08D897F8263043F0010387F82630EF
S31508006D20BB8C203BBB843B6A5A1C3A62BA8CD1B2F4
S31508006D307A6813440A4683F8242063E700BF06E00E
S31508006D40C096000850970008CC96000800BF7B68DC
S31508006D5093F82430E52B03D17B68052283F8242099
S31508006D60FB69082B04D197F826309B0087F8263054
S31508006D7097F8263003F00C030C2B05D097F826302D
S31508006D8003F00303032B05D197F8273043F00203DA
S31508006D9087F8273097F8273003F00203002B17D11E
S31508006DA097F8263003F00303012B05D197F827300F
S31508006DB043F0100387F8273097F8263003F00C03C2
S31508006DC0042B05D197F8273043F0080387F82730B6
S31508006DD07B6897F8272083F82F2000231846283742
S31508006DE0BD4680BD80B586B000AF786039607B68E7
S31508006DF03B613B691B68FB6002E03B6801333B6013
S31508006E003B681B782F2BF8D03B681B785C2BF4D09B
S31508006E103B6900229A603B681B781F2B0AD87B685F
S31508006E20802283F82F2000217868FFF7FEF80346B2
S31508006E30FB7548E03B4619467868FFF71BFE034694
S31508006E40FB75FB7D002B39D17868FFF75AFC0346A2
S31508006E50FB757B6893F82F30FB72FB7D002B0AD0FD
S31508006E60FB7D042B2CD1FB7A03F00403002B27D1DE
S31508006E700523FB7524E0FB7A03F00403002B21D1DC
S31508006E803B699B7903F01003002B02D10523FB75A0
S31508006E9019E0FB6803F138017B685B69FA68928937
S31508006EA0B3FBF2F000FB02F29B1A0B441946F86892
S31508006EB0FFF761FA02463B699A60BBE700BF02E04A
S31508006EC000BF00E000BFFB7D18461837BD4680BDF1
S31508006ED080B487B000AF78604FF0FF333B617B68C2
S31508006EE01B68002B31D07B681B687B6102E07B69DD
S31508006EF001337B617B691B781F2B03D97B691B7860
S31508006F003A2BF4D17B691B783A2B1CD17B681B681A
S31508006F10FB60FB685A1CFA601B78303BBB60BB6899
S31508006F20092B0ED8FA687B699A420AD1BB68002BEE
S31508006F3007D1BB683B617B6901337B617B687A69F2
S31508006F401A603B6902E000233B613B6918461C371F
S31508006F50BD465DF8047B704780B582B000AF7860A7
S31508006F6039607B680022DA707B684FF0FF325A631B
S31508006F7039687868FEF77AFC0346002B01D00423AB
S31508006F8038E07B68383303F5FF731846FEF7BCF91B
S31508006F9003461A464AF655239A4201D0032329E0A6
S31508006FA07B6893F83830E92B09D07B6893F838303A
S31508006FB0EB2B1ED17B6893F83A30902B19D17B685E
S31508006FC0383336331846FEF7B8F9034623F07F43BD
S31508006FD00A4A934201D100230CE07B6838335233C6
S31508006FE01846FEF7AAF90346054A934201D100233B
S31508006FF000E0022318460837BD4680BD46415400C6
S315080070004641543380B596B000AFF860B960134670
S31508007010FB71BB6800221A60F868FFF759FFF8632E
S31508007020FB6B002B01DA0B2365E29F4AFB6B52F8D8
S315080070302330BB63BB6B002B01D10C235BE2BB681F
S31508007040BA6B1A60FB7923F00103FB71BB6B1B78E3
S31508007050002B1AD0BB6B5B781846FEF7B7F80346C9
S3150800706087F8373097F8373003F00103002B0CD137
S31508007070FB79002B07D097F8373003F00403002B71
S3150800708001D00A2337E2002335E2BB6B00221A70CF
S31508007090FB6BDAB2BB6B5A70BB6B5B781846FEF7B4
S315080070A0AFF8034687F8373097F8373003F001030F
S315080070B0002B01D003231EE2FB79002B07D097F89B
S315080070C0373003F00403002B01D00A2313E2BB6B0D
S315080070D05878BB6B0C331A460221FEF7F7F80346BD
S315080070E0002B01D0012306E2BB6B9B89B3F5805FB9
S315080070F00DD8BB6B9B89B3F5007F08D3BB6B9B8907
S315080071001A46BB6B9B89013B1340002B01D0012318
S31508007110F1E100233B65396DB86BFFF71DFF0346A8
S3150800712087F8573097F85730022B49D100233B642C
S315080071301EE0BB6B03F138023B6C1B0103F5DF73E2
S3150800714013443B633B6B04331B78002B06D03B6B25
S3150800715008331846FEF7F1F8024600E000223B6CB9
S315080071609B0058333B4443F8442C3B6C01333B6447
S315080071703B6C032BDDD900233B643B6C002B02D010
S315080071803B6C013B3B643B6C9B0058333B4453F8D8
S31508007190443C3B653B6D002B05D0396DB86BFFF75A
S315080071A0DBFE034600E0032387F8573097F857308D
S315080071B0012B05D93B6C01333B643B6C032BE2D9AD
S315080071C097F85730042B01D1012394E197F85730EB
S315080071D0012B01D90D238EE1BB6B38330B331846CF
S315080071E0FEF792F803461A46BB6B9B899A4201D072
S315080071F00D2380E1BB6B383316331846FEF784F847
S315080072000346FB64FB6C002B06D1BB6B3833243377
S315080072101846FEF792F8F864BB6BFA6C1A62BB6BF9
S3150800722093F84820BB6B9A70BB6B9B78012B05D0F3
S31508007230BB6B9B78022B01D00D235CE1BB6B9B7863
S315080072401A46FB6C02FB03F3FB64BB6B93F84530F1
S315080072501A46BB6B5A81BB6B5B89002B08D0BB6B8C
S315080072605B891A46BB6B5B89013B1340002B01D037
S315080072700D2340E1BB6B383311331846FEF744F84B
S3150800728003461A46BB6B1A81BB6B1B89BA6B92897C
S31508007290520992B2B3FBF2F101FB02F29B1A9BB2BE
S315080072A0002B03D00D2326E1A0010020BB6B383349
S315080072B013331846FEF728F80346BB64BB6C002B4D
S315080072C006D1BB6B383320331846FEF736F8B86458
S315080072D0BB6B38330E331846FEF716F80346FB85A4
S315080072E0FB8D002B01D10D2305E1FA8DFB6C1344B0
S315080072F0BA6B1189BA6B9289520992B2B1FBF2F252
S3150800730092B21344BB62BA6CBB6A9A4201D20D238D
S31508007310F1E0BA6CBB6AD31ABA6B5289B3FBF2F3C3
S315080073207B627B6A002B01D10D23E4E0032387F8F7
S3150800733057307B6A4FF6F572934202D8022387F8D4
S3150800734057307B6A40F6F572934202D8012387F8D4
S3150800735057307B6A9A1CBB6BDA61BB6B3A6D5A6213
S31508007360FA8D3B6D1A44BB6B9A623A6DBB6A1A4436
S31508007370BB6B1A6397F85730032B1ED1BB6B383398
S315080073802A331846FDF7C0FF0346002B01D00D230C
S31508007390B1E0BB6B1B89002B01D00D23ABE0BB6BA7
S315080073A038332C331846FDF7C8FF0246BB6BDA6242
S315080073B0BB6BDB699B007B641FE0BB6B1B89002BE7
S315080073C001D10D2397E0BB6B9A6AFB6C1A44BB6B21
S315080073D0DA6297F85730022B03D1BB6BDB695B0087
S315080073E00AE0BB6BDA6913465B0013445A08BB6BA9
S315080073F0DB6903F0010313447B64BB6B1A6ABB6B3E
S315080074009B8919467B6C0B44013BB96B8989B3FB95
S31508007410F1F39A4201D20D236DE0BB6B4FF0FF32B8
S315080074209A61BB6B9A69BB6B5A61BB6B80221A71F6
S3150800743097F85730032B49D1BB6B3833303318468E
S31508007440FDF762FF0346012B40D13B6D0133194618
S31508007450B86BFEF70BFA0346002B37D1BB6B00223D
S315080074601A71BB6B383303F5FF731846FDF74CFFEB
S3150800747003461A464AF655239A4227D1BB6B383338
S315080074801846FDF75AFF03461D4A93421ED1BB6BA9
S31508007490383303F5F2731846FDF74FFF0346194ACA
S315080074A0934213D1BB6B383303F5F4731846FDF7D3
S315080074B044FF0246BB6B9A61BB6B383303F5F67320
S315080074C01846FDF73AFF0246BB6B5A61BB6B97F845
S315080074D057201A700C4B1B8801339AB20A4B1A8034
S315080074E0094B1A88BB6BDA80BB6B084A1A61B86B02
S315080074F0FEF754F9002318465837BD4680BD00BF2D
S315080075005252614172724161A4010020C8010020F3
S3150800751080B584B000AF786039600923FB737B6857
S31508007520002B1CD07B681B68002B18D07B681B6857
S315080075301B78002B13D07B689A887B681B68DB88CE
S315080075409A420CD17B681B685B781846FDF73EFEAD
S31508007550034603F00103002B01D10023FB73FB7BD9
S31508007560002B02D17B681B6800E000233A68136091
S31508007570FB7B18461037BD4680BD000080B588B035
S3150800758000AFF860B9601346FB71BB683B6107F151
S3150800759010031846FFF79CFCF861FB69002B01DA1B
S315080075A00B232BE0174AFB6952F82330BB61BB69F2
S315080075B0002B05D0B869FEF7F1F8BB6900221A70EE
S315080075C0FB68002B02D0FB6800221A70FA680D4986
S315080075D0FB6941F82320FB68002B02D0FB79012BBD
S315080075E001D000230AE007F10C0107F10803002285
S315080075F01846FFF707FD0346FB75FB7D184620373F
S31508007600BD4680BDA001002080B59AB000AFF860E5
S31508007610B9601346FB71FB68002B01D10923B7E15A
S31508007620FB7903F03F03FB71FA7907F1140107F1BF
S3150800763008031846FFF7E6FC034687F8673097F80D
S315080076406730002B40F09B817B69BB61BA6807F104
S31508007650180311461846FFF7C5FB034687F8673037
S3150800766097F86730002B18D197F847305BB2002B94
S3150800767003DA062387F867300FE0FB79012B8CBF06
S3150800768001230023DBB21A4607F1180311461846F0
S31508007690FDF73CFF034687F86730FB7903F01C03C8
S315080076A0002B7FD097F86730002B17D097F86730F4
S315080076B0042B0ED1FDF786FF0346002B06D007F1F3
S315080076C018031846FFF7DEF8034600E0122387F88A
S315080076D06730FB7943F00803FB7110E0BB7F03F0CA
S315080076E01103002B03D0072387F8673007E0FB79DF
S315080076F003F00403002B02D0082387F8673097F8B5
S315080077006730002B68D1FB7903F00803002B63D0A0
S31508007710FDF7FEFCB865BB6B0E33B96D1846FDF771
S315080077204AFEBB6B1633B96D1846FDF744FEBB6BB4
S315080077300B3320221A707B69BA6B11461846FEF77E
S315080077401AFE78657B69B96B00221846FEF732FE89
S31508007750BB6B1C3300211846FDF72DFE7B69012201
S31508007760DA707B6D002B37D07B695B6BBB6507F1E5
S3150800777018030022796D1846FEF722FB034687F8A0
S31508007780673097F86730002B26D17B69B96D1846A4
S31508007790FEF76CF8034687F867307B697A6D013A1D
S315080077A05A6119E097F86730002B15D1BB7F03F0B3
S315080077B01003002B03D0042387F867300CE0FB790D
S315080077C003F00203002B07D0BB7F03F00103002B55
S315080077D002D0072387F8673097F86730002B26D141
S315080077E0FB7903F00803002B03D0FB7943F0400331
S315080077F0FB717B695A6BFB685A62BA6BFB689A62C3
S31508007800FB79012B8CBF01230023DBB21A4607F153
S31508007810180311461846FDF7F7FE0246FB681A617B
S31508007820FB681B69002B02D1022387F8673097F89B
S315080078306730002B40F0A3807B69BA6B1146184667
S31508007840FEF799FD0246FB689A60BB6B1C33184627
S31508007850FDF773FD0246FB68DA60FB680022DA6210
S315080078607A69FB681A607B69DA88FB689A80FB6824
S31508007870FA791A75FB6800225A75FB6800221A62A3
S31508007880FB6800229A61FB6830334FF4805200216E
S315080078901846FDF7DDFDFB7903F02003002B6ED0BB
S315080078A0FB68DB68002B6AD0FB68DA68FB689A61BC
S315080078B07B695B891A467B699B8902FB03F33B65F7
S315080078C0FB689B683B66FB68DB68FB6516E0FB6844
S315080078D0396E1846FEF787F838663B6E012B02D8D4
S315080078E0022387F867303B6EB3F1FF3F02D10123CD
S315080078F087F86730FA6D3B6DD31AFB6597F86730E2
S31508007900002B03D1FA6D3B6D9A42E0D8FB683A6EBC
S31508007910DA6197F86730002B31D17B699B891A4663
S31508007920FB6DB3FBF2F101FB02F29B1A002B26D08A
S315080079307B69396E1846FEF737F8F864FB6C002B3E
S3150800794003D1022387F8673019E07B699B891A46B9
S31508007950FB6DB3FBF2F2FB6C1A44FB681A627B6997
S315080079605878FB6803F13001FB681A6A0123FDF7B2
S315080079706DFC0346002B02D0012387F8673097F881
S315080079806730002B02D0FB6800221A6097F8673030
S3150800799018466837BD4680BD80B58EB000AFF86022
S315080079A0B9607A603B60BB687B623B6800221A60FC
S315080079B0FB6807F1140211461846FFF7A9FD0346AE
S315080079C087F8373097F83730002B07D1FB685B7D8F
S315080079D087F8373097F83730002B02D097F83730CA
S315080079E035E1FB681B7D03F00103002B01D107235A
S315080079F02DE1FB68DA68FB689B69D31A3B627A68F3
S31508007A003B6A9A4240F21E813B6A7B601AE1FB6838
S31508007A109B697A699289B3FBF2F101FB02F29B1A20
S31508007A20002B40F0D580FB689B697A699289B3FB85
S31508007A30F2F37A695289013A1340FB61FB69002B1C
S31508007A402FD1FB689B69002B03D1FB689B683B63BE
S31508007A5013E0FB68DB6A002B07D0FB689B691946B5
S31508007A60F868FEF7AAFA386307E0FA68FB68DB6984
S31508007A7019461046FDF7B7FF38633B6B012B04D850
S31508007A80FB6802225A750223E1E03B6BB3F1FF3F24
S31508007A9004D1FB6801225A750123D8E0FB683A6BCA
S31508007AA0DA617A69FB68DB6919461046FDF77CFFDF
S31508007AB0B861BB69002B04D1FB6802225A75022300
S31508007AC0C5E0BA69FB691344BB617B699B891A46A1
S31508007AD07B68B3FBF2F3BB62BB6A002B41D0FA6941
S31508007AE0BB6A13447A695289934205D97B695B89D3
S31508007AF01A46FB69D31ABB627B695878BB6ABA69AE
S31508007B00796AFDF7A3FB0346002B04D0FB68012224
S31508007B105A7501239BE0FB681B7D5BB2002B18DAC4
S31508007B20FB681A6ABB69D31ABA6A9A4211D9FB6802
S31508007B301A6ABB69D31A7A69928902FB03F37A6ACD
S31508007B40D018FB6803F130017B699B891A46FDF75B
S31508007B505EFC7B699B891A46BB6A02FB03F3FB62E0
S31508007B605CE0FB681B6ABA699A422ED0FB681B7DEB
S31508007B705BB2002B18DA7B695878FB6803F1300191
S31508007B80FB681A6A0123FDF781FB0346002B04D024
S31508007B90FB6801225A75012359E0FB681B7D03F037
S31508007BA07F03DAB2FB681A757B695878FB6803F1BC
S31508007BB030010123BA69FDF749FB0346002B04D0BF
S31508007BC0FB6801225A75012341E0FB68BA691A620B
S31508007BD07B699B891846FB689B697A699289B3FB1E
S31508007BE0F2F101FB02F29B1AC31AFB62FA6A7B687E
S31508007BF09A4201D97B68FB62FB6803F13001FB6896
S31508007C009B697A699289B3FBF2F000FB02F29B1A30
S31508007C100B44FA6A1946786AFDF7F9FB7A6AFB6A31
S31508007C2013447B62FB689A69FB6A1A44FB689A618B
S31508007C303B681A68FB6A1A443B681A607A68FB6AEA
S31508007C40D31A7B607B68002B7FF4E1AE00231846CD
S31508007C503837BD4680BD80B58CB000AFF860B960D6
S31508007C607A603B60BB68FB613B6800221A60FB6870
S31508007C7007F1100211461846FFF74AFC034687F833
S31508007C802F3097F82F30002B07D1FB685B7D87F8DC
S31508007C902F3097F82F30002B02D097F82F306AE153
S31508007CA0FB681B7D03F00203002B01D1072362E169
S31508007CB0FB689A697B681A44FB689B699A4280F05C
S31508007CC04C81FB689B69DB437B6046E1FB689B69EB
S31508007CD03A699289B3FBF2F101FB02F29B1A002B77
S31508007CE040F0F180FB689B693A699289B3FBF2F32D
S31508007CF03A695289013A1340BB61BB69002B43D1EB
S31508007D00FB689B69002B0CD1FB689B68BB62BB6A4E
S31508007D10002B1AD1FB6800211846FEF7B6F8B862A0
S31508007D2013E0FB68DB6A002B07D0FB689B691946E2
S31508007D30F868FEF742F9B86207E0FA68FB68DB699B
S31508007D4019461046FEF7A1F8B862BB6A002B00F088
S31508007D500981BB6A012B04D1FB6802225A750223EA
S31508007D6009E1BB6AB3F1FF3F04D1FB6801225A75EA
S31508007D70012300E1FB68BA6ADA61FB689B68002B9D
S31508007D8002D1FB68BA6A9A60FB681B7D5BB2002B5E
S31508007D9018DA3B695878FB6803F13001FB681A6A00
S31508007DA00123FDF773FA0346002B04D0FB68012272
S31508007DB05A750123DFE0FB681B7D03F07F03DAB207
S31508007DC0FB681A753A69FB68DB6919461046FDF7C0
S31508007DD0EBFD78617B69002B04D1FB6802225A759A
S31508007DE00223C8E07A69BB6913447B613B699B89B6
S31508007DF01A467B68B3FBF2F33B623B6A002B43D01F
S31508007E00BA693B6A13443A695289934205D93B6970
S31508007E105B891A46BB69D31A3B623B6958783B6A49
S31508007E207A69F969FDF732FA0346002B04D0FB6834
S31508007E3001225A7501239EE0FB681A6A7B69D31AE8
S31508007E403A6A9A4218D9FB6803F13000FB681A6A45
S31508007E507B69D31A3A69928902FB03F3FA69D11846
S31508007E603B699B891A46FDF7D2FAFB681B7D03F02E
S31508007E707F03DAB2FB681A753B699B891A463B6A27
S31508007E8002FB03F37B624BE0FB681B6A7A699A4242
S31508007E9016D0FB689A69FB68DB689A4210D23B6980
S31508007EA05878FB6803F1300101237A69FDF7CEF9AA
S31508007EB00346002B04D0FB6801225A7501235AE0B9
S31508007EC0FB687A691A623B699B891846FB689B6955
S31508007ED03A699289B3FBF2F101FB02F29B1AC31AC3
S31508007EE07B627A6A7B689A4201D97B687B62FB6807
S31508007EF003F13001FB689B693A699289B3FBF2F09A
S31508007F0000FB02F29B1A0B447A6AF9691846FDF7D8
S31508007F107EFAFB681B7D63F07F03DAB2FB681A758D
S31508007F20FA697B6A1344FB61FB689A697B6A1A449F
S31508007F30FB689A61FB68DA68FB689B699A4238BFF6
S31508007F401A46FB68DA603B681A687B6A1A443B681B
S31508007F501A607A687B6AD31A7B607B68002B7FF489
S31508007F60B5AE00E000BFFB681B7D43F04003DAB204
S31508007F70FB681A75002318463037BD4680BD80B5A4
S31508007F8086B000AF78607B6807F10802114618468C
S31508007F90FFF7BEFA0346FB75FB7D002B68D17B68AD
S31508007FA01B7D03F04003002B62D07B681B7D5BB210
S31508007FB0002B15DABB6858787B6803F130017B68BB
S31508007FC01A6A0123FDF762F90346002B01D0012343
S31508007FD04FE07B681B7D03F07F03DAB27B681A7576
S31508007FE0FDF796F83861BA687B685B6A19461046E9
S31508007FF0FDF73CFC0346FB75FB7D002B38D17B68FF
S315080080009B6AFB60FB680B331A78FB680B3342F0FC
S315080080102002D2B21A707B6818687B689B681A4679
S31508008020F968FEF7C7F9FB6803F11C027B68DB6891
S3150800803019461046FDF7BFF9FB6816333969184625
S31508008040FDF7B9F9FB68123300211846FDF798F9D0
S31508008050BB680122DA70BB681846FDF735FC034693
S31508008060FB757B681B7D23F04003DAB27B681A75C3
S31508008070FB7D18461837BD4680BD80B584B000AF75
S3150800808078607868FFF77BFF0346FB73FB7B002B62
S3150800809018D17B6807F1080211461846FFF738FA27
S315080080A00346FB73FB7B002B0CD17B681B691846C8
S315080080B0FDF738FB0346FB73FB7B002B02D17B687D
S315080080C000221A60FB7B18461037BD4680BD80B576
S315080080D092B000AFF860B9607A6007F1280107F13D
S315080080E00C0300221846FEF78DFF034687F8473033
S315080080F097F84730002B40F09980BA6A7B681A6077
S31508008100BB6A9A69BB6ADB69023B9A4204D8BB6AB6
S315080081109A69BB681A6089E000233B64BB6A1B78CE
S31508008120012B28D10223FB63BB6A7B6107F1140389
S31508008130F96B1846FDF757FCF862FB6AB3F1FF3F87
S3150800814003D1012387F8473063E0FB6A012B03D18B
S31508008150022387F847305CE0FB6A002B02D13B6CB0
S3150800816001333B64FB6B0133FB63BB6ADB69FA6B68
S315080081709A42DBD34DE0BB6ADB69FB63BB6A9B6A49
S31508008180BB6300237B6300233B637B6B002B13D10C
S31508008190B86ABB6B5A1CBA631946FDF767FB0346F8
S315080081A087F8473097F84730002B31D1BB6A383308
S315080081B03B63BB6A9B897B63BB6A1B78022B0FD127
S315080081C0386BFDF7A1F80346002B02D13B6C01334F
S315080081D03B643B6B02333B637B6B023B7B6310E088
S315080081E0386BFDF7AAF8034623F07043002B02D13B
S315080081F03B6C01333B643B6B04333B637B6B043B57
S315080082007B63FB6B013BFB63FB6B002BBDD100E083
S3150800821000BFBB683A6C1A60BB6A3A6C9A61BB6A63
S315080082201A79BB6A42F00102D2B21A7197F847303E
S3150800823018464837BD4680BD80B588B000AFF8609F
S31508008240B9607A600023FB61FB68BB611CE007F13B
S31508008250100307F1140101227868FFF79DFB3B69BB
S31508008260012B17D13B7DFB75FB7D0D2B0BD0BB6915
S315080082705A1CBA61FA7D1A70FB690133FB61FB7DF2
S315080082800A2B09D000E000BFBB68013BFA699A4295
S31508008290DDDB02E000BF00E000BFBB6900221A7008
S315080082A0FB69002B01D0FB6800E000231846203745
S315080082B0BD4680BD80B584B000AF78600B46FB70C4
S315080082C0FB780A2B03D10D217868FFF7F3FF7B684B
S315080082D05B68FB60FB68002B25DBFB685A1CFA60B1
S315080082E07A681344FA781A73FB683C2B12DD7B68AC
S315080082F018687B6803F10C01FA6807F10803FFF7B1
S31508008300AAFCBA68FB689A4201D1002301E04FF043
S31508008310FF33FB607B68FA685A607B689B685A1C67
S315080083207B689A6000E000BF1037BD4680BD80B507
S3150800833084B000AF78607B685B68002B16DB7B68CF
S3150800834018687B6803F10C017B685B681A4607F1BD
S315080083500C03FFF780FC0346002B07D17B685B689C
S31508008360FA68934202D17B689B6801E04FF0FF33BD
S3150800837018461037BD4680BD80B483B000AF78601C
S3150800838039607B683A681A607B6800225A607B68A5
S315080083905A687B689A6000BF0C37BD465DF8047B57
S315080083A0704780B596B000AF7860396007F10C0366
S315080083B039681846FFF7E0FF09E07B685A1C7A60BF
S315080083C01A7807F10C0311461846FFF773FF7B6806
S315080083D01B78002BF1D107F10C031846FFF7A7FF0E
S315080083E0034618465837BD4680BD000080B487B09E
S315080083F000AFF860B9601346FB710123FB750023D3
S31508008400BB751F4B5B7ADBB2002B31D11C4B5B7AF9
S31508008410DBB21A461A4B00219954194B5B7ADBB228
S31508008420174A9B001344FA685A60154B5B7ADBB20D
S315080084301A46134B1344FA791A72114B5B7ADBB25C
S315080084405A1CD1B20E4A5172BB75BB7D3033DAB2B3
S31508008450BB681A70BB6801333A221A70BB680233CC
S315080084602F221A70BB68033300221A700023FB758B
S31508008470FB7D18461C37BD465DF8047B704700BF78
S31508008480C803002080B582B000AF7860396000224A
S3150800849039687868FFF7AAFF034618460837BD46C5
S315080084A080BD000080B485B000AF03463960FB800C
S315080084B0FB887F2B02D8FB88FB8125E03B68002BD5
S315080084C00BD0FB88FF2B05D8FB88803B124A32F875
S315080084D0133000E00023FB8116E00023FB8109E04E
S315080084E0FB890D4A32F81330FA889A4206D0FB897E
S315080084F00133FB81FB897F2BF2D900E000BFFB89A2
S3150800850080339BB2DBB2FB81FB8918461437BD4624
S315080085105DF8047B704700BFE097000880B487B019
S3150800852000AF0346FB80FB88B3F5805F01D23E4B64
S3150800853000E03E4B7B617B699A1C7A611B887B82D3
S315080085407B8A002B68D0FA887B8A9A4264D37B6937
S315080085509A1C7A611B883B823B8A1B0AFB813B8AF1
S31508008560DBB23B82FA88798A3B8A0B449A4249DA1B
S31508008570FB89082B4FD801A252F823F0A1850008E1
S31508008580B3850008C9850008D1850008D985000883
S31508008590E1850008E9850008F1850008F9850008E5
S315080085A0FA887B8AD31A5B007A6913441B88FB8096
S315080085B027E0FA887B8AD31A9BB203F001039BB2A1
S315080085C0FA88D31AFB801CE0FB88103BFB8018E076
S315080085D0FB88203BFB8014E0FB88303BFB8010E0E7
S315080085E0FB881A3BFB800CE0FB880833FB8008E01D
S315080085F0FB88503BFB8004E0FB88A3F5E353FB8034
S3150800860000BF08E0FB89002B95D13B8A5B007A699D
S3150800861013447B618FE700BFFB8818461C37BD46AD
S315080086205DF8047B704700BFE0980008D49A0008FC
S31508008630002310B50446C0E90033C0E9043383605B
S3150800864081814366C2818361194608225C3000F045
S31508008650F9F90D4B63620D4BA3620D4BE3620D4BAB
S3150800866023630D4B24629C4206D003F168029442B0
S3150800867002D0D0339C4205D104F15800BDE8104021
S3150800868000F058BA10BD00BF95880008B7880008E2
S31508008690EF88000813890008D4030020024A03491A
S315080086A0034800F069B800BF24000020D1930008F1
S315080086B03400002041680C4B994210B5044601D09D
S315080086C000F086FEA168094B994202D0204600F0C8
S315080086D07FFEE168064B994204D02046BDE810406B
S315080086E000F076BE10BD00BFD40300203C04002075
S315080086F0A404002010B50B4B0B4C0C4A1A602046FC
S3150800870000220421FFF794FF04F1680001220921E1
S31508008710FFF78EFF04F1D0000222BDE810401221B7
S31508008720FFF786BF0C050020D40300209D860008AD
S31508008730014800F000BA00BF15050020014800F006
S31508008740FBB900BF1505002010B50446FFF7F0FF7A
S31508008750236A1BB1BDE81040FFF7F0BF044B236244
S31508008760044B1B68002BF5D1FFF7C4FFF2E700BFE7
S31508008770B58600080C0500202DE9F843074688460B
S3150800878014460026D4E90195B9F1010905D52468EE
S31508008790002CF7D13046BDE8F883AB89012B07D901
S315080087A0B5F90E30013303D029463846C04706438B
S315080087B06835E9E70FB407B5064904AB086853F806
S315080087C0042B8168019300F0DBFA03B05DF804EB33
S315080087D004B0704730000020036A70B58468054607
S315080087E00E460BB9FFF7B0FF636EDB0705D4A38906
S315080087F0980502D4A06D00F09EF9A389190702D541
S315080088002369002B35D12146284600F0C5F880B3E8
S315080088104FF0FF35636EDA0705D4A3899B0502D4AA
S31508008820A06D00F089F9284670BD002B04DAA2690C
S315080088309A4217DC0A2915D023685A1C2260197037
S31508008840A36816F8011F013BA3600029EDD1002B90
S3150800885011DA22460A21284600F05FF80130D7D0FF
S315080088600A25D7E72246284600F057F80130E7D10F
S31508008870CEE7013EE4E723685A1C22600A221A70F2
S31508008880EEE70000024B01461868FFF7A5BF00BFD8
S315080088903000002010B50C46B1F90E1000F0FCF8B7
S315080088A00028ABBF636DA3891B1823F48053ACBFA4
S315080088B06365A38110BD2DE9F0411F468B89DB0551
S315080088C005460C46164605D5B1F90E1002230022B8
S315080088D000F0D0F8A389B4F90E1023F48053A381CD
S315080088E032463B462846BDE8F04100F0E7B810B5E9
S315080088F00C46B1F90E1000F0BDF8431CA38915BF4C
S31508008900606523F4805343F48053A38118BFA38181
S3150800891010BDB1F90E1000F09DB8F8B50E46144614
S31508008920054618B1036A0BB9FFF70EFFA369A360E2
S31508008930A3891A0701D5236943B92146284600F0B9
S315080089402BF818B14FF0FF373846F8BD236822696F
S31508008950981A6369F6B28342374605DC21462846EB
S3150800896000F036FD0028EDD1A368013BA36023681B
S315080089705A1C22601E706269431C9A4204D0A3895D
S31508008980DB07E1D50A2EDFD12146284600F020FD77
S315080089900028D9D0D6E7000038B5294B054618680F
S315080089A00C4618B1036A0BB9FFF7CEFEB4F90C30C2
S315080089B0190722D4DA0607D409222A6043F04003AD
S315080089C0A3814FF0FF3033E0580712D5616B41B1F0
S315080089D004F14403994202D0284600F0AFF8002378
S315080089E06363A38923F02403A381002363602369B7
S315080089F02360A38943F00803A38123694BB9A3899C
S31508008A0003F42073B3F5007F03D02146284600F00F
S31508008A102DFDB4F90C3013F001020AD00022A26031
S31508008A2062695242A261226942B913F08000C5D137
S31508008A3038BD990758BF6269A260F4E70020F7E7D6
S31508008A403000002002440346934200D1704703F8E1
S31508008A50011BF9E738B5064D0023044608462B6086
S31508008A60F9F777F9431C02D12B6803B1236038BDA7
S31508008A701005002038B5074D044608461146002261
S31508008A802A601A46F9F78CF9431C02D12B6803B100
S31508008A90236038BD1005002038B5074D0446084642
S31508008AA0114600222A601A46F9F736F9431C02D104
S31508008AB02B6803B1236038BD1005002038B5074D73
S31508008AC004460846114600222A601A46F8F75BFD56
S31508008AD0431C02D12B6803B1236038BD1005002062
S31508008AE0014B1868704700BF3000002070B50D4D67
S31508008AF00D4C641BA4100026A64209D10B4D0C4C44
S31508008B0000F022FD641BA4100026A64205D170BD04
S31508008B1055F8043B98470136EEE755F8043B984765
S31508008B200136F2E7CC9B0008CC9B0008CC9B0008DA
S31508008B30D09B0008704770477047000038B5054657
S31508008B40002941D051F8043C0C1F002BB8BFE4188B
S31508008B5000F0E0F81D4A136833B9636014602846CC
S31508008B60BDE8384000F0DCB8A34208D920682118CF
S31508008B708B4201BF19685B6809182160EDE71A4640
S31508008B805B680BB1A342FAD911685018A0420BD101
S31508008B9020680144501883421160E0D118685B6868
S31508008BA0536008441060DAE702D90C232B60D6E735
S31508008BB0206821188B4204BF19685B68636004BF8C
S31508008BC0091821605460CAE738BD00BF1C0500209B
S31508008BD070B50F4E0C463168054611B900F0A4FC75
S31508008BE030602146284600F09FFC431C03D14FF015
S31508008BF0FF34204670BDC41C24F00304A042F8D0FC
S31508008C00211A284600F090FC0130F2D1EFE700BFA8
S31508008C10180500202DE9F843CD1C25F00305083575
S31508008C200C2D38BF0C25002D064601DBA94204D9B8
S31508008C300C2333600020BDE8F883DFF8D48000F009
S31508008C4069F8D8F800301C4644BB29463046FFF779
S31508008C50BFFF431C044658D1D8F800402746002FCA
S31508008C6043D1002C4BD023683946304604EB030920
S31508008C7000F05AFC814542D121686D1A29463046D2
S31508008C80FFF7A6FF01303AD023682B442360D8F8B3
S31508008C9000305A6862BBC8F800700FE02268521BA1
S31508008CA020D40B2A17D96119A342256018BF596029
S31508008CB0636808BFC8F8001062514B60304600F080
S31508008CC02FF804F10B00231D20F00700C21A1CBF61
S31508008CD01B1AA350AFE76268A3420CBFC8F800206E
S31508008CE05A60EBE723466468AEE73C467F68B6E71A
S31508008CF01A465B68A342FBD100235360DEE70C23C8
S31508008D003360304600F00CF894E70560D6E700BFFC
S31508008D101C0500200148FFF70EBF00BF1405002000
S31508008D200148FFF709BF00BF140500209368013BFF
S31508008D30002B10B4936008DA9469A34201DB0A2970
S31508008D4003D15DF8044BFFF7E8BD1368581C1060A3
S31508008D50197008465DF8044B7047F8B506460F4685
S31508008D601446D518AC4201D1002007E014F8011BBF
S31508008D703A463046FFF7DAFF431CF3D1F8BD000048
S31508008D802DE9F04F0D469DB014469846064618B193
S31508008D90036A0BB9FFF7D8FC6B6ED90705D4AB8904
S31508008DA09A0502D4A86DFFF7C6FEAB891B0701D545
S31508008DB02B699BB929463046FFF7EEFD70B16B6EFD
S31508008DC0DC0704D54FF0FF301DB0BDE8F08FAB8946
S31508008DD09805F7D4A86DFFF7AFFEF3E700230993CC
S31508008DE020238DF82930CDF80C803023DFF8AC81AC
S31508008DF08DF82A304FF0010923469A4613F8012BBD
S31508008E000AB1252AF9D1BAEB040B0BD05B462246E8
S31508008E1029463046FFF7A1FF013000F0A780099ADE
S31508008E205A4409929AF80030002B00F09F800023DC
S31508008E304FF0FF32CDE905230AF1010A049307939F
S31508008E408DF853301A935446052214F8011B5348DB
S31508008E50F7F7BEF9049AD8B9D10644BF20238DF88E
S31508008E605330130744BF2B238DF853309AF800303C
S31508008E702A2B15D0079A544600204FF00A0C214693
S31508008E8011F8013B303B092B4BD9B0B1079214E0DE
S31508008E90A0EB080309FA03F313430493A246D2E7A7
S31508008EA0039B191D1B680391002BBBBF5B4242F055
S31508008EB0020207930793B8BF049223782E2B0AD190
S31508008EC063782A2B32D1039B1A1D1B68039243EA47
S31508008ED0E37302340593DFF8D4A0217803225046C1
S31508008EE0F7F776F938B1049BA0EB0A0040228240D6
S31508008EF013430134049314F8011B29488DF82810EC
S31508008F000622F7F765F900283FD0264B1BBB039BC3
S31508008F10073323F0070308330393099B3B4409935C
S31508008F206AE70CFB02320C460120A8E7002301344D
S31508008F30059319464FF00A0C204610F8012B303AD3
S31508008F40092A03D9002BC6D00591C4E70CFB0121D9
S31508008F5004460123F0E703AB00932A46124B04A903
S31508008F603046AFF300800746781CD6D16B6ED9071A
S31508008F7005D4AB899A0502D4A86DFFF7DDFDAB8948
S31508008F805B063FF51FAF09981EE703AB00932A4619
S31508008F90054B04A9304600F079F8E4E7909B0008F1
S31508008FA09A9B0008000000005B8D0008969B00084D
S31508008FB02DE9F047164698468A680B69DDF8209031
S31508008FC09342B8BF1346336091F8432007460C46D0
S31508008FD00AB1013333602368990642BF3368023306
S31508008FE03360256815F0060506D104F1190AE36809
S31508008FF032689B1AAB4226DC94F843302268003B61
S3150800900018BF012392062BD404F143024146384681
S31508009010C84701301ED02368226903F00603042BD3
S3150800902002BFE5683368ED1AA3680CBF25EAE57543
S3150800903000259342C4BF9B1AED1800261A34B54280
S315080090401AD1002008E00123524641463846C8474F
S31508009050013003D14FF0FF30BDE8F0870135C6E790
S31508009060E1185A1C302081F84300224494F8451030
S3150800907082F843100233C7E70123224641463846A1
S31508009080C8470130E6D00136D9E700002DE9FF4789
S315080090900F7E0C9E782F914680460C469A4601F123
S315080090A0430207D8622F0AD8002F00F0D180582F24
S315080090B000F0B88004F1420684F842703AE0A7F15D
S315080090C06303152BF6D801A151F823F02591000862
S315080090D039910008B5900008B5900008B5900008C9
S315080090E0B590000839910008B5900008B5900008B9
S315080090F0B5900008B59000083792000863910008FB
S31508009100F1910008B5900008B5900008599200083A
S31508009110B590000863910008B5900008B59000085E
S31508009120F991000833681A1D1B68326004F142067B
S3150800913084F8423001239CE033682068191D3160A9
S31508009140060601D51D6803E04506FBD5B3F90050B0
S31508009150002D03DA2D236D4284F8433058480A233C
S3150800916011E021683368080653F8045B02D44906FF
S3150800917048BFADB26F2F5248336014BF0A23082385
S31508009180002184F843106668A660002E05DB216876
S315080091902E4321F0040121604BD01646B5FBF3F1AE
S315080091A003FB1157C75D06F8017D2F46BB420D46E6
S315080091B0F4D9082B0BD12368DF0708D52369616822
S315080091C09942DEBF302306F8013C06F1FF36921BB2
S315080091D02261CDF800A04B4603AA21464046FFF778
S315080091E0E7FE01304AD14FF0FF3004B0BDE8F08702
S315080091F0236843F0200323603248782784F84570B3
S31508009200236831681F0651F8045B02D45F0648BF1D
S31508009210ADB23160D90744BF43F0200323601DB1C6
S315080092201023ADE72648E9E7236823F020032360E7
S31508009230F6E71646BDE7336825686169181D30608C
S315080092402E061B6801D5196002E06806FBD5198051
S31508009250002323611646BCE733681A1D32601E6870
S31508009260626800213046F6F7B3FF08B1801B6060DC
S3150800927063682361002384F84330AAE723693246EA
S3150800928049464046D0470130ADD023689B0713D4E2
S31508009290E068039B9842B8BF1846A6E70123324602
S315080092A049464046D04701309DD00135E3680399C9
S315080092B05B1AAB42F2DCEBE7002504F11906F5E789
S315080092C0A19B0008B29B0008B1F90C202DE9F041DA
S315080092D0160705460C4654D44B68002B02DC0B6C6B
S315080092E0002B48DDE66A002E45D0002312F4805292
S315080092F02F68216A2B6030D0626DA389590705D57E
S315080093006368D21A636B0BB1236CD21A0023E66A20
S31508009310216A2846B047431CA38906D129681D2916
S315080093202BD82A4ACA40D60727D500226260D90414
S315080093302269226004D5421C01D12B6803B96065F5
S31508009340616B2F60B9B104F14403994202D02846F3
S31508009350FFF7F4FB002363630DE001232846B047BB
S315080093600246501CC9D12B68002BC6D01D2B01D034
S31508009370162B1ED12F60002022E043F040031BB2BB
S315080093801BE00F69002FF6D093070E6808BF4B69DC
S315080093900F6018BF0023A6EB07088B60B8F1000F13
S315080093A0E9DD216AA66A43463A462846B0470028B8
S315080093B008DCB4F90C3043F04003A3814FF0FF30CA
S315080093C0BDE8F0810744A8EB0008E7E70100402064
S315080093D038B50B6905460C4613B90025284638BD2D
S315080093E018B1036A0BB9FFF7AFF9B4F90C30002BC3
S315080093F0F3D0626ED00704D4990502D4A06DFFF7A6
S315080094009AFB28462146FFF75FFF636EDA07054693
S31508009410E4D4A3899B05E1D4A06DFFF78DFBDDE7B6
S3150800942070B50C46B1F90E10002996B015461E46C1
S315080094300DDAA38913F0800F4FF0000114BF402303
S315080094404FF48063002031602B6016B070BD6A4609
S3150800945000F048F80028ECDB019901F47041A1F509
S315080094600053594259414FF48063EBE78B89F7B5AE
S315080094709D0706460C4607D504F14703236023617A
S315080094800123636103B0F0BD01AB6A46FFF7C8FF6D
S31508009490009F054639463046FFF7BCFB48B9B4F984
S315080094A00C309A05EED423F0030343F00203A3819C
S315080094B0E2E7A389206043F08003A381019BC4E906
S315080094C004075BB1B4F90E10304600F01DF828B158
S315080094D0A38923F0030343F00103A381A3891D4352
S315080094E0A581CFE738B5074D00230446084611463F
S315080094F02B60F8F73AFC431C02D12B6803B12360B2
S3150800950038BD00BF1005002038B5064D00230446B7
S3150800951008462B60F8F739FC431C02D12B6803B1C7
S31508009520236038BD1005002038B5064D00230446D3
S3150800953008462B60F8F742FC431C02D12B6803B19E
S31508009540236038BD10050020F8B500BFF8BC08BC7C
S315080095509E467047F8B500BFF8BC08BC9E467047E3
S3150800956048656C6C6F0000003100000000000000C8
S315080095704E6F205344204361726420666F756E6493
S31508009580203A20282569290D0A0000005344204363
S31508009590617264204D6F756E7465642053756363DC
S315080095A065737366756C6C792121210D00000000C6
S315080095B0546F74616C5370616365203A20256C752D
S315080095C02062797465732C204672656553706163F1
S315080095D065203D20256C752062797465730A000044
S315080095E04C6F67732E7478740000000046696C65CA
S315080095F0206372656174696F6E2F6F70656E2045A2
S3150800960072726F72203A20282569290D0A00000017
S3150800961057726974696E6720646174612121210D2E
S315080096200000000057656C636F6D6520746F2042FB
S31508009630697473696C6963612000000046696C652A
S31508009640206F70656E696E67204572726F72203A78
S3150800965020282569290D0A00526561642044617431
S3150800966061203A2025730A00436C6F73696E672080
S3150800967046696C652121210D00000000576F726B49
S3150800968020486172640D0A00416674657220417053
S3150800969070656E64203A2025730A000053442043FF
S315080096A061726420556E6D6F756E746564205375AE
S315080096B0636365737366756C6C792121210D0000EF
S315080096C0222A3A3C3E3F7C7F000000002B2C3B3D83
S315080096D05B5D0000EBFE904D53444F53352E300032
S315080096E04E4F204E414D45202020204641543332CE
S315080096F0202020004E4F204E414D45202020204658
S315080097004154202020202000000000000000000016
S315080097100102030406070809000000000102030409
S31508009720A0860100400D0300801A060000350C00D3
S3150800973040420F0080841E0000093D0000127A0096
S315080097400024F40000366E010048E801006CDC02D3
S3150800975043554541414141434545454949494141AB
S315080097604592924F4F4F5555594F554F9C4F9E9F77
S3150800977041494F55A5A5A6A7A8A9AAABACADAEAFBA
S31508009780B0B1B2B3B4414141B8B9BABBBCBDBEBFB2
S31508009790C0C1C2C3C4C54141C8C9CACBCCCDCECF4E
S315080097A0D1D145454549494949D9DADBDCDD49DFA7
S315080097B04FE14F4F4F4FE6E8E85555555959EEEFEB
S315080097C0F0F1F2F3F4F5F6F7F8F9FAFBFCFDFEFF13
S315080097D001030507090E10121416181C1E000000B6
S315080097E0C700FC00E900E200E400E000E500E7004D
S315080097F0EA00EB00E800EF00EE00EC00C400C5004C
S31508009800C900E600C600F400F600F200FB00F90005
S31508009810FF00D600DC00F800A300D800D7009201AC
S31508009820E100ED00F300FA00F100D100AA00BA0049
S31508009830BF00AE00AC00BD00BC00A100AB00BB0081
S3150800984091259225932502252425C100C200C00032
S31508009850A9006325512557255D25A200A5001025D9
S31508009860142534252C251C2500253C25E300C3009A
S315080098705A25542569256625602550256C25A4009A
S31508009880F000D000CA00CB00C8003101CD00CE00E0
S31508009890CF0018250C2588258425A600CC00802510
S315080098A0D300DF00D400D200F500D500B500FE00D5
S315080098B0DE00DA00DB00D900FD00DD00AF00B400F1
S315080098C0AD00B1001720BE00B600A700F700B8002B
S315080098D0B000A800B700B900B300B200A025A000E8
S315080098E061001A03E0001703F8000703FF000100F0
S315080098F078010001300132010601390110014A01DF
S315080099002E017901060180014D0043028101820181
S3150800991082018401840186018701870189018A0100
S315080099208B018B018D018E018F01900191019101AF
S3150800993093019401F60196019701980198013D0259
S315080099409B019C019D0120029F01A001A001A2018B
S31508009950A201A401A401A601A701A701A901AA01C0
S31508009960AB01AC01AC01AE01AF01AF01B101B2016F
S31508009970B301B301B501B501B701B801B801BA0120
S31508009980BB01BC01BC01BE01F701C001C101C20196
S31508009990C301C401C501C401C701C801C701CA0181
S315080099A0CB01CA01CD011001DD0101008E01DE01E6
S315080099B01201F3010300F101F401F401F801280191
S315080099C0220212013A020900652C3B023B023D02C3
S315080099D0662C3F0240024102410246020A01530236
S315080099E0400081018601550289018A0158028F01CA
S315080099F05A0290015C025D025E025F0293016102F7
S31508009A006202940164026502660267029701960182
S31508009A106A02622C6C026D026E029C01700271026F
S31508009A209D01730274029F01760277027802790219
S31508009A307A027B027C02642C7E027F02A6018102E6
S31508009A408202A9018402850286028702AE014402C7
S31508009A50B101B20145028D028E028F029002910277
S31508009A60B7017B030300FD03FE03FF03AC030400F9
S31508009A708603880389038A03B1031103C20302001C
S31508009A80A303A303C4030803CC0303008C038E03B8
S31508009A908F03D8031801F2030A00F903F303F4034A
S31508009AA0F503F603F703F703F903FA03FA03300499
S31508009AB0200350041007600422018A043601C104F9
S31508009AC00E01CF040100C004D00444016105260438
S31508009AD0000000007D1D0100632C001E9601A01EDB
S31508009AE05A01001F0806101F0606201F0806301F09
S31508009AF00806401F0606511F0700591F521F5B1F05
S31508009B00541F5D1F561F5F1F601F0806701F0E003B
S31508009B10BA1FBB1FC81FC91FCA1FCB1FDA1FDB1FEF
S31508009B20F81FF91FEA1FEB1FFA1FFB1F801F080605
S31508009B30901F0806A01F0806B01F0400B81FB91F0B
S31508009B40B21FBC1FCC1F0100C31FD01F0206E01F97
S31508009B500206E51F0100EC1FF21F0100FC1F4E2143
S31508009B600100322170211002842101008321D024B2
S31508009B701A05302C2F04602C0201672C0601752C5F
S31508009B800201802C6401002D260841FF1A030000FB
S31508009B90232D302B2000686C4C00656667454647C8
S31508009BA0003031323334353637383941424344454B
S31508009BB046003031323334353637383961626364BA
S30908009BC065660000C8
S30D08009BC40C66FF7F010000009A
S30908009BCCB5010008C9
S30908009BD091010008E9
S31508009BD40100000000093D0010000000010000001B
S31508009BE4215100083D510008595100087F510008C9
S31508009BF4A55100080000000003000000D40300205B
S31508009C043400002000000000D40300203C04002097
S31508009C14A40400200000000000000000000000006A
S31508009C240000000000000000000000000000000022
S31508009C340000000000000000000000000000000012
S31508009C440000000000000000000000000000000002
S70508001E4D87
