S019000046696E616C5F496E746567726174696F6E2E737265633E
S3150800000000800120752D0008452B00084D2B00089F
S31508000010552B00085D2B0008652B00080000000022
S315080000200000000000000000000000006D2B000822
S315080000307B2B000800000000892B0008992B00087C
S31508000040C52D0008C52D0008C52D0008C52D0008BA
S31508000050C52D0008C52D0008C52D0008C52D0008AA
S31508000060C52D0008C52D0008C52D0008C52D00089A
S31508000070C52D0008C52D0008C52D0008C52D00088A
S31508000080C52D0008C52D0008C52D0008C52D00087A
S31508000090C52D0008C52D0008C52D0008C52D00086A
S315080000A0C52D0008C52D0008C52D0008C52D00085A
S315080000B0D52B0008C52D0008C52D0008C52D00083C
S315080000C0C52D0008C52D0008C52D0008C52D00083A
S315080000D0C52D0008C52D0008C52D0008E92B000808
S315080000E0C52D0008C52D0008C52D0008C52D00081A
S315080000F0C52D0008C52D0008C52D0008C52D00080A
S31508000100C52D0008C52D0008C52D0008C52D0008F9
S31508000110C52D0008C52D0008C52D0008C52D0008E9
S31508000120C52D0008C52D0008C52D0008C52D0008D9
S31508000130C52D0008C52D0008C52D0008C52D0008C9
S31508000140C52D0008C52D0008C52D0008C52D0008B9
S31508000150C52D0008C52D0008C52D0008C52D0008A9
S31508000160C52D0008C52D0008C52D0008C52D000899
S31508000170C52D0008C52D0008C52D00080000000083
S30D08000180C52D0008C52D000875
S3150800019010B5054C237833B9044B13B10448AFF3B3
S315080001A000800123237010BDF0010020000000002C
S315080001B02800010808B5034B1BB103490348AFF3F0
S315080001C0008008BD00000000F40100202800010896
S315080001D001F0FF01102A2BDB10F0070F08D010F8EA
S315080001E0013B013A8B422DD010F0070F42B3F6D1EE
S315080001F0F0B441EA012141EA014122F007047FF007
S3150800020000070023F0E80256083C85EA010586EA5D
S31508000210010685FA47F5A3FA87F586FA47F6A5FA99
S3150800022087F68EB9EED1F0BC01F0FF0102F00702A5
S3150800023032B110F8013B013A83EA010313B1F8D150
S315080002400020704701387047002D06BF3546033831
S31508000250073815F0010F07D1013015F4807F02BF6A
S31508000260013015F4C03F0130F0BC0138704700BFBB
S31508000270034613F8012B002AFBD1181A01387047D8
S3150800028081F0004102E000BF83F0004330B54FEA39
S3150800029041044FEA430594EA050F08BF90EA020FA6
S315080002A01FBF54EA000C55EA020C7FEA645C7FEA39
S315080002B0655C00F0E2804FEA5454D4EB5555B8BF5C
S315080002C06D420CDD2C4480EA020281EA030382EACD
S315080002D0000083EA010180EA020281EA0303362D5F
S315080002E088BF30BD11F0004F4FEA01314FF4801C32
S315080002F04CEA113102D0404261EB410113F0004F44
S315080003004FEA03334CEA133302D0524263EB4303FA
S3150800031094EA050F00F0A780A4F10104D5F1200E98
S315080003200DDB02FA0EFC22FA05F2801841F10001F3
S3150800033003FA0EF2801843FA05F359410EE0A5F1C7
S3150800034020050EF1200E012A03FA0EFC28BF4CF0F8
S31508000350020C43FA05F3C01851EBE37101F00045AE
S3150800036007D54FF0000EDCF1000C7EEB00006EEBBB
S315080003700101B1F5801F1BD3B1F5001F0CD3490845
S315080003805FEA30004FEA3C0C04F101044FEA44529C
S3150800039012F5800F80F09A80BCF1004F08BF5FEA23
S315080003A0500C50F1000041EB045141EA050130BD03
S315080003B05FEA4C0C404141EB0101013C28BFB1F515
S315080003C0801FE9D291F0000F04BF01460020B1FA60
S315080003D081F308BF2033A3F10B03B3F120020CDA33
S315080003E00C3208DD02F1140CC2F10C0201FA0CF011
S315080003F021FA02F10CE002F11402D8BFC2F1200C76
S3150800040001FA02F120FA0CFCDCBF41EA0C0190402B
S31508000410E41AA2BF01EB0451294330BD6FEA040474
S315080004201F3C1CDA0C340EDC04F11404C4F120025F
S3150800043020FA04F001FA02F340EA030021FA04F371
S3150800044045EA030130BDC4F10C04C4F1200220FAC8
S3150800045002F001FA04F340EA0300294630BD21FA06
S3150800046004F0294630BD94F0000F83F4801306BFCC
S3150800047081F480110134013D4EE77FEA645C18BFC0
S315080004807FEA655C29D094EA050F08BF90EA020F57
S3150800049005D054EA000C04BF1946104630BD91EA4F
S315080004A0030F1EBF0021002030BD5FEA545C05D152
S315080004B04000494128BF41F0004130BD14F5800491
S315080004C03CBF01F5801130BD01F0004545F0FE4105
S315080004D041F470014FF0000030BD7FEA645C1ABF3A
S315080004E0194610467FEA655C1CBF0B46024650EA71
S315080004F0013406BF52EA033591EA030F41F400219D
S3150800050030BD00BF90F0000F04BF0021704730B522
S315080005104FF4806404F132044FF000054FF00001F7
S3150800052050E700BF90F0000F04BF0021704730B5B8
S315080005304FF4806404F1320410F0004548BF40428D
S315080005404FF000013EE700BF42004FEAE2014FEAE2
S3150800055031014FEA02701FBF12F07F4393F07F4FBD
S3150800056081F06051704732F07F4208BF704793F0C0
S315080005707F4F04BF41F40021704730B54FF46074D3
S3150800058001F0004521F000411CE700BF50EA0102D6
S3150800059008BF704730B54FF000050AE050EA01027F
S315080005A008BF704730B511F0004502D5404261EBEF
S315080005B041014FF4806404F132045FEA915C3FF430
S315080005C0D8AE4FF003025FEADC0C18BF03325FEACD
S315080005D0DC0C18BF033202EBDC02C2F1200300FA7E
S315080005E003FC20FA02F001FA03FE40EA0E0021FAA3
S315080005F002F11444BDE600BF70B54FF0FF0C4CF491
S31508000600E06C1CEA11541DBF1CEA135594EA0C0F42
S3150800061095EA0C0F00F0DEF82C4481EA030621EA7D
S315080006204C5123EA4C5350EA013518BF52EA0335B8
S3150800063041F4801143F4801338D0A0FB02CE4FF06A
S315080006400005E1FB02E506F00042E0FB03E54FF09A
S315080006500006E1FB03569CF0000F18BF4EF0010E92
S31508000660A4F1FF04B6F5007F64F5407404D25FEA8E
S315080006704E0E6D4146EB060642EAC62141EA555141
S315080006804FEAC52040EA5E504FEACE2EB4F1FD0C83
S3150800069088BFBCF5E06F1ED8BEF1004F08BF5FEA01
S315080006A0500E50F1000041EB045170BD06F00046B3
S315080006B046EA010140EA020081EA0301B4EB5C0460
S315080006C0C2BFD4EB0C0541EA045170BD41F4801158
S315080006D04FF0000E013C00F3AB8014F1360FDEBF7D
S315080006E0002001F0004170BDC4F10004203C35DA59
S315080006F00C341BDC04F11404C4F1200500FA05F3DC
S3150800070020FA04F001FA05F240EA020001F000427C
S3150800071021F0004110EBD37021FA04F642EB0601F2
S315080007205EEA430E08BF20EAD37070BDC4F10C041C
S31508000730C4F1200500FA04F320FA05F001FA04F2E0
S3150800074040EA020001F0004110EBD37041F10001CC
S315080007505EEA430E08BF20EAD37070BDC4F12005D7
S3150800076000FA05F24EEA020E20FA04F301FA05F23F
S3150800077043EA020321FA04F001F0004121FA04F2E7
S3150800078020EA020000EBD3705EEA430E08BF20EAB7
S31508000790D37070BD94F0000F0FD101F000464000F1
S315080007A041EB010111F4801F08BF013CF7D041EA73
S315080007B0060195F0000F18BF704703F00046520077
S315080007C043EB030313F4801F08BF013DF7D043EA48
S315080007D00603704794EA0C0F0CEA135518BF95EAFE
S315080007E00C0F0CD050EA410618BF52EA4306D1D185
S315080007F081EA030101F000414FF0000070BD50EAA4
S31508000800410606BF1046194652EA430619D094EA2D
S315080008100C0F02D150EA013613D195EA0C0F05D117
S3150800082052EA03361CBF104619460AD181EA03016B
S3150800083001F0004141F0FE4141F470014FF0000023
S3150800084070BD41F0FE4141F4780170BD70B54FF0BE
S31508000850FF0C4CF4E06C1CEA11541DBF1CEA13553E
S3150800086094EA0C0F95EA0C0F00F0A7F8A4EB050420
S3150800087081EA030E52EA03354FEA013100F0888017
S315080008804FEA03334FF0805545EA131343EA1263E0
S315080008904FEA022245EA111545EA10654FEA002695
S315080008A00EF000419D4208BF964244F1FD0404F54E
S315080008B0407402D25B084FEA3202B61A65EB0305AA
S315080008C05B084FEA32024FF480104FF4002CB6EB67
S315080008D0020E75EB030E22BFB61A754640EA0C00E7
S315080008E05B084FEA3202B6EB020E75EB030E22BF27
S315080008F0B61A754640EA5C005B084FEA3202B6EB68
S31508000900020E75EB030E22BFB61A754640EA9C0026
S315080009105B084FEA3202B6EB020E75EB030E22BFF6
S31508000920B61A754640EADC0055EA060E18D04FEAB4
S31508000930051545EA16754FEA06164FEAC30343EA54
S3150800094052734FEAC2025FEA1C1CC0D111F4801F21
S315080009500BD141EA00014FF000004FF0004CB6E71A
S3150800096011F4801F04BF01430020B4F1FD0C88BFB9
S31508000970BCF5E06F3FF6AFAEB5EB030C04BFB6EBC4
S31508000980020C5FEA500C50F1000041EB045170BDB7
S315080009900EF0004E4EEA113114EB5C04C2BFD4EBE4
S315080009A00C0541EA045170BD41F480114FF0000E68
S315080009B0013C90E645EA060E8DE60CEA135594EAE4
S315080009C00C0F08BF95EA0C0F3FF43BAF94EA0C0FE7
S315080009D00AD150EA01347FF434AF95EA0C0F7FF45C
S315080009E025AF104619462CE795EA0C0F06D152EAB0
S315080009F003353FF4FDAE1046194622E750EA410694
S31508000A0018BF52EA43067FF4C5AE50EA41047FF4A4
S31508000A100DAF52EA43057FF4EBAE12E74FF0FF3C09
S31508000A2006E000BF4FF0010C02E000BF4FF0010CDA
S31508000A304DF804CD4FEA410C7FEA6C5C4FEA430C53
S31508000A4018BF7FEA6C5C1BD001B050EA410C0CBFA2
S31508000A5052EA430C91EA030F02BF90EA020F002004
S31508000A60704710F1000F91EA030F58BF994208BF6B
S31508000A7090422CBFD8176FEAE37040F00100704728
S31508000A804FEA410C7FEA6C5C02D150EA013C07D17F
S31508000A904FEA430C7FEA6C5CD6D152EA033CD3D0CA
S31508000AA05DF8040B704700BF8446104662468C46C4
S31508000AB01946634600E000BF01B5FFF7B7FF0028F7
S31508000AC048BF10F1000F01BD4DF808EDFFF7F4FF20
S31508000AD00CBF012000205DF808FB00BF4DF808EDAB
S31508000AE0FFF7EAFF34BF012000205DF808FB00BFCE
S31508000AF04DF808EDFFF7E0FF94BF012000205DF8F0
S31508000B0008FB00BF4DF808EDFFF7CEFF94BF0120A4
S31508000B1000205DF808FB00BF4DF808EDFFF7C4FF9D
S31508000B2034BF012000205DF808FB00BF4FEA410CE6
S31508000B307FEA6C5C02D150EA013C0AD14FEA430CC9
S31508000B407FEA6C5C02D152EA033C02D14FF0000006
S31508000B5070474FF0010070474FEA410212F5001244
S31508000B6015D211D56FF47873B3EB625212D94FEAE6
S31508000B70C12343F0004343EA505311F0004F23FAD0
S31508000B8002F018BF404270474FF00000704750EA25
S31508000B90013005D111F0004008BF6FF000407047E2
S31508000BA04FF00000704700BF4A0011D212F500123C
S31508000BB011D20DD56FF47873B3EB62520ED44FEAA7
S31508000BC0C12343F0004343EA505323FA02F0704727
S31508000BD04FF00000704750EA013002D14FF0FF3065
S31508000BE070474FF0000070474FEA4102B2F1E04308
S31508000BF024BFB3F5001CDCF1FE5C0DD901F0004CF6
S31508000C004FEAC0024CEA5070B2F1004F40EB830045
S31508000C1008BF20F00100704711F0804F21D113F171
S31508000C203872BCBF01F00040704741F480114FEAAA
S31508000C305252C2F11802C2F1200C10FA0CF320FA33
S31508000C4002F018BF40F001004FEAC1234FEAD32350
S31508000C5003FA0CFC40EA0C0023FA02F34FEA4303BA
S31508000C60CCE77FEA625307D150EA01331EBF4FF043
S31508000C70FE4040F44000704701F0004040F0FE405E
S31508000C8040F40000704700BF53B94AB9002908BFAD
S31508000C9000281CBF4FF0FF314FF0FF3000F0BEB9FF
S31508000CA0ADF1080C6DE904CE00F03CF8DDF804E07F
S31508000CB0DDE9022304B0704738B500220023044654
S31508000CC00D46FFF70BFF28B920462946BDE83840F0
S31508000CD000F00AB8204605F1004100F005F8404248
S31508000CE061EB410138BD00BFD0B50C4B002206466A
S31508000CF00F46FFF781FCFFF757FF0446FFF702FC94
S31508000D00074B0022FFF778FC02460B463046394669
S31508000D10FFF7BAFAFFF748FF2146D0BD0000F03DBD
S31508000D200000F0412DE9F047089D8E4604468846A6
S31508000D30002B4AD18A42174662D9B2FA82F64EB1D8
S31508000D40C6F1200301FA06F820FA03F3B74043EA8E
S31508000D500808B4404FEA174E1FFA87FCB8FBFEF1A5
S31508000D60230C0EFB118843EA084301FB0CF29A4256
S31508000D7009D9FB1801F1FF3080F0EA809A4240F267
S31508000D80E78002393B449A1AA3B2B2FBFEF00EFB87
S31508000D90102243EA024300FB0CFC9C4509D9FB18C8
S31508000DA000F1FF3280F0D6809C4540F2D3803B4468
S31508000DB0023840EA0140A3EB0C0300211DB1F340C1
S31508000DC00022C5E90032BDE8F0878B4205D90DB18E
S31508000DD0C5E9000100210846F5E7B3FA83F10029C1
S31508000DE046D1734502D3824200F20581841A6EEB1E
S31508000DF0030201209046002DE5D0C5E90048E2E748
S31508000E00002A00F09080B2FA82F6002E40F0A48004
S31508000E108A1A030C4FEA174E80B2BCB20121B2FB04
S31508000E20FEFC0EFB1C2243EA024304FB0CF29A4228
S31508000E3007D9FB180CF1FF3802D29A4200F2E0807B
S31508000E40C4469B1AB3FBFEF20EFB123340EA034379
S31508000E5002FB04F49C4207D9FB1802F1FF3002D2C8
S31508000E609C4200F2CA8002461B1B42EA0C40A5E7D8
S31508000E70C1F120068B4022FA06F71F430EFA01F449
S31508000E8020FA06F32EFA06FE4FEA1749234300FA1C
S31508000E9001F81FFA87FCBEFBF9F01C0C09FB10EEE3
S31508000EA044EA0E4400FB0CFEA64502FA01F209D9F3
S31508000EB03C1900F1FF3A80F09C80A64540F29980E3
S31508000EC002383C44A4EB0E041FFA83FEB4FBF9F384
S31508000ED009FB13444EEA044403FB0CFCA44508D959
S31508000EE03C1903F1FF3E80F08280A4457FD9023B7E
S31508000EF03C4443EA0040A4EB0C04A0FB02EC644526
S31508000F007346E14662D35FD05DB1B8EB030264EB8A
S31508000F10090404FA06F622FA01F31E43CC40C5E991
S31508000F20006400214FE7B1FBF2FC010C41EA0E41D7
S31508000F3080B240EA01423B4638463C46B846BE4681
S31508000F402026B1FBF7F1A2EB080241EA0C4166E75D
S31508000F50014618E710462CE7C6F120022EFA02F3DE
S31508000F60B740B14020FA02F24FEA174E0A43B3FBE4
S31508000F70FEF8BCB20EFB1833110C41EA034108FB1C
S31508000F8004F9B04089454FEA104380B23ED9791832
S31508000F9008F1FF3C01D289451FD8A1EB0901B1FB35
S31508000FA0FEF909FB04F80EFB191192B242EA014256
S31508000FB0424529D2BA1809F1FF31C4D24245C2D2F4
S31508000FC0A9F102013A44BEE7F0459DD2BEEB020301
S31508000FD06CEB070C0138E14696E7A7EB090949448B
S31508000FE0A8F1020CB1FBFEF909FB04F8DBE773462E
S31508000FF07FE7504666E70846FDE63B44023A33E794
S31508001000ACF1020C3B441CE749469CE7A1EB0901FD
S31508001010C446B1FBFEF909FB04F8C4E7704700BFF4
S3150800102080B487B000AF87ED010A97ED017ADFED4E
S315080010301A6AC7EE267AFDEEE77A17EE903A7B61D2
S315080010407B69642202FB03F307EE903AF8EEE77A2F
S3150800105097ED017A77EE677AC7ED047A97ED047A09
S31508001060DFED0E6AC7EE267AC7ED037A7B6907EECF
S31508001070903AF8EEE77A97ED037A77EE277AC7ED96
S31508001080027ABB6807EE903AB0EE670A1C37BD468F
S315080010905DF8047B704700BF0000C842000070423C
S315080010A080B586B004AF78600622454978680BF0AB
S315080010B04CF80346002B24D1424B0293424B019332
S315080010C0424B0093424B434A434978680AF022FF51
S315080010D03F4BD3ED007AB0EE670AFFF7A1FFF0EEBB
S315080010E0407A3E4BC3ED007A374BD3ED007AB0EE2B
S315080010F0670AFFF795FFF0EE407A394BC3ED007AA1
S315080011005AE00622374978680BF01FF80346002B89
S3150800111024D1304B02932B4B01932B4B00932B4B33
S315080011202B4A314978680AF0F5FE294BD3ED007A47
S31508001130B0EE670AFFF774FFF0EE407A274BC3ED6F
S31508001140007A214BD3ED007AB0EE670AFFF768FF05
S31508001150F0EE407A224BC3ED007A2DE006222349B1
S3150800116078680AF0F2FF0346002B25D1154B039346
S31508001170154B0293154B0193154B00931C4B154ABF
S315080011801C4978680AF0C6FE114BD3ED007AB0EE1A
S31508001190670AFFF745FFF0EE407A104BC3ED007A79
S315080011A0094BD3ED007AB0EE670AFFF739FFF0EE88
S315080011B0407A0B4BC3ED007A00BF0837BD4680BDA9
S315080011C0400001089D020020900200209C02002099
S315080011D09402002098020020480001088C2500206F
S315080011E090250020600001086800010880000108B9
S315080011F09E0200208800010880B586B000AF78609E
S3150800120000237B6100233B617B697A6813441B7862
S31508001210242B03D17B6901337B610CE0002347E073
S315080012207B697A6813441B781A463B6953403B61CD
S315080012307B6901337B617B697A6813441B78002BD1
S3150800124008D07B697A6813441B782A2B02D07B69FD
S315080012504A2BE5DD7B694A2B01DD002328E07B6903
S315080012607A6813441B782A2B19D17B6901337A686B
S3150800127013441B783B737B6902337A6813441B78E3
S315080012807B730023BB7307F108033A690A491846BA
S315080012900AF01EFE3A7A3B7B9A4208D101E0002307
S315080012A006E07A7A7B7B9A4201D1012300E000238B
S315080012B018461837BD4680BDA400010880B582B01F
S315080012C000AF78607B681B681D4A934234D11D4B7A
S315080012D01B780A2B0FD01C4B1B787E2B0BD81A4B6E
S315080012E01B785A1CD1B2184A11701A46154B197830
S315080012F0164B99541BE0144B1B781A46134B0021C6
S3150800130099541248FFF778FF0346002B03D00F487D
S31508001310FFF7C6FE03E00D490D480AF033FD0A4BF8
S3150800132000221A708022002108480AF0F9FE0122DC
S315080013300449084805F056F800BF0837BD4680BD81
S31508001340004800408A2500208C0200200C0200205C
S31508001350AC0001086804002080B500AF0B4800F017
S3150800136025F80B4800F022F80A4800F01FF80A484A
S3150800137000F01CF8094800F019F8094800F016F8BA
S315080013800849094800F0AAF800BF80BDC000010856
S31508001390C4000108CC000108D8000108E4000108CF
S315080013A0EC000108F80001081401010880B5D0B066
S315080013B000AF07F5A073A3F59E73186007F1D40371
S315080013C06422002118460AF0ABFE07F5A073A3F5C0
S315080013D09A731846C8231A4600210AF0A1FE00236C
S315080013E0C7F83C3107F5A073A3F59E7307F1D4003F
S315080013F01B68354A64210AF035FD07F1D4031846FF
S31508001400FEF736FF03469AB207F1D4014FF0FF33D1
S315080014102E4804F095FE01F047FDC7F838012EE086
S3150800142007F10B010A230122284804F012FF03469C
S31508001430002B24D1D7F83C31C62B0ED8D7F83C312F
S315080014405A1CC7F83C2107F5A072A2F2351211788A
S3150800145007F5A072A2F59A72D15407F10C031C493C
S3150800146018460AF097FE0346002B11D107F10C0324
S31508001470184918460AF08EFE0346002B08D101F0DB
S3150800148013FD0246D7F83831D31AB3F57A7FC7D396
S3150800149007F5A073A3F59A72D7F83C3113440022D6
S315080014A01A7007F10C0207F5A073A3F59E73196865
S315080014B009480AF067FC4FF4FA7001F001FD00BF15
S315080014C007F5A077BD4680BD240101085803002012
S315080014D02C010108340101083C01010880B5C6B099
S315080014E000AF07F58C73A3F58A73186007F58C733C
S315080014F0A3F58C73196007F58C73A3F584731846E6
S31508001500C8231A4600210AF00BFE0023C7F8143137
S315080015106848FFF74BFF6848FFF748FF07F58C73E5
S31508001520A3F58A7307F1DC001B68644A32210AF0C6
S3150800153099FC07F1DC031846FEF79AFE03469AB2B1
S3150800154007F1DC014FF0FF335D4804F0F9FD4FF079
S31508001550FF3301225B495A4804F0F2FD01F0A4FC6E
S31508001560C7F8100119E007F1DB016423012254488A
S3150800157004F06FFE0346002B0FD1D7F814315A1C1E
S31508001580C7F8142197F8DB1007F58C72A2F5847258
S31508001590D15497F8DB303E2B0AD001F085FC024681
S315080015A0D7F81031D31A40F6B7329342DBD900E0A8
S315080015B000BF07F110033E2118460AF0B9FD03469D
S315080015C0002B03D140480AF045FC6FE007F58C7301
S315080015D0A3F58A7319683D480AF0D4FB07F58C739E
S315080015E0A3F58C731868FEF743FE03469AB207F50F
S315080015F08C73A3F58C714FF0FF330968304804F0FB
S315080016009FFD07F58C73A3F209131A221A7007F1C6
S315080016100F014FF0FF330122294804F091FD002302
S31508001620C7F8143107F11003C822002118460AF03A
S3150800163077FD01F039FCC7F8100127E007F1DB0157
S31508001640642301221E4804F004FE0346002B1DD124
S31508001650D7F814315A1CC7F8142197F8DB1007F588
S315080016608C72A2F58472D15407F1100318491846F2
S315080016700AF090FD0346002B12D107F11003154915
S3150800168018460AF087FD0346002B09D101F00CFC29
S315080016900246D7F81031D31A41F287329342CDD990
S315080016A007F1100319460C480AF06CFB07F58C770E
S315080016B0BD4680BD500101085C0101086C010108A6
S315080016C0580300207C01010880010108AC010108CB
S315080016D02C01010834010108C401010880B500AFD6
S315080016E000220221034801F049FF012001F0E8FB2E
S315080016F000BF80BD0008004880B500AF0122022166
S31508001700034801F03BFF012001F0DAFB00BF80BD72
S315080017100008004880B582B000AF0346FB7100BFE1
S31508001720084B1B689B6803F00203022BF8D1F91DCE
S3150800173064230122034803F016FB00BF0837BD46A1
S3150800174080BD00BFA802002080B582B000AF7860D7
S315080017500B467B8000BF084B1B689B6803F002039F
S31508001760022BF8D17A8864237968034803F0FBFAD8
S3150800177000BF0837BD4680BDA802002080B584B0EA
S3150800178002AFFF23FB7100BF094B1B689B6803F080
S315080017900203022BF8D1BA1DF91D64230093012315
S315080017A0034803F056FCBB7918460837BD4680BD8A
S315080017B0A802002080B582B000AF7860FFF7DEFF90
S315080017C003461A467B681A7000BF0837BD4680BDB7
S315080017D080B582B000AF0A4B4FF4FA721A80FFF751
S315080017E0CDFF0346FB71FB79FF2B03D0044B1B8807
S315080017F0002BF4D1FB7918460837BD4680BD00BFDB
S31508001800A202002080B584B000AF41F6FF73FB60EA
S31508001810FFF772FF0023BB6005E0FF20FFF77AFFA2
S31508001820BB680133BB60BB68092BF6DDFFF756FFC3
S3150800183040233B7000237B700023BB700023FB70A2
S3150800184000233B7195237B713B4606211846FFF71B
S315080018507BFF02E0FB68013BFB60FFF78FFF034657
S31508001860012B02D0FB68002BF4D1FFF745FFFF20C0
S31508001870FFF750FF034B01221A7000BF1037BD4611
S3150800188080BD00BFA502002080B400AF034B002234
S315080018901A7000BFBD465DF8047B7047A50200209C
S315080018A080B400AF034B1B781846BD465DF8047B31
S315080018B0704700BFA502002080B584B000AF7860ED
S315080018C03960134BC8221A80FFF758FF0346FB738B
S315080018D0FB7BFF2B03D10E4B1B88002BF4D1FB7B24
S315080018E0FE2B01D000230FE07B685A1C7A6018464D
S315080018F0FFF760FF3B685A1E3A60002BF4D1FFF7EA
S315080019003DFFFFF73BFF012318461037BD4680BD54
S31508001910A002002080B584B000AF78600B46FB704B
S315080019200023BB73FFF754FF0346FF2B01D00023A8
S315080019302FE0FB781846FFF7EDFEFB78FD2B20D04D
S315080019404FF400717868FFF7FFFEFFF717FFFFF700
S3150800195015FF0BE0FFF712FF0346FB73FB7B03F053
S315080019601F03052B06D0BB7B0133BB73BB7B402B08
S31508001970F0D900E000BF00BFFFF700FF0346002BC9
S31508001980FAD0FB7B03F01F03052B01D1012300E0EE
S31508001990002318461037BD4680BD80B584B000AF19
S315080019A003463960FB71FFF713FF0346FF2B01D08F
S315080019B0FF2342E0FB791846FFF7ACFE3B681B0E97
S315080019C0DBB21846FFF7A6FE3B681B0CDBB21846CF
S315080019D0FFF7A0FE3B681B0ADBB21846FFF79AFE24
S315080019E03B68DBB21846FFF795FEFB79402B02D120
S315080019F09523FB7307E0FB79482B02D18723FB73FA
S31508001A0001E00123FB73FB7B1846FFF783FEFB7996
S31508001A104C2B01D1FFF7B2FE0A23BB73FFF7AEFECC
S31508001A2003467B7397F90D30002B05DABB7B013B28
S31508001A30BB73BB7B002BF1D17B7B18461037BD46A9
S31508001A4080BD000090B585B000AF0346FB71FB79F9
S31508001A50002B01D00123D1E06A4B1B78DBB203F0DF
S31508001A600203002B03D0674B1B78DBB2C6E0FFF7F7
S31508001A70C9FEFFF733FE0023BB7300214020FFF7A2
S31508001A808CFF0346012B40F0A1805F4B4FF47A721E
S31508001A901A804FF4D5714820FFF77FFF0346012BC4
S31508001AA055D10023FB730CE0FC7BFFF767FE03466A
S31508001AB01A4604F110033B4403F8082CFB7B013358
S31508001AC0FB73FB7B032BEFD9BB7A012B7ED1FB7A09
S31508001AD0AA2B7BD100217720FFF75FFF0346012B56
S31508001AE007D84FF080416920FFF757FF0346002BC0
S31508001AF004D0454B1B88002BECD100E000BF424BBD
S31508001B001B88002B62D000217A20FFF746FF034688
S31508001B10002B5BD10023FB730CE0FC7BFFF72EFE4A
S31508001B2003461A4604F110033B4403F8082CFB7BD2
S31508001B300133FB73FB7B032BEFD93B7A03F040039E
S31508001B40002B01D00C2300E00423BB733EE00021E8
S31508001B507720FFF722FF0346012B08D800216920CA
S31508001B60FFF71BFF0346012B01D8022300E00123E0
S31508001B70BB73BB7B022B0ED100217720FFF70DFF2D
S31508001B800346012B0ED800216920FFF706FF0346FE
S31508001B90002B07D10CE000214120FFF7FEFE03468B
S31508001BA0002B04D0184B1B88002BE2D100E000BFA5
S31508001BB0154B1B88002B07D04FF400715020FFF7F8
S31508001BC0ECFE0346002B01D00023BB730F4ABB7BF8
S31508001BD01370FFF791FDFFF7D1FDBB7B002B08D0F3
S31508001BE0084B1B78DBB223F00103DAB2054B1A70F7
S31508001BF001E0FFF749FE034B1B78DBB218461437A2
S31508001C00BD4690BD00000020A0020020A4020020CE
S31508001C1080B483B000AF0346FB71FB79002B01D07B
S31508001C20012302E0044B1B78DBB218460C37BD468D
S31508001C305DF8047B704700BF0000002080B584B0C3
S31508001C4000AFB9607A603B600346FB73FB7B002BF1
S31508001C5002D13B68002B01D1042351E02A4B1B78A3
S31508001C60DBB203F00103002B01D0032348E0274B26
S31508001C701B7803F00403002B02D17B685B027B60B0
S31508001C80FFF72CFD3B68012B11D179685120FFF72E
S31508001C9084FE0346002B29D14FF40071B868FFF77C
S31508001CA00BFE0346002B21D000233B601EE079681B
S31508001CB05220FFF772FE0346002B17D14FF400712E
S31508001CC0B868FFF7F9FD0346002B0AD0BB6803F591
S31508001CD00073BB603B68013B3B603B68002BEDD162
S31508001CE000E000BF00214C20FFF757FEFFF704FD78
S31508001CF0FFF744FD3B68002B14BF01230023DBB22A
S31508001D0018461037BD4680BD00000020A4020020FA
S31508001D1080B584B000AFB9607A603B600346FB7358
S31508001D20FB7B002B02D13B68002B01D104236BE01F
S31508001D30374B1B78DBB203F00103002B01D00323DA
S31508001D4062E0334B1B78DBB203F00403002B01D0AF
S31508001D50022359E02F4B1B7803F00403002B02D112
S31508001D607B685B027B60FFF7B9FC3B68012B10D1EF
S31508001D7079685820FFF711FE0346002B3AD1FE2159
S31508001D80B868FFF7C7FD0346002B33D000233B6036
S31508001D9030E0204B1B7803F00203002B07D000210C
S31508001DA07720FFF7FAFD39685720FFF7F6FD7968BF
S31508001DB05920FFF7F2FD0346002B1BD1FC21B8681A
S31508001DC0FFF7A8FD0346002B0AD0BB6803F500738E
S31508001DD0BB603B68013B3B603B68002BEED100E0F3
S31508001DE000BFFD210020FFF795FD0346002B01D11A
S31508001DF001233B60FFF780FCFFF7C0FC3B68002B24
S31508001E0014BF01230023DBB218461037BD4680BD38
S31508001E1000000020A402002090B58BB000AF034656
S31508001E203A60FB710B46BB713B683B62FB79002B42
S31508001E3001D0042313E1012387F82730BB79052B4A
S31508001E4024D13B6A1B78022B12D0022B1ADC002BFA
S31508001E5002D0012B06D015E0FFF716FD002387F800
S31508001E602730FAE0FFF7CEFC002387F82730F4E0A6
S31508001E703B6A5C1CFFF714FD03462370002387F8B2
S31508001E802730EAE0042387F82730E6E0764B1B780C
S31508001E90DBB203F00103002B01D00323DFE0FFF7D9
S31508001EA01DFCBB790D2B00F2C98001A252F823F064
S31508001EB0A71F0008E91E0008971F00083D20000814
S31508001EC03D2000083D2000083D2000083D20000870
S31508001ED03D2000083D2000083D200008B91F0008E5
S31508001EE0DD1F00080120000800214920FFF755FDE5
S31508001EF00346002B40F0A68007F10C031021184674
S31508001F00FFF7DAFC0346002B00F09C803B7B9B091D
S31508001F10DBB2012B0DD17B7D1A463B7D1B029BB2A2
S31508001F2013449BB20133FB83FB8B9A023B681A600E
S31508001F302DE07B7C03F00F03DAB2BB7DDB09DBB255
S31508001F401344DAB27B7D5B00DBB203F00603DBB237
S31508001F501344DBB2023387F826303B7D9B09DBB29C
S31508001F601A46FB7C9B009BB213449AB2BB7C9B022D
S31508001F709BB203F440639BB213449BB20133FB83C9
S31508001F80FA8B97F82630093B9A403B681A6000237B
S31508001F9087F8273056E03B684FF400721A80002312
S31508001FA087F8273055E0FFF713FC0346FF2B4BD184
S31508001FB0002387F8273047E000214920FFF7EDFC8A
S31508001FC00346002B42D11021386AFFF775FC0346F9
S31508001FD0002B3BD0002387F8273037E000214A2022
S31508001FE0FFF7DBFC0346002B32D11021386AFFF7D6
S31508001FF063FC0346002B2BD0002387F8273027E005
S3150800200000217A20FFF7C9FC0346002B16D10023CE
S3150800201087F826300BE03C6A631C3B62FFF7AEFB91
S315080020200346237097F82630013387F8263097F849
S315080020302630032BEFD9002387F82730042387F8A7
S31508002040273006E000BF04E000BF02E000BF00E062
S3150800205000BFFFF751FBFFF791FB97F827301846AB
S315080020602C37BD4690BD00BF0000002080B483B069
S3150800207000AF78604FF06043D3F8803E03F0010369
S31508002080002B13D04FF06043D3F8003E03F0010352
S31508002090002B0BD000E000BF4FF060431B68002BFD
S315080020A0F9D04FF060437A68D2B21A707B68184646
S315080020B00C37BD465DF8047B704780B586B000AF27
S315080020C0F860B9607A6000237B6100237B6109E0D0
S315080020D0BB685A1CBA601B781846FFF7C7FF7B69AE
S315080020E001337B617A697B689A42F1DB7B68184623
S315080020F01837BD4680BD000080B582B000AF294BB9
S3150800210000221A7000F060FE00F05CF800F0D0F9CA
S3150800211000F0AAF805F06EFC00F062F900F030F95C
S3150800212000F08EF900F0DEF800F022FAFFF714F955
S3150800213000F0BAFE78601C4803F066FB0346002BE5
S3150800214002D01A4809F086FE01221949194804F0F6
S3150800215049F90346002B02D0174809F07BFE00F028
S31508002160A3FE02467B68D31A42F210729342F6D94E
S31508002170124BD3ED007A124B93ED007AF0EE470A34
S31508002180B0EE670A00F0BCFA00F08EFE7860054BE8
S315080021901B78002BE3D000F071FA024B00221A706C
S315080021A0DDE700BF892500200C030020F0010108A7
S315080021B08A250020680400200C0201088C250020CE
S315080021C09025002080B596B000AF07F1140344228D
S315080021D00021184609F0A4FF3B4600221A605A60FF
S315080021E09A60DA601A614FF4007001F007FA034644
S315080021F0002B01D000F008FB10237B610123FB6252
S3150800220000233B6360237B630223FB6301233B6458
S3150800221001237B641423BB640723FB6402233B6509
S3150800222002237B6507F11403184601F03DFA0346BD
S31508002230002B01D000F0E8FA0F233B6003237B60F4
S315080022400023BB600023FB6000233B613B46022161
S31508002250184601F005FE0346002B01D000F0D4FA1B
S3150800226000BF5837BD4680BD80B500AF1B4B1C4A22
S315080022701A601A4B4FF482725A60184B00229A6001
S31508002280164B4FF4E062DA60144B00221A61134BC6
S3150800229000225A61114B4FF400729A610F4B0022CB
S315080022A0DA610E4B00221A620C4B00225A620B4B63
S315080022B000229A62094B0722DA62084B00221A6347
S315080022C0064B08225A63054802F0AAFC0346002B6F
S315080022D001D000F099FA00BF80BD00BFA802002017
S315080022E00038004080B588B000AF07F1100300221F
S315080022F01A605A609A60DA603B1D00221A605A60BA
S315080023009A601E4B4FF080421A601C4B49F63F42BA
S315080023105A601A4B00229A60184B4EF65F22DA6012
S31508002320164B00221A61154B00229A61134803F0D6
S3150800233013FA0346002B01D000F066FA4FF48053D7
S315080023403B6107F1100319460C4803F0D4FB03461A
S31508002350002B01D000F058FA00237B600023FB60B5
S315080023603B1D1946054803F0F7FD0346002B01D02F
S3150800237000F04AFA00BF2037BD4680BD0C03002096
S3150800238080B500AF144B154A1A60134B4FF4E1326F
S315080023905A60114B00229A600F4B0022DA600E4BEE
S315080023A000221A610C4B0C225A610B4B00229A61CF
S315080023B0094B0022DA61084B00221A62064B0022FA
S315080023C05A62054803F06EFE0346002B01D000F062
S315080023D01BFA00BF80BD00BF58030020003801402B
S315080023E080B500AF144B154A1A60134B4FF4E1320F
S315080023F05A60114B00229A600F4B0022DA600E4B8E
S3150800240000221A610C4B0C225A610B4B00229A616E
S31508002410094B0022DA61084B00221A62064B002299
S315080024205A62054803F03EFE0346002B01D000F031
S31508002430EBF900BF80BD00BFE00300200044004068
S3150800244080B500AF184B194A1A60174B4FF416524D
S315080024505A60154B00229A60134B0022DA60124B21
S3150800246000221A61104B0C225A610F4B00229A6106
S315080024700D4B0022DA610C4B00221A620A4B00222D
S315080024805A62094803F00EFE0346002B01D000F0FD
S31508002490BBF900220021272000F011FE272000F0BA
S315080024A02AFE00BF80BD00BF680400200048004027
S315080024B080B588B000AF07F10C0300221A605A6095
S315080024C09A60DA601A61284BDB6C274A43F00403EA
S315080024D0D364254BDB6C03F00403BB60BB68224B5B
S315080024E0DB6C214A43F00103D3641F4BDB6C03F01A
S315080024F001037B607B681C4BDB6C1B4A43F00203C1
S31508002500D364194BDB6C03F002033B603B68002283
S315080025100221164801F032F8012220214FF090409E
S3150800252001F02CF80223FB6001233B6100237B6149
S315080025300023BB6107F10C0319460C4800F074FE32
S315080025402023FB6001233B6100237B610023BB61E1
S3150800255007F10C0319464FF0904000F065FE00BFE6
S315080025602037BD4680BD00BF001002400008004865
S3150800257080B584B000AF01223549364807F082FCA1
S3150800258003461A46344B1A70334B1B78002B05D07A
S31508002590314B1B781946314809F0F4FB304809F0ED
S315080025A059FC3A1D3B461946294808F014FA7B6837
S315080025B0DB69023B7A68528902FB03F31846FDF78A
S315080025C0A1FF4FF00002274BFEF716F802460B460E
S315080025D010461946FEF7E8FA0346FB607B685B89F6
S315080025E01A463B6802FB03F31846FDF78BFF4FF0CC
S315080025F000021C4BFEF700F802460B461046194629
S31508002600FEF7D2FA0346BB60BA68F968164809F0BD
S31508002610B9FB164B1B6833221946154807F078FC98
S3150800262003461A460C4B1A700B4B1B78002B05D029
S31508002630094B1B7819460F4809F0A4FB0E4809F008
S3150800264009FC0B4808F09DF900BF1037BD4680BD50
S3150800265028020108F0040020582500202C02010851
S31508002660480201080000E03F6C020108040000204F
S31508002670281500209C020108C002010880B58CB00C
S3150800268000AF2D220021184809F04AFD174B1B6898
S3150800269001221946164807F03BFC03461A46154B15
S315080026A01A70144B1B78002B0DD0134809F0D2FB77
S315080026B009E03B462D2219460B4809F058FD0A4900
S315080026C00E4809F05FFB3B46094A2D21184608F0DB
S315080026D037FA0346002BECD1054808F052F900BF3B
S315080026E03037BD4680BD00BF5C25002004000020B1
S315080026F02815002058250020D4020108F8020108F0
S31508002700B0B592B002AF87ED010AC7ED000A786846
S31508002710FDF71AFF04460D463868FDF715FF024611
S315080027200B4607F10C00CDE9002322462B460D493E
S3150800273009F0CEFB0C4B1B68322219460B4807F0F2
S31508002740E7FB03461A460A4B1A7007F10C030749BA
S31508002750184608F0AAFA054808F013F900BF4037EA
S31508002760BD46B0BD0C030108040000202815002052
S315080027705825002080B582B000AF78607B681B685A
S31508002780B3F1804F07D120214FF0904000F00EFFA3
S31508002790034B01221A7000BF0837BD4680BD00BF33
S315080027A08925002080B582B000AF78607B681B68F9
S315080027B0114A93421BD17B68D3F88430002B11D081
S315080027C07B68D3F8843019460C4809F0DBFA7B6835
S315080027D0D3F8843003F00803002B03D07B681B680A
S315080027E008221A6201220649064803F0FBFD00BFCB
S315080027F00837BD4680BD00BF0048004050030108A9
S315080028008A2500206804002080B400AF72B600BF95
S3150800281000BFFDE780B483B000AF0F4B1B6E0E4AB6
S3150800282043F0010313660C4B1B6E03F001037B6038
S315080028307B68094B9B6D084A43F080539365064BAA
S315080028409B6D03F080533B603B6800BF0C37BD4669
S315080028505DF8047B704700BF0010024080B58AB05F
S3150800286000AF786007F1140300221A605A609A6074
S31508002870DA601A617B681B68254A934244D1254B66
S315080028809B6D244A43F480439365224B9B6D03F466
S3150800289080433B613B691F4BDB6C1E4A43F00403D4
S315080028A0D3641C4BDB6C03F00403FB60FB68194B19
S315080028B0DB6C184A43F00203D364164BDB6C03F057
S315080028C00203BB60BB680C237B610223BB61002348
S315080028D0FB6103233B6205237B6207F11403194658
S315080028E00D4800F0A1FC4FF480637B610223BB61B5
S315080028F00023FB6103233B6205237B6207F1140374
S315080029001946064800F090FC00BF2837BD4680BD32
S315080029100038004000100240000800480004004843
S3150800292080B584B000AF78607B681B68B3F1804FD0
S3150800293013D10C4B9B6D0B4A43F001039365094B6E
S315080029409B6D03F00103FB60FB68002200211C203D
S3150800295000F0B5FB1C2000F0CEFB00BF1037BD46CB
S3150800296080BD00BF0010024080B5B0B000AF7860EF
S3150800297007F1AC0300221A605A609A60DA601A619D
S3150800298007F1240388220021184609F0C9FB7B6851
S315080029901B68674A93423DD101237B620023FB658E
S315080029A007F12403184601F07FFC0346002B01D0EB
S315080029B0FFF72AFF5F4B1B6E5E4A43F4804313669C
S315080029C05C4B1B6E03F480433B623B6A594BDB6CE2
S315080029D0584A43F00103D364564BDB6C03F00103FA
S315080029E0FB61FB694FF4C063C7F8AC300223C7F834
S315080029F0B0300023C7F8B4300323C7F8B83007232C
S31508002A00C7F8BC3007F1AC0319464FF0904000F008
S31508002A100BFC89E07B681B68474A93423CD102233A
S31508002A207B6200233B6607F12403184601F03CFC51
S31508002A300346002B01D0FFF7E7FE3E4B9B6D3D4A50
S31508002A4043F4003393653B4B9B6D03F40033BB6142
S31508002A50BB69384BDB6C374A43F00103D364354B0B
S31508002A60DB6C03F001037B617B690C23C7F8AC3090
S31508002A700223C7F8B0300023C7F8B4300323C7F8D9
S31508002A80B8300723C7F8BC3007F1AC0319464FF036
S31508002A90904000F0C9FB47E07B681B68274A9342D1
S31508002AA042D104237B6200237B6607F12403184680
S31508002AB001F0FAFB0346002B01D0FFF7A5FE1D4BDC
S31508002AC09B6D1C4A43F4802393651A4B9B6D03F454
S31508002AD080233B613B69174BDB6C164A43F00403C2
S31508002AE0D364144BDB6C03F00403FB60FB683023F0
S31508002AF0C7F8AC300223C7F8B0300023C7F8B430A3
S31508002B000323C7F8B8300723C7F8BC3007F1AC036E
S31508002B1019460B4800F088FB00220021272000F008
S31508002B20CEFA272000F0E7FA00BFC037BD4680BDC1
S31508002B3000380140001002400044004000480040B0
S31508002B400008004880B400AF00BFFDE780B400AFBE
S31508002B5000BFFDE780B400AF00BFFDE780B400AF5B
S31508002B6000BFFDE780B400AF00BFFDE780B400AF4B
S31508002B7000BFBD465DF8047B704780B400AF00BF58
S31508002B80BD465DF8047B704780B400AF00BFBD4604
S31508002B905DF8047B7047000080B500AF0B4B1B88BF
S31508002BA0002B05D0094B1B88013B9AB2074B1A80AC
S31508002BB0074B1B88002B05D0054B1B88013B9AB297
S31508002BC0034B1A8000F05CF900BF80BDA00200200C
S31508002BD0A202002080B500AF024802F085FE00BFC1
S31508002BE080BD00BF0C03002080B500AF024803F08B
S31508002BF045FC00BF80BD00BF6804002080B400AF5C
S31508002C0001231846BD465DF8047B704780B582B03F
S31508002C1000AF7860396009F01DFB034616221A607A
S31508002C204FF0FF3318460837BD4680BD80B582B0E1
S31508002C3000AF78604FF0FF317868FFF7E7FF00BF15
S31508002C40FDE780B586B000AFF860B9607A6000230A
S31508002C507B610AE0AFF300800146BB685A1CBA6084
S31508002C60CAB21A707B6901337B617A697B689A42BA
S31508002C70F0DB7B6818461837BD4680BD80B483B044
S31508002C8000AF78604FF0FF3318460C37BD465DF845
S31508002C90047B704780B483B000AF786039603B68C6
S31508002CA04FF400525A60002318460C37BD465DF8AB
S31508002CB0047B704780B483B000AF78600123184660
S31508002CC00C37BD465DF8047B704780B485B000AF0D
S31508002CD0F860B9607A60002318461437BD465DF877
S31508002CE0047B704780B586B000AF7860144A154BF0
S31508002CF0D31A7B617B693B61134B1B68002B02D19E
S31508002D00114B124A1A60104B1A687B6813443A69C9
S31508002D109A4207D209F09EFA03460C221A604FF02F
S31508002D20FF3309E0084B1B68FB60074B1A687B6892
S31508002D301344054A1360FB6818461837BD4680BD1C
S31508002D400080012000040000942500202829002086
S31508002D5080B400AF064BD3F88830054A43F47003B5
S31508002D60C2F8883000BFBD465DF8047B704700BFD7
S31508002D7000ED00E0DFF834D0FFF7EAFF0C480D4914
S31508002D800D4A002302E0D458C4500433C4188C42B8
S31508002D90F9D30A4A0A4C002301E013600432A2421E
S31508002DA0FBD309F05DFAFFF7A7F9FEE700800120DB
S31508002DB000000020F0010020940C0108F00100201A
S31508002DC024290020FEE7000080B582B000AF00236A
S31508002DD0FB710C4B1B680B4A43F48073136003208A
S31508002DE000F062F9002000F00FF80346002B02D02D
S31508002DF00123FB7101E0FFF70DFDFB791846083743
S31508002E00BD4680BD0020024080B584B000AF786022
S31508002E100023FB73174B1B78002B23D0164B1A681D
S31508002E20144B1B7819464FF47A73B3FBF1F3B2FBD4
S31508002E30F3F3184600F06DF90346002B0FD17B68B3
S31508002E400F2B09D8002279684FF0FF3000F037F9C8
S31508002E500A4A7B68136007E00123FB7304E0012339
S31508002E60FB7301E00123FB73FB7B18461037BD4655
S31508002E7080BD00BF10000020080000200C000020C4
S31508002E8080B400AF064B1B781A46064B1B681344E2
S31508002E90044A136000BFBD465DF8047B704700BF57
S31508002EA0100000209825002080B400AF034B1B6853
S31508002EB01846BD465DF8047B704700BF982500207C
S31508002EC080B584B000AF7860FFF7EEFFB8607B6826
S31508002ED0FB60FB68B3F1FF3F05D00A4B1B781A4627
S31508002EE0FB681344FB6000BFFFF7DEFF0246BB68C2
S31508002EF0D31AFA689A42F7D800BF00BF1037BD4602
S31508002F0080BD00BF1000002080B485B000AF786097
S31508002F107B6803F00703FB600C4BDB68BB60BA6891
S31508002F204FF6FF031340BB60FB681A02BB681343E6
S31508002F3043F0BF6343F40033BB60044ABB68D36005
S31508002F4000BF1437BD465DF8047B704700ED00E00E
S31508002F5080B400AF044BDB681B0A03F0070318466E
S31508002F60BD465DF8047B704700ED00E080B483B091
S31508002F7000AF0346FB7197F90730002B0BDBFB7993
S31508002F8003F01F02074997F907305B09012000FA89
S31508002F9002F241F8232000BF0C37BD465DF8047BDA
S31508002FA0704700BF00E100E080B483B000AF03467D
S31508002FB03960FB7197F90730002B0ADB3B68DAB2F8
S31508002FC00C4997F907301201D2B20B4483F8002353
S31508002FD00AE03B68DAB20849FB7903F00F03043BC1
S31508002FE01201D2B20B441A7600BF0C37BD465DF803
S31508002FF0047B704700E100E000ED00E080B489B092
S3150800300000AFF860B9607A60FB6803F00703FB61FC
S31508003010FB69C3F10703042B28BF0423BB61FB69C3
S315080030200433062B02D9FB69033B00E000237B61CE
S315080030304FF0FF32BB6902FA03F3DA43BB681A4062
S315080030407B699A404FF0FF317B6901FA03F3D94354
S315080030507B680B40134318462437BD465DF8047B4E
S315080030607047000080B582B000AF78607B68013B8E
S31508003070B3F1807F01D301230FE00A4A7B68013B45
S3150800308053600F214FF0FF30FFF78EFF054B0022EC
S315080030909A60044B07221A60002318460837BD4673
S315080030A080BD00BF10E000E080B582B000AF786058
S315080030B07868FFF729FF00BF0837BD4680BD80B591
S315080030C086B000AF0346B9607A60FB7300237B6164
S315080030D0FFF73EFF78617A68B9687869FFF78EFF6F
S315080030E0024697F90F3011461846FFF75DFF00BFF5
S315080030F01837BD4680BD80B582B000AF0346FB7168
S3150800310097F907301846FFF731FF00BF0837BD4665
S3150800311080BD80B582B000AF78607868FFF7A2FFFF
S31508003120034618460837BD4680BD80B485B000AF53
S3150800313078600023FB737B6893F82530DBB2022B9B
S3150800314008D07B680422DA637B68002283F824208F
S31508003150012322E07B681B681A687B681B6822F0DB
S315080031600E021A607B681B681A687B681B6822F067
S3150800317001021A607B685B6C03F01C027B681B6C9F
S31508003180012101FA02F25A607B68012283F82520A0
S315080031907B68002283F82420FB7B18461437BD463B
S315080031A05DF8047B704780B584B000AF7860002373
S315080031B0FB737B6893F82530DBB2022B05D07B685E
S315080031C00422DA630123FB7329E07B681B681A680B
S315080031D07B681B6822F00E021A607B681B681A68F7
S315080031E07B681B6822F001021A607B685B6C03F03F
S315080031F01C027B681B6C012101FA02F25A607B688B
S31508003200012283F825207B68002283F824207B6826
S315080032109B6B002B03D07B689B6B78689847FB7B7E
S3150800322018461037BD4680BD80B487B000AF7860B9
S31508003230396000237B617FE13B681A6801217B695D
S3150800324001FA03F31340FB60FB68002B00F0718161
S315080032503B685B6803F00303012B05D03B685B689A
S3150800326003F00303022B30D17B689B683B617B69C3
S315080032705B00032202FA03F3DB433A6913403B611E
S315080032803B68DA687B695B0002FA03F33A69134321
S315080032903B617B683A699A607B685B683B6101229F
S315080032A07B6902FA03F3DB433A6913403B613B68E7
S315080032B05B681B0903F001027B6902FA03F33A69AA
S315080032C013433B617B683A695A603B685B6803F065
S315080032D00303032B18D17B68DB6A3B6101227B69F8
S315080032E002FA03F3DB433A6913403B613B685B68C8
S315080032F0DB0803F001027B6902FA03F33A69134318
S315080033003B617B683A69DA623B685B6803F00303F2
S31508003310032B17D07B68DB683B617B695B00032264
S3150800332002FA03F3DB433A6913403B613B689A6848
S315080033307B695B0002FA03F33A6913433B617B68D6
S315080033403A69DA603B685B6803F00303022B23D112
S315080033507B69DA087B68083253F822303B617B695F
S3150800336003F007039B000F2202FA03F3DB433A69D3
S3150800337013403B613B681A697B6903F007039B00AE
S3150800338002FA03F33A6913433B617B69DA087B68FF
S315080033900832396943F822107B681B683B617B69F0
S315080033A05B00032202FA03F3DB433A6913403B61ED
S315080033B03B685B6803F003027B695B0002FA03F370
S315080033C03A6913433B617B683A691A603B685B68F4
S315080033D003F44033002B00F0AC805F4B1B6E5E4A53
S315080033E043F0010313665C4B1B6E03F00103BB60DD
S315080033F0BB685A4A7B699B08023352F823303B6103
S315080034007B6903F003039B000F2202FA03F3DB43F5
S315080034103A6913403B617B68B3F1904F25D07B68CE
S315080034204F4A93421FD07B684E4A934219D07B6815
S315080034304D4A934213D07B684C4A93420DD07B6821
S315080034404B4A934207D07B684A4A934201D10623E6
S315080034500CE007230AE0052308E0042306E003231B
S3150800346004E0022302E0012300E000237A6902F067
S315080034700302920093403A6913433B6137497B69DB
S315080034809B0802333A6941F823203B4B9B683B6112
S31508003490FB68DB433A6913403B613B685B6803F4AE
S315080034A08013002B03D03A69FB6813433B61324A09
S315080034B03B699360304BDB683B61FB68DB433A69E9
S315080034C013403B613B685B6803F40013002B03D091
S315080034D03A69FB6813433B61274A3B69D360264B2D
S315080034E05B683B61FB68DB433A6913403B613B68B9
S315080034F05B6803F40033002B03D03A69FB68134377
S315080035003B611D4A3B6953601B4B1B683B61FB686B
S31508003510DB433A6913403B613B685B6803F48033DD
S31508003520002B03D03A69FB6813433B61124A3B6997
S3150800353013607B6901337B613B681A687B6922FAF1
S3150800354003F3002B7FF478AE00BF00BF1C37BD46DF
S315080035505DF8047B704700BF001002400000014080
S315080035600004004800080048000C00480010004805
S3150800357000140048001800480004014080B483B0D5
S3150800358000AF78600B467B8013467B707B78002BF8
S3150800359003D07A887B689A6102E07A887B689A62A7
S315080035A000BF0C37BD465DF8047B704780B485B014
S315080035B000AF78600B467B807B685B69FB607A8826
S315080035C0FB6813401A04FB68D9437B880B401A43EF
S315080035D07B689A6100BF1437BD465DF8047B704767
S315080035E080B400AF044B1B6803F4C0631846BD469D
S315080035F05DF8047B704700BF0070004080B485B05A
S3150800360000AF78607B68B3F5007F30D1234B1B6829
S3150800361003F4C063B3F5007F38D0204B1B6823F44E
S31508003620C0631E4A43F4007313601D4B1B683222A5
S3150800363002FB03F31B4AA2FB03239B0C0133FB602B
S3150800364002E0FB68013BFB60144B5B6903F4806393
S31508003650B3F5806F02D1FB68002BF2D10F4B5B6983
S3150800366003F48063B3F5806F10D103230FE00B4B8F
S315080036701B6803F4C063B3F5806F07D0074B1B685C
S3150800368023F4C063054A43F4806313600023184695
S315080036901437BD465DF8047B704700BF00700040D4
S315080036A00800002083DE1B4380B588B000AF786031
S315080036B07B68002B01D10123CAE3974B9B6803F073
S315080036C00C03BB61944BDB6803F003037B617B68E7
S315080036D01B6803F01003002B00F0E480BB69002B85
S315080036E007D0BB690C2B40F08B807B69012B40F01F
S315080036F08780894B1B6803F00203002B05D07B6883
S315080037009B69002B01D10123A2E37B681A6A824BCD
S315080037101B6803F00803002B04D07F4B1B6803F0DB
S31508003720F00305E07C4BD3F894301B0903F0F00353
S31508003730934223D27B681B6A184600F055FD034660
S31508003740002B01D0012383E3734B1B68724A43F0B5
S3150800375008031360704B1B6823F0F0027B681B6A32
S315080037606D4913430B606C4B5B6823F47F427B689F
S31508003770DB691B02684913434B6025E0664B1B68EF
S31508003780654A43F008031360634B1B6823F0F00295
S315080037907B681B6A604913430B605F4B5B6823F4C5
S315080037A07F427B68DB691B025B4913434B60BB693D
S315080037B0002B09D17B681B6A184600F015FD0346E5
S315080037C0002B01D0012343E300F04AFC0246524B8A
S315080037D09B681B0903F00F035049CB5C03F01F03DA
S315080037E022FA03F34E4A13604E4B1B681846FFF73E
S315080037F00BFB0346FB73FB7B002B52D0FB7B27E3BB
S315080038007B689B69002B32D0434B1B68424A43F0C6
S3150800381001031360FFF748FB386108E0FFF744FB34
S3150800382002463B69D31A022B01D9032310E33A4B0C
S315080038301B6803F00203002BF0D0374B1B68364A8F
S3150800384043F008031360344B1B6823F0F0027B68CF
S315080038501B6A314913430B602F4B5B6823F47F4285
S315080038607B68DB691B022C4913434B601AE02A4B21
S315080038701B68294A23F001031360FFF715FB38611B
S3150800388008E0FFF711FB02463B69D31A022B01D960
S315080038900323DDE2204B1B6803F00203002BF0D163
S315080038A000E000BF7B681B6803F00103002B74D09F
S315080038B0BB69082B05D0BB690C2B0ED17B69032B82
S315080038C00BD1154B1B6803F40033002B64D07B68BF
S315080038D05B68002B60D10123BAE27B685B68B3F5AD
S315080038E0803F06D10C4B1B680B4A43F480331360A8
S315080038F026E07B685B68B3F5A02F15D1064B1B68DD
S31508003900054A43F480231360034B1B68024A43F4B9
S315080039108033136014E000BF00100240B8030108AA
S31508003920080000200C000020A04B1B689F4A23F4C7
S31508003930803313609D4B1B689C4A23F480231360D5
S315080039407B685B68002B13D0FFF7AEFA386108E096
S31508003950FFF7AAFA02463B69D31A642B01D9032357
S3150800396076E2924B1B6803F40033002BF0D014E088
S31508003970FFF79AFA386108E0FFF796FA02463B69BC
S31508003980D31A642B01D9032362E2884B1B6803F41C
S315080039900033002BF0D100E000BF7B681B6803F002
S315080039A00203002B60D0BB69042B05D0BB690C2B26
S315080039B019D17B69022B16D17C4B1B6803F48063F3
S315080039C0002B05D07B68DB68002B01D101233FE281
S315080039D0764B5B6823F0F8527B681B691B067349B4
S315080039E013434B6040E07B68DB68002B23D06F4BAA
S315080039F01B686E4A43F480731360FFF755FA386103
S31508003A0008E0FFF751FA02463B69D31A022B01D99F
S31508003A1003231DE2654B1B6803F48063002BF0D07B
S31508003A20624B5B6823F0F8527B681B691B065F498B
S31508003A3013434B6018E05D4B1B685C4A23F48073A4
S31508003A401360FFF731FA386108E0FFF72DFA0246EE
S31508003A503B69D31A022B01D90323F9E1534B1B689F
S31508003A6003F48063002BF0D17B681B6803F008031E
S31508003A70002B3CD07B685B69002B1CD04B4BD3F8E2
S31508003A8094304A4A43F00103C2F89430FFF70CFA1F
S31508003A90386108E0FFF708FA02463B69D31A022B99
S31508003AA001D90323D4E1414BD3F8943003F0020340
S31508003AB0002BEFD01BE03D4BD3F894303B4A23F064
S31508003AC00103C2F89430FFF7EFF9386108E0FFF711
S31508003AD0EBF902463B69D31A022B01D90323B7E156
S31508003AE0324BD3F8943003F00203002BEFD17B68F6
S31508003AF01B6803F00403002B00F0A6800023FB7765
S31508003B002A4B9B6D03F08053002B0DD1274B9B6DE1
S31508003B10264A43F080539365244B9B6D03F08053EC
S31508003B20BB60BB680123FB77214B1B6803F48073DA
S31508003B30002B18D11E4B1B681D4A43F48073136073
S31508003B40FFF7B2F9386108E0FFF7AEF902463B69BC
S31508003B50D31A022B01D903237AE1154B1B6803F408
S31508003B608073002BF0D07B689B68012B08D10F4B24
S31508003B70D3F890300D4A43F00103C2F8903029E09B
S31508003B807B689B68052B15D1084BD3F89030074AFC
S31508003B9043F00403C2F89030044BD3F89030034A3C
S31508003BA043F00103C2F8903014E000BF0010024051
S31508003BB0007000409C4BD3F890309B4A23F00103D9
S31508003BC0C2F89030984BD3F89030974A23F0040304
S31508003BD0C2F890307B689B68002B16D0FFF764F913
S31508003BE038610AE0FFF760F902463B69D31A41F2E9
S31508003BF08832934201D903232AE18B4BD3F89030BC
S31508003C0003F00203002BEDD015E0FFF74DF93861FC
S31508003C100AE0FFF749F902463B69D31A41F28832AE
S31508003C20934201D9032313E17F4BD3F8903003F075
S31508003C300203002BEDD1FB7F012B05D17A4B9B6D3F
S31508003C40794A23F0805393657B689B6A002B00F0C2
S31508003C50FE807B689B6A022B40F0D080724BDB6843
S31508003C607B617B6903F003027B68DB6A9A4230D189
S31508003C707B6903F070027B681B6B013B1B019A4250
S31508003C8027D17B6903F4FE427B685B6B1B029A4271
S31508003C901FD17B6903F400337A68926B072A14BF35
S31508003CA001220022D2B2934213D17B6903F4C002E7
S31508003CB07B68DB6B5B08013B5B059A4209D17B6934
S31508003CC003F0C0627B681B6C5B08013B5B069A428B
S31508003CD06ED0BB690C2B69D0534B1B6803F080630D
S31508003CE0002B05D1504B1B6803F08053002B01D0E5
S31508003CF00123ADE04C4B1B684B4A23F080731360DD
S31508003D00FFF7D2F8386108E0FFF7CEF802463B69BC
S31508003D10D31A022B01D903239AE0434B1B6803F0FD
S31508003D200073002BF0D1404BDA68404B13407A6899
S31508003D30D16A7A68126B013A120111437A68526B9A
S31508003D40120211437A68D26B5208013A520511439E
S31508003D507A68126C5208013A520611437A68926BD5
S31508003D60120952040A4330491343CB602E4B1B6891
S31508003D702D4A43F0807313602B4BDB682A4A43F0C5
S31508003D808073D360FFF790F8386108E0FFF78CF886
S31508003D9002463B69D31A022B01D9032358E0224B6A
S31508003DA01B6803F00073002BF0D050E001234FE0AE
S31508003DB01D4B1B6803F00073002B48D11A4B1B6878
S31508003DC0194A43F080731360174BDB68164A43F0B1
S31508003DD08073D360FFF768F8386108E0FFF764F886
S31508003DE002463B69D31A022B01D9032330E00E4B56
S31508003DF01B6803F00073002BF0D028E0BB690C2B7E
S31508003E0023D0094B1B68084A23F080731360FFF719
S31508003E104BF838610CE0FFF747F802463B69D31ABE
S31508003E20022B05D9032313E0001002408C809DF96C
S31508003E30094B1B6803F00073002BECD1064BDA68BC
S31508003E400549064B1340CB6001E0012300E000233F
S31508003E5018462037BD4680BD00100240FCFFEEFE26
S31508003E6080B584B000AF786039607B68002B01D1DB
S31508003E700123E7E0754B1B6803F007033A689A428B
S31508003E8010D9724B1B6823F0070270493B6813432D
S31508003E900B606E4B1B6803F007033A689A4201D021
S31508003EA00123CFE07B681B6803F00203002B10D0C8
S31508003EB07B689A68664B9B6803F0F0039A4208D9B8
S31508003EC0634B9B6823F0F0027B689B686049134349
S31508003ED08B607B681B6803F00103002B4CD07B6862
S31508003EE05B68032B07D15A4B1B6803F00073002B42
S31508003EF021D10123A6E07B685B68022B07D1544BCE
S31508003F001B6803F40033002B15D101239AE07B6864
S31508003F105B68002B07D14E4B1B6803F00203002B8E
S31508003F2009D101238EE04A4B1B6803F48063002BFA
S31508003F3001D1012386E0464B9B6823F003027B6888
S31508003F405B68434913438B60FEF7AEFFF8600AE0EF
S31508003F50FEF7AAFF0246FB68D31A41F2883293425B
S31508003F6001D903236EE03A4B9B6803F00C027B6889
S31508003F705B689B009A42EBD17B681B6803F00203DF
S31508003F80002B10D07B689A68314B9B6803F0F003CE
S31508003F909A4208D22E4B9B6823F0F0027B689B68F6
S31508003FA02B4913438B60294B1B6803F007033A68B8
S31508003FB09A4210D2254B1B6823F0070223493B6817
S31508003FC013430B60214B1B6803F007033A689A42B8
S31508003FD001D0012336E07B681B6803F00403002B3D
S31508003FE008D01B4B9B6823F4E0627B68DB681849A2
S31508003FF013438B607B681B6803F00803002B09D00A
S31508004000134B9B6823F460527B681B69DB001049DD
S3150800401013438B6000F024F802460D4B9B681B097E
S3150800402003F00F030B49CB5C03F01F0322FA03F3DB
S31508004030094A1360094B1B681846FEF7E5FE034656
S31508004040FB72FB7A18461037BD4680BD0020024039
S3150800405000100240B8030108080000200C000020E8
S3150800406080B489B000AF0023FB610023BB613E4BDF
S315080040709B6803F00C033B613B4BDB6803F00303CF
S31508004080FB603B69002B05D03B690C2B21D1FB68F3
S31508004090012B1ED1344B1B6803F00803002B07D1F4
S315080040A0314BD3F894301B0A03F00F03FB6105E08C
S315080040B02D4B1B681B0903F00F03FB612B4AFB6999
S315080040C052F82330FB613B69002B0DD1FB69BB61BC
S315080040D00AE03B69042B02D1254BBB6104E03B692E
S315080040E0082B01D1234BBB613B690C2B34D11E4BEA
S315080040F0DB6803F00303BB60BB68022B03D0BB6815
S31508004100032B03D005E01A4B7B6105E0194B7B6155
S3150800411002E0FB697B6100BF134BDB681B0903F0F8
S31508004120070301337B60104BDB681B0A03F07F0330
S315080041307A6903FB02F27B68B2FBF3F37B610A4BF5
S31508004140DB685B0E03F0030301335B003B607A69AF
S315080041503B68B2FBF3F3BB61BB6918462437BD461F
S315080041605DF8047B704700BF00100240D0030108C9
S315080041700024F40000127A0080B400AF034B1B68D9
S315080041801846BD465DF8047B704700BF080000204E
S3150800419080B500AFFFF7F0FF0246064B9B681B0A87
S315080041A003F007030449CB5C03F01F0322FA03F369
S315080041B0184680BD00100240C803010880B500AF4C
S315080041C0FFF7DAFF0246064B9B68DB0A03F0070394
S315080041D00449CB5C03F01F0322FA03F3184680BD9B
S315080041E000100240C803010880B586B000AF7860A9
S315080041F000233B612A4B9B6D03F08053002B03D0B1
S31508004200FFF7EEF9786114E0254B9B6D244A43F0DD
S3150800421080539365224B9B6D03F08053FB60FB68CC
S31508004220FFF7DEF978611E4B9B6D1D4A23F080531C
S3150800423093657B69B3F5007F0BD17B68802B19D911
S315080042407B68A02B02D902233B6113E001233B6163
S3150800425010E07B68802B02D903233B610AE07B6868
S31508004260802B02D102233B6104E07B68702B01D1CD
S3150800427001233B610B4B1B6823F0070209493B6985
S3150800428013430B60074B1B6803F007033A699A420E
S3150800429001D0012300E0002318461837BD4680BD2B
S315080042A0001002400020024080B586B000AF78605A
S315080042B00023FB740023BB747B681B6803F400634C
S315080042C0002B41D07B685B6EB3F5400F2AD0B3F55F
S315080042D0400F24D8B3F5000F08D0B3F5000F1ED849
S315080042E0002B0AD0B3F5800F10D018E0864BDB6898
S315080042F0854A43F48033D36015E07B680433002194
S31508004300184600F0BBFA0346FB740CE07B682033C2
S315080043100021184600F0A6FB0346FB7403E00123C0
S31508004320FB7400E000BFFB7C002B0BD1764BD3F867
S31508004330883023F440027B685B6E73491343C1F8E7
S31508004340883001E0FB7CBB747B681B6803F48053F0
S31508004350002B41D07B689B6EB3F1407F2AD0B3F126
S31508004360407F24D8B3F1007F08D0B3F1007F1ED870
S31508004370002B0AD0B3F1807F10D018E0624BDB68BF
S31508004380614A43F48033D36015E07B680433002127
S31508004390184600F073FA0346FB740CE07B6820337A
S315080043A00021184600F05EFB0346FB7403E0012378
S315080043B0FB7400E000BFFB7C002B0BD1524BD3F8FB
S315080043C0883023F040727B689B6E4F491343C1F8CF
S315080043D0883001E0FB7CBB747B681B6803F4003300
S315080043E0002B00F0A08000237B74474B9B6D03F0E5
S315080043F08053002B01D1012300E00023002B0DD0B0
S31508004400414B9B6D404A43F0805393653E4B9B6DF1
S3150800441003F08053BB60BB6801237B743B4B1B686E
S315080044203A4A43F480731360FEF73EFDF86009E0EC
S31508004430FEF73AFD0246FB68D31A022B02D903237C
S31508004440FB7405E0314B1B6803F48073002BEFD037
S31508004450FB7C002B5CD12C4BD3F8903003F44073D3
S315080044607B617B69002B1FD07B68D3F884307A691F
S315080044709A4219D0244BD3F8903023F440737B61C9
S31508004480214BD3F89030204A43F48033C2F8903059
S315080044901D4BD3F890301C4A23F48033C2F8903071
S315080044A0194A7B69C2F890307B6903F00103002B37
S315080044B016D0FEF7F9FCF8600BE0FEF7F5FC0246AD
S315080044C0FB68D31A41F28832934202D90323FB745C
S315080044D006E00D4BD3F8903003F00203002BECD026
S315080044E0FB7C002B0CD1084BD3F8903023F4407298
S315080044F07B68D3F8843004491343C1F8903009E047
S31508004500FB7CBB7406E000BF001002400070004050
S31508004510FB7CBB747B7C012B05D19E4B9B6D9D4A16
S3150800452023F0805393657B681B6803F00103002B17
S315080045300AD0984BD3F8883023F003027B689B6B2C
S3150800454094491343C1F888307B681B6803F002035B
S31508004550002B0AD08F4BD3F8883023F00C027B68E7
S31508004560DB6B8C491343C1F888307B681B6803F002
S315080045700403002B0AD0874BD3F8883023F0300287
S315080045807B681B6C83491343C1F888307B681B68BA
S3150800459003F00803002B0AD07E4BD3F8883023F0AB
S315080045A0C0027B685B6C7B491343C1F888307B6823
S315080045B01B6803F01003002B0AD0764BD3F888301B
S315080045C023F440727B689B6C72491343C1F88830A8
S315080045D07B681B6803F02003002B0AD06D4BD3F8C9
S315080045E0883023F440627B68DB6C6A491343C1F860
S315080045F088307B681B6803F40073002B0AD0654B70
S31508004600D3F8883023F440227B68DB6D6149134375
S31508004610C1F888307B681B6803F48063002B0AD0D6
S315080046205C4BD3F8883023F440127B681B6E5949DB
S315080046301343C1F888307B681B6803F04003002BDE
S315080046400AD0544BD3F8883023F440527B681B6D4C
S3150800465050491343C1F888307B681B6803F0800310
S31508004660002B0AD04B4BD3F8883023F440427B68A2
S315080046705B6D48491343C1F888307B681B6803F4AF
S315080046808073002B0AD0434BD3F8883023F440328A
S315080046907B689B6D3F491343C1F888307B681B686C
S315080046A003F40053002B28D03A4BD3F8883023F074
S315080046B040627B68DB6E37491343C1F888307B68F4
S315080046C0DB6EB3F1006F06D1324BDB68314A43F437
S315080046D08013D36011E07B68DB6EB3F1806F0CD179
S315080046E07B6804330121184600F0C8F80346FB74BA
S315080046F0FB7C002B01D0FB7CBB747B681B6803F436
S315080047000023002B28D0234BD3F8883023F04062AF
S315080047107B681B6F1F491343C1F888307B681B6F82
S31508004720B3F1006F06D11B4BDB681A4A43F48013BA
S31508004730D36011E07B681B6FB3F1806F0CD17B6887
S3150800474004330121184600F099F80346FB74FB7CF4
S31508004750002B01D0FB7CBB747B681B6803F48023A9
S31508004760002B2BD00B4BD3F8883023F040627B68A4
S315080047705B6F08491343C1F888307B685B6FB3F1F8
S31508004780006F09D1034BDB68024A43F48013D360F8
S3150800479014E000BF001002407B685B6FB3F1806FC6
S315080047A00CD17B6804330121184600F067F80346EC
S315080047B0FB74FB7C002B01D0FB7CBB747B681B68FD
S315080047C003F48043002B2FD02B4BD3F8883023F0EB
S315080047D040527B689B6F28491343C1F888307B6831
S315080047E09B6FB3F1805F0DD17B68043302211846B5
S315080047F000F044F80346FB74FB7C002B14D0FB7CCA
S31508004800BB7411E07B689B6FB3F1005F0CD17B68CA
S3150800481020330221184600F025F90346FB74FB7C79
S31508004820002B01D0FB7CBB747B681B6803F4004338
S31508004830002B0AD0104BD3F8883023F080427B68CF
S31508004840DB6F0D491343C1F888307B681B6803F496
S315080048508033002B0BD0084BD3F8883023F0004266
S315080048607B68D3F8803004491343C1F88830BB7C91
S3150800487018461837BD4680BD0010024080B584B082
S3150800488000AF786039600023FB73754BDB6803F073
S315080048900303002B18D0724BDB6803F003027B6816
S315080048A01B689A420DD17B681B68002B09D06C4B9C
S315080048B0DB681B0903F007035A1C7B685B689A428E
S315080048C047D00123FB7344E07B681B68032B18D091
S315080048D0032B25D8012B02D0022B09D020E0604BF0
S315080048E01B6803F00203002B1DD10123FB731AE09A
S315080048F05B4B1B6803F48063002B16D10123FB7303
S3150800490013E0574B1B6803F40033002B0FD1544BAD
S315080049101B6803F48023002B09D10123FB7306E0EF
S315080049200123FB7304E000BF02E000BF00E000BF04
S31508004930FB7B002B0DD14A4BDB6823F073027B68A7
S3150800494019687B685B68013B1B010B4344491343A9
S31508004950CB60FB7B002B7DD1414B1B68404A23F083
S3150800496080631360FEF7A0FAB86009E0FEF79CFAC8
S315080049700246BB68D31A022B02D90323FB7305E050
S31508004980374B1B6803F00063002BEFD1FB7B002B32
S3150800499060D13B68002B11D1314B1B6923F41F33BF
S315080049A023F440737A68926811027A68D268120909
S315080049B052040A432A4913430B6127E03B68012B3B
S315080049C012D1274B1B6923F4C00323F4FE437A68EC
S315080049D0926811027A6812695208013A52050A4326
S315080049E01F4913430B6111E01D4B1B6923F0C0637C
S315080049F023F4FE437A68926811027A68526952086B
S31508004A00013A52060A43164913430B61144B1B68B5
S31508004A10134A43F080631360FEF746FAB86009E06C
S31508004A20FEF742FA0246BB68D31A022B02D90323C1
S31508004A30FB7305E00A4B1B6803F00063002BEFD0FD
S31508004A40FB7B002B06D1064B1A697B689B690449D8
S31508004A5013430B61FB7B18461037BD4680BD00BF6C
S31508004A600010024080B584B000AF7860396000233A
S31508004A70FB736A4BDB6803F00303002B18D0674B04
S31508004A80DB6803F003027B681B689A420DD17B68DA
S31508004A901B68002B09D0614BDB681B0903F0070371
S31508004AA05A1C7B685B689A4247D00123FB7344E033
S31508004AB07B681B68032B18D0032B25D8012B02D043
S31508004AC0022B09D020E0554B1B6803F00203002B8C
S31508004AD01DD10123FB731AE0504B1B6803F4806356
S31508004AE0002B16D10123FB7313E04C4B1B6803F410
S31508004AF00033002B0FD1494B1B6803F48023002B8E
S31508004B0009D10123FB7306E00123FB7304E000BF10
S31508004B1002E000BF00E000BFFB7B002B0DD13F4B3E
S31508004B20DB6823F073027B6819687B685B68013B66
S31508004B301B010B4339491343CB60FB7B002B67D121
S31508004B40364B1B68354A23F080531360FEF7ACF9E1
S31508004B50B86009E0FEF7A8F90246BB68D31A022B2B
S31508004B6002D90323FB7305E02C4B1B6803F00053A3
S31508004B70002BEFD1FB7B002B4AD13B68002B11D1D0
S31508004B80264B5B6923F41F3323F440737A689268D3
S31508004B9011027A68D268120952040A431F4913435C
S31508004BA04B6111E01D4B5B6923F0C06323F4FE43A0
S31508004BB07A68926811027A6812695208013A5206AE
S31508004BC00A43164913434B61144B1B68134A43F0B7
S31508004BD080531360FEF768F9B86009E0FEF764F9D8
S31508004BE00246BB68D31A022B02D90323FB7305E0DE
S31508004BF00A4B1B6803F00053002BEFD0FB7B002BFE
S31508004C0006D1064B5A697B685B69044913434B61B5
S31508004C10FB7B18461037BD4680BD00BF001002401A
S31508004C2080B584B000AF78607B68002B01D1012382
S31508004C3095E07B685B6A002B08D17B685B68B3F5F7
S31508004C40827F09D07B680022DA6105E07B68002252
S31508004C501A617B6800225A617B6800229A627B6827
S31508004C6093F85D30DBB2002B06D17B68002283F80F
S31508004C705C207868FDF7F2FD7B68022283F85D20E8
S31508004C807B681B681A687B681B6822F040021A60FA
S31508004C907B68DB68B3F5E06F02D90023FB6002E0AE
S31508004CA04FF48053FB607B68DB68B3F5706F07D001
S31508004CB07B68DB68B3F5E06F02D07B6800229A62F6
S31508004CC07B685B6803F482727B689B6803F4044321
S31508004CD01A437B681B6903F002031A437B685B6906
S31508004CE003F001031A437B689B6903F400731A43B4
S31508004CF07B68DB6903F038031A437B681B6A03F099
S31508004D00800342EA03017B689B6A03F400527B68CE
S31508004D101B680A431A607B689B691B0C03F0040234
S31508004D207B685B6A03F010031A437B685B6B03F0CE
S31508004D3008031A437B68DB6803F4706342EA0301DD
S31508004D40FB6803F480527B681B680A435A607B68D9
S31508004D5000221A667B68012283F85D200023184624
S31508004D601037BD4680BD80B588B000AFF860B96021
S31508004D703B601346FB80FEF797F8F861FB887B8358
S31508004D80FB6893F85D30DBB2012B01D002235CE1AE
S31508004D90BB68002B02D0FB88002B01D1012354E10C
S31508004DA0FB6893F85C30012B01D102234DE1FB68C7
S31508004DB0012283F85C20FB68032283F85D20FB68E8
S31508004DC000221A66FB68BA689A63FB68FA889A87AB
S31508004DD0FB68FA88DA87FB6800221A64FB680022F7
S31508004DE0A3F84420FB680022A3F84620FB680022AB
S31508004DF01A65FB680022DA64FB689B68B3F5004F06
S31508004E000FD1FB681B681A68FB681B6822F0400212
S31508004E101A60FB681B681A68FB681B6842F48042C4
S31508004E201A60FB681B681B6803F04003402B07D019
S31508004E30FB681B681A68FB681B6842F040021A6028
S31508004E40FB68DB68B3F5E06F52D9FB685B68002B3B
S31508004E5002D07B8B012B45D1FB689B6B1A88FB68BC
S31508004E601B68DA60FB689B6B9A1CFB689A63FB6895
S31508004E70DB8F9BB2013B9AB2FB68DA8732E0FB68AC
S31508004E801B689B6803F00203022B12D1FB689B6B1D
S31508004E901A88FB681B68DA60FB689B6B9A1CFB68C0
S31508004EA09A63FB68DB8F9BB2013B9AB2FB68DA8791
S31508004EB018E0FDF7F9FF0246FB69D31A3A689A42E9
S31508004EC003D83B68B3F1FF3F02D13B68002B09D1F9
S31508004ED0FB68012283F85D20FB68002283F85C20CA
S31508004EE00323B2E0FB68DB8F9BB2002BC7D183E0BC
S31508004EF0FB685B68002B02D07B8B012B77D1FB68A4
S31508004F00DB8F9BB2012B12D9FB689B6B1A88FB6857
S31508004F101B68DA60FB689B6B9A1CFB689A63FB68E4
S31508004F20DB8F9BB2023B9AB2FB68DA875FE0FB68CD
S31508004F309A6BFB681B680C3312781A70FB689B6BBC
S31508004F405A1CFB689A63FB68DB8F9BB2013B9AB2DB
S31508004F50FB68DA874BE0FB681B689B6803F0020373
S31508004F60022B2BD1FB68DB8F9BB2012B12D9FB6876
S31508004F709B6B1A88FB681B68DA60FB689B6B9A1C3C
S31508004F80FB689A63FB68DB8F9BB2023B9AB2FB68AD
S31508004F90DA872CE0FB689A6BFB681B680C3312787F
S31508004FA01A70FB689B6B5A1CFB689A63FB68DB8F5D
S31508004FB09BB2013B9AB2FB68DA8718E0FDF774FFEB
S31508004FC00246FB69D31A3A689A4203D83B68B3F19A
S31508004FD0FF3F02D13B68002B09D1FB68012283F809
S31508004FE05D20FB68002283F85C2003232DE0FB6824
S31508004FF0DB8F9BB2002BAED1FA693968F86800F0EE
S3150800500065FB0346002B02D0FB6820221A66FB6864
S315080050109B68002B0AD100237B61FB681B68DB6851
S315080050207B61FB681B689B687B617B69FB68012267
S3150800503083F85D20FB68002283F85C20FB681B6E02
S31508005040002B01D0012300E0002318462037BD4677
S3150800505080BD80B58AB000AFF860B9607A607B80A1
S3150800506001237B62FDF720FF3862FB6893F85D3009
S31508005070FB77FB685B68BB617B88FB827B88BB82AE
S31508005080FB7F012B0CD0BB69B3F5827F06D1FB6889
S315080050909B68002B02D1FB7F042B01D00223F3E18E
S315080050A0BB68002B05D07B68002B02D07B88002BC1
S315080050B001D10123E8E1FB6893F85C30012B01D1AB
S315080050C00223E1E1FB68012283F85C20FB6893F880
S315080050D05D30DBB2042B03D0FB68052283F85D2024
S315080050E0FB6800221A66FB687A681A64FB687A8885
S315080050F0A3F84620FB687A88A3F84420FB68BA68B8
S315080051009A63FB687A88DA87FB687A889A87FB68E5
S315080051100022DA64FB6800221A65FB68DB68B3F5CF
S31508005120E06F02D8BB8A012B08D9FB681B685A684E
S31508005130FB681B6822F480525A6007E0FB681B680C
S315080051405A68FB681B6842F480525A60FB681B6801
S315080051501B6803F04003402B07D0FB681B681A68DE
S31508005160FB681B6842F040021A60FB68DB68B3F50F
S31508005170E06F40F28380FB685B68002B02D0FB8AF5
S31508005180012B6FD1FB689B6B1A88FB681B68DA607A
S31508005190FB689B6B9A1CFB689A63FB68DB8F9BB268
S315080051A0013B9AB2FB68DA875CE0FB681B689B6880
S315080051B003F00203022B1BD1FB68DB8F9BB2002B8B
S315080051C016D07B6A012B13D1FB689B6B1A88FB6888
S315080051D01B68DA60FB689B6B9A1CFB689A63FB6822
S315080051E0DB8F9BB2013B9AB2FB68DA8700237B62AE
S315080051F0FB681B689B6803F00103012B1CD1FB6845
S31508005200B3F846309BB2002B16D0FB681B68DA68E9
S31508005210FB681B6C92B21A80FB681B6C9A1CFB68B5
S315080052201A64FB68B3F846309BB2013B9AB2FB6836
S31508005230A3F8462001237B62FDF736FE02463B6A49
S31508005240D31A3A6B9A420DD83B6BB3F1FF3F09D09C
S31508005250FB68012283F85D20FB68002283F85C2046
S31508005260032311E1FB68DB8F9BB2002B9DD1FB6802
S31508005270B3F846309BB2002B97D1E5E0FB685B6834
S31508005280002B03D0FB8A012B40F0D180FB68DB8F13
S315080052909BB2012B12D9FB689B6B1A88FB681B68AB
S315080052A0DA60FB689B6B9A1CFB689A63FB68DB8F6A
S315080052B09BB2023B9AB2FB68DA87B8E0FB689A6B46
S315080052C0FB681B680C3312781A70FB689B6B5A1CB8
S315080052D0FB689A63FB68DB8F9BB2013B9AB2FB685B
S315080052E0DA87A4E0FB681B689B6803F00203022BBD
S315080052F034D1FB68DB8F9BB2002B2FD07B6A012B46
S315080053002CD1FB68DB8F9BB2012B12D9FB689B6BF8
S315080053101A88FB681B68DA60FB689B6B9A1CFB683B
S315080053209A63FB68DB8F9BB2023B9AB2FB68DA870B
S3150800533012E0FB689A6BFB681B680C3312781A70CC
S31508005340FB689B6B5A1CFB689A63FB68DB8F9BB2F6
S31508005350013B9AB2FB68DA8700237B62FB681B680D
S315080053609B6803F00103012B48D1FB68B3F846306C
S315080053709BB2002B42D0FB68B3F846309BB2012B98
S3150800538023D9FB681B68DA68FB681B6C92B21A8023
S31508005390FB681B6C9A1CFB681A64FB68B3F84630FA
S315080053A09BB2023B9AB2FB68A3F84620FB68B3F8A7
S315080053B046309BB2012B1FD8FB681B685A68FB68EE
S315080053C01B6842F480525A6016E0FB681B6803F1BA
S315080053D00C02FB681B6C1278D2B21A70FB681B6C45
S315080053E05A1CFB681A64FB68B3F846309BB2013B4B
S315080053F09AB2FB68A3F8462001237B62FDF754FDA9
S3150800540002463B6AD31A3A6B9A4203D83B6BB3F10E
S31508005410FF3F02D13B6B002B09D1FB68012283F8C1
S315080054205D20FB68002283F85C2003232CE0FB68E0
S31508005430DB8F9BB2002B7FF455AFFB68B3F8463081
S315080054409BB2002B7FF44EAF3A6A396BF86800F0CE
S315080054503DF90346002B08D0FB6820221A66FB6834
S31508005460002283F85C2001230EE0FB68012283F802
S315080054705D20FB68002283F85C20FB681B6E002B0E
S3150800548001D0012300E0002318462837BD4680BD19
S3150800549080B588B000AFF860B9603B601346FB7111
S315080054A0FDF702FD0246BB6A9B1A3A681344FB6184
S315080054B0FDF7FAFCB861394B1B685B011B0DFA69ED
S315080054C002FB03F37B6154E03B68B3F1FF3F50D026
S315080054D0FDF7EAFC0246BB69D31AFA699A4202D971
S315080054E0FB69002B3DD1FB681B685A68FB681B6883
S315080054F022F0E0025A60FB685B68B3F5827F11D13F
S31508005500FB689B68B3F5004F04D0FB689B68B3F54E
S31508005510806F07D1FB681B681A68FB681B6822F056
S3150800552040021A60FB689B6AB3F5005F0FD1FB68FF
S315080055301B681A68FB681B6822F400521A60FB682D
S315080055401B681A68FB681B6842F400521A60FB68FD
S31508005550012283F85D20FB68002283F85C20032380
S3150800556017E07B69002B01D10023FB617B69013BB6
S315080055707B61FB681B689A68BB681340BA689A42E5
S315080055800CBF01230023DBB21A46FB799A429BD152
S31508005590002318462037BD4680BD00BF08000020FE
S315080055A080B58AB000AFF860B9607A603B600023C6
S315080055B0FB75FDF779FC02463B6B9B1A3A68134468
S315080055C07B62FDF771FC3862FB681B680C33FB6174
S315080055D03D4B1A6813469B001344DA00D31A1B0D79
S315080055E07A6A02FB03F3BB6160E0BB68B3F5C06F80
S315080055F007D17B68002B04D1FB691B78DBB2FB75EE
S31508005600FB7D3B68B3F1FF3F50D0FDF74DFC0246EA
S315080056103B6AD31A7A6A9A4202D97B6A002B3DD131
S31508005620FB681B685A68FB681B6822F0E0025A6030
S31508005630FB685B68B3F5827F11D1FB689B68B3F59D
S31508005640004F04D0FB689B68B3F5806F07D1FB68F1
S315080056501B681A68FB681B6822F040021A60FB6820
S315080056609B6AB3F5005F0FD1FB681B681A68FB6875
S315080056701B6822F400521A60FB681B681A68FB68EC
S315080056801B6842F400521A60FB68012283F85D2009
S31508005690FB68002283F85C20032310E0BB69002B1B
S315080056A001D100237B62BB69013BBB61FB681B68B8
S315080056B09A68BB6813407A689A4296D100231846BE
S315080056C02837BD4680BD00BF0800002080B586B0DB
S315080056D002AFF860B9607A607B680093BB68002205
S315080056E04FF4C051F868FFF75BFF0346002B07D05D
S315080056F0FB681B6E43F02002FB681A66032327E04B
S315080057007B680093BB6800228021F868FFF7C0FE1B
S315080057100346002B07D0FB681B6E43F02002FB688C
S315080057201A66032314E07B680093BB6800224FF4D3
S31508005730C061F868FFF734FF0346002B07D0FB6803
S315080057401B6E43F02002FB681A66032300E0002361
S3150800575018461037BD4680BD80B582B000AF786068
S315080057607B68002B01D1012349E07B6893F83D3023
S31508005770DBB2002B06D17B68002283F83C207868D0
S31508005780FDF7CEF87B68022283F83D207B681A680D
S315080057907B6804331946104600F09EFA7B6801229E
S315080057A083F848207B68012283F83E207B68012223
S315080057B083F83F207B68012283F840207B6801221A
S315080057C083F841207B68012283F842207B68012206
S315080057D083F843207B68012283F844207B680122F2
S315080057E083F845207B68012283F846207B680122DE
S315080057F083F847207B68012283F83D20002318465A
S315080058000837BD4680BD000080B485B000AF78601B
S315080058107B6893F83D30DBB2012B01D001234FE0C2
S315080058207B68022283F83D207B681B68DA687B6800
S315080058301B6842F00102DA607B681B68234A9342C0
S315080058401DD07B681B68B3F1804F18D07B681B6836
S315080058501F4A934213D07B681B681E4A93420ED098
S315080058607B681B681C4A934209D07B681B681B4AE5
S31508005870934204D07B681B68194A934215D17B680A
S315080058801B689A68174B1340FB60FB68062B15D0FC
S31508005890FB68B3F5803F11D07B681B681A687B6884
S315080058A01B6842F001021A6008E07B681B681A68E8
S315080058B07B681B6842F001021A6000E000BF002303
S315080058C018461437BD465DF8047B7047002C014026
S315080058D00004004000080040000C0040003401406D
S315080058E0004001400700010080B584B000AF786031
S315080058F07B681B68DB68FB607B681B681B69BB6091
S31508005900BB6803F00203002B20D0FB6803F00203F8
S31508005910002B1BD07B681B686FF002021A617B683C
S3150800592001221A777B681B689B6903F00303002B27
S3150800593003D0786800F0B2F905E0786800F0A4F9B9
S31508005940786800F0B5F97B6800221A77BB6803F01F
S315080059500403002B20D0FB6803F00403002B1BD0A4
S315080059607B681B686FF004021A617B6802221A774B
S315080059707B681B689B6903F44073002B03D0786827
S3150800598000F08CF905E0786800F07EF9786800F098
S315080059908FF97B6800221A77BB6803F00803002B8F
S315080059A020D0FB6803F00803002B1BD07B681B681C
S315080059B06FF008021A617B6804221A777B681B68F5
S315080059C0DB6903F00303002B03D0786800F066F95F
S315080059D005E0786800F058F9786800F069F97B689E
S315080059E000221A77BB6803F01003002B20D0FB684F
S315080059F003F01003002B1BD07B681B686FF01002A6
S31508005A001A617B6808221A777B681B68DB6903F4CE
S31508005A104073002B03D0786800F040F905E07868F9
S31508005A2000F032F9786800F043F97B6800221A77AB
S31508005A30BB6803F00103002B0CD0FB6803F00103DD
S31508005A40002B07D07B681B686FF001021A61786823
S31508005A50FCF790FEBB6803F08003002B04D1BB68FB
S31508005A6003F40053002B0CD0FB6803F08003002BD3
S31508005A7007D07B681B686FF402521A61786800F0D9
S31508005A80FDFABB6803F48073002B0CD0FB6803F0A7
S31508005A908003002B07D07B681B686FF480721A613D
S31508005AA0786800F0F5FABB6803F04003002B0CD0C9
S31508005AB0FB6803F04003002B07D07B681B686FF078
S31508005AC040021A61786800F0FDF8BB6803F020030D
S31508005AD0002B0CD0FB6803F02003002B07D07B6853
S31508005AE01B686FF020021A61786800F0BDFA00BFE3
S31508005AF01037BD4680BD80B584B000AF7860396088
S31508005B000023FB737B6893F83C30012B01D10223F9
S31508005B10B6E07B68012283F83C207B68022283F882
S31508005B203D207B681B689B68BB60BB6823F4803399
S31508005B3023F07703BB60BB6823F47F43BB607B68B5
S31508005B401B68BA689A603B681B68B3F5005F3ED06D
S31508005B50B3F5005F00F28780B3F5805F00F08680BA
S31508005B60B3F5805F7FD8702B1AD0702B7BD8602B4B
S31508005B7050D0602B77D8502B3CD0502B73D8402B65
S31508005B8058D0402B6FD8302B64D0302B6BD8202BB5
S31508005B9060D0202B67D8002B5CD0102B5AD062E03F
S31508005BA07B6818683B6899683B685A683B68DB6895
S31508005BB000F0B2F97B681B689B68BB60BB6843F062
S31508005BC07703BB607B681B68BA689A604FE07B689E
S31508005BD018683B6899683B685A683B68DB6800F058
S31508005BE09BF97B681B689A687B681B6842F480424D
S31508005BF09A603CE07B6818683B6859683B68DB68D4
S31508005C001A4600F00FF97B681B685021184600F009
S31508005C1068F92CE07B6818683B6859683B68DB685C
S31508005C201A4600F02EF97B681B686021184600F0BA
S31508005C3058F91CE07B6818683B6859683B68DB685C
S31508005C401A4600F0EFF87B681B684021184600F0FA
S31508005C5048F90CE07B681A683B681B6819461046C9
S31508005C6000F03FF903E00123FB7300E000BF7B6807
S31508005C70012283F83D207B68002283F83C20FB7BC9
S31508005C8018461037BD4680BD80B483B000AF786033
S31508005C9000BF0C37BD465DF8047B704780B483B0FF
S31508005CA000AF786000BF0C37BD465DF8047B7047CF
S31508005CB080B483B000AF786000BF0C37BD465DF88E
S31508005CC0047B704780B483B000AF786000BF0C37A0
S31508005CD0BD465DF8047B704780B485B000AF786038
S31508005CE039607B681B68FB607B68464A934213D021
S31508005CF07B68B3F1804F0FD07B68434A93420BD041
S31508005D007B68424A934207D07B68414A934203D054
S31508005D107B68404A934208D1FB6823F07003FB6016
S31508005D203B685B68FA681343FB607B68354A9342B5
S31508005D301FD07B68B3F1804F1BD07B68324A9342F1
S31508005D4017D07B68314A934213D07B68304A934216
S31508005D500FD07B682F4A93420BD07B682E4A93421A
S31508005D6007D07B682D4A934203D07B682C4A93421E
S31508005D7008D1FB6823F44073FB603B68DB68FA686C
S31508005D801343FB60FB6823F080023B685B6913439F
S31508005D90FB607B68FA681A603B689A687B68DA6217
S31508005DA03B681A687B689A627B68164A93420FD0EA
S31508005DB07B68184A93420BD07B68174A934207D0F0
S31508005DC07B68164A934203D07B68154A934203D1EF
S31508005DD03B681A697B681A637B6801225A617B688B
S31508005DE01B6903F00103012B05D17B681B6923F0AE
S31508005DF001027B681A6100BF1437BD465DF8047B53
S31508005E00704700BF002C0140000400400008004015
S31508005E10000C0040003401400040014000440140AD
S31508005E200048014080B487B000AFF860B9607A6076
S31508005E30FB681B6A7B61FB681B6A23F00102FB682F
S31508005E401A62FB689B693B613B6923F0F0033B617F
S31508005E507B681B013A6913433B617B6923F00A039C
S31508005E607B617A69BB6813437B61FB683A699A610F
S31508005E70FB687A691A6200BF1C37BD465DF8047B69
S31508005E80704780B487B000AFF860B9607A60FB6885
S31508005E901B6A7B61FB681B6A23F01002FB681A62A7
S31508005EA0FB689B693B613B6923F470433B617B68F4
S31508005EB01B033A6913433B617B6923F0A0037B61AB
S31508005EC0BB681B017A6913437B61FB683A699A616F
S31508005ED0FB687A691A6200BF1C37BD465DF8047B09
S31508005EE0704780B485B000AF786039607B689B687E
S31508005EF0FB60FB6823F07003FB603A68FB6813439A
S31508005F0043F00703FB607B68FA689A6000BF1437A2
S31508005F10BD465DF8047B704780B487B000AFF86073
S31508005F20B9607A603B60FB689B687B617B6923F498
S31508005F307F437B613B681A027B681A43BB6813433D
S31508005F407A6913437B61FB687A699A6000BF1C37DC
S31508005F50BD465DF8047B704780B485B000AF7860B5
S31508005F6039607B6893F83C30012B01D1022368E045
S31508005F707B68012283F83C207B68022283F83D2057
S31508005F807B681B685B68FB607B681B689B68BB60FB
S31508005F907B681B682E4A934204D07B681B682D4A8F
S31508005FA0934208D1FB6823F47003FB603B685B6887
S31508005FB0FA681343FB60FB6823F07003FB603B68D9
S31508005FC01B68FA681343FB607B681B68FA685A60AB
S31508005FD07B681B681E4A93421DD07B681B68B3F119
S31508005FE0804F18D07B681B681B4A934213D07B6886
S31508005FF01B681A4A93420ED07B681B68184A93425C
S3150800600009D07B681B68134A934204D07B681B68D7
S31508006010144A93420CD1BB6823F08003BB603B68EB
S315080060209B68BA681343BB607B681B68BA689A604A
S315080060307B68012283F83D207B68002283F83C2098
S31508006040002318461437BD465DF8047B704700BF29
S31508006050002C0140003401400004004000080040C4
S31508006060000C00400040014080B483B000AF786067
S3150800607000BF0C37BD465DF8047B704780B483B01B
S3150800608000AF786000BF0C37BD465DF8047B7047EB
S3150800609080B483B000AF786000BF0C37BD465DF8AA
S315080060A0047B704780B582B000AF78607B68002BB0
S315080060B001D1012340E07B68DB6F002B06D17B68AA
S315080060C0002283F878207868FCF74EFC7B68242247
S315080060D0DA677B681B681A687B681B6822F001020E
S315080060E01A607B685B6A002B02D0786800F09AFF1A
S315080060F0786800F0DFFC0346012B01D101231BE081
S315080061007B681B685A687B681B6822F490425A6051
S315080061107B681B689A687B681B6822F02A029A606B
S315080061207B681B681A687B681B6842F001021A6064
S31508006130786801F019F8034618460837BD4680BD49
S3150800614080B58AB002AFF860B9603B601346FB8041
S31508006150FB68DB6F202B77D1BB68002B02D0FB884E
S31508006160002B01D1012370E0FB680022C3F88420CC
S31508006170FB682122DA67FCF797FE7861FB68FA88E4
S31508006180A3F85020FB68FA88A3F85220FB689B689E
S31508006190B3F5805F08D1FB681B69002B04D1002387
S315080061A0FB61BB68BB6103E0BB68FB610023BB61A5
S315080061B02FE03B6800937B6900228021F86801F094
S315080061C07BF80346002B04D0FB682022DA670323FA
S315080061D03BE0FB69002B0BD1BB691A88FB681B687F
S315080061E0C2F3080292B21A85BB690233BB6107E0A3
S315080061F0FB691A78FB681B681A85FB690133FB6122
S31508006200FB68B3F852309BB2013B9AB2FB68A3F81D
S315080062105220FB68B3F852309BB2002BC9D13B68B9
S3150800622000937B6900224021F86801F045F803468F
S31508006230002B04D0FB682022DA67032305E0FB68FD
S315080062402022DA67002300E0022318462037BD46DD
S3150800625080BD80B58AB002AFF860B9603B6013466E
S31508006260FB80FB68D3F88030202B40F0B680BB68F3
S31508006270002B02D0FB88002B01D10123AEE0FB687E
S315080062800022C3F88420FB682222C3F88020FB681A
S3150800629000221A66FCF708FE7861FB68FA88A3F8FC
S315080062A05820FB68FA88A3F85A20FB689B68B3F560
S315080062B0805F0ED1FB681B69002B05D1FB6840F295
S315080062C0FF12A3F85C202DE0FB68FF22A3F85C20F0
S315080062D028E0FB689B68002B0DD1FB681B69002B27
S315080062E004D1FB68FF22A3F85C201BE0FB687F2231
S315080062F0A3F85C2016E0FB689B68B3F1805F0DD1BC
S31508006300FB681B69002B04D1FB687F22A3F85C207D
S3150800631008E0FB683F22A3F85C2003E0FB68002244
S31508006320A3F85C20FB68B3F85C307B82FB689B684B
S31508006330B3F5805F08D1FB681B69002B04D10023E5
S31508006340FB61BB68BB6103E0BB68FB610023BB6103
S3150800635037E03B6800937B6900222021F86800F04B
S31508006360ABFF0346002B05D0FB682022C3F880202C
S31508006370032333E0FB69002B0CD1FB681B689B8C5D
S315080063809AB27B8A13409AB2BB691A80BB690233F8
S31508006390BB610DE0FB681B689B8C9BB2DAB27B8AFB
S315080063A0DBB21340DAB2FB691A70FB690133FB6191
S315080063B0FB68B3F85A309BB2013B9AB2FB68A3F864
S315080063C05A20FB68B3F85A309BB2002BC1D1FB6840
S315080063D02022C3F88020002300E002231846203735
S315080063E0BD4680BD80B58AB000AFF860B960134677
S315080063F0FB80FB68D3F88030202B37D1BB68002B95
S3150800640002D0FB88002B01D1012330E0FB68002273
S315080064101A66FB681B68184A93421FD0FB681B68FC
S315080064205B6803F40003002B18D0FB681B687B61CC
S315080064307B6953E8003F3B613B6943F080637B62BD
S31508006440FB681B681A467B6A3B62FA61F9693A6A15
S3150800645041E80023BB61BB69002BE6D1FB881A46DD
S31508006460B968F86800F096FF034600E0022318466C
S315080064702837BD4680BD00BF0080004080B5BAB051
S3150800648000AF78607B681B68DB69C7F8E4307B6817
S315080064901B681B68C7F8E0307B681B689B68C7F8F1
S315080064A0DC30D7F8E42040F60F031340C7F8D8309D
S315080064B0D7F8D830002B15D1D7F8E43003F02003ED
S315080064C0002B0FD0D7F8E03003F02003002B09D0BB
S315080064D07B689B6E002B00F0CA827B689B6E78688F
S315080064E09847C4E2D7F8D830002B00F01781D7F8C0
S315080064F0DC3003F00103002B06D1D7F8E020854BEA
S315080065001340002B00F00A81D7F8E43003F00103AA
S31508006510002B11D0D7F8E03003F48073002B0BD092
S315080065207B681B6801221A627B68D3F8843043F0C3
S3150800653001027B68C3F88420D7F8E43003F002032D
S31508006540002B11D0D7F8DC3003F00103002B0BD059
S315080065507B681B6802221A627B68D3F8843043F092
S3150800656004027B68C3F88420D7F8E43003F00403F8
S31508006570002B11D0D7F8DC3003F00103002B0BD029
S315080065807B681B6804221A627B68D3F8843043F060
S3150800659002027B68C3F88420D7F8E43003F00803C6
S315080065A0002B17D0D7F8E03003F02003002B05D1D5
S315080065B0D7F8DC3003F00103002B0BD07B681B688F
S315080065C008221A627B68D3F8843043F008027B6895
S315080065D0C3F88420D7F8E43003F40063002B12D004
S315080065E0D7F8E03003F08063002B0CD07B681B687B
S315080065F04FF400621A627B68D3F8843043F02002B5
S315080066007B68C3F884207B68D3F88430002B00F0BD
S315080066103082D7F8E43003F02003002B0DD0D7F8EA
S31508006620E03003F02003002B07D07B689B6E002B1D
S3150800663003D07B689B6E786898477B68D3F884306C
S31508006640C7F8D4307B681B689B6803F04003402B6F
S3150800665005D0D7F8D43003F02803002B4FD078683C
S3150800666000F05EFF7B681B689B6803F04003402BC5
S3150800667041D17B681B680833C7F89C30D7F89C3033
S3150800668053E8003FC7F89830D7F8983023F040030E
S31508006690C7F8D0307B681B680833D7F8D020C7F80E
S315080066A0A820C7F8A430D7F8A410D7F8A82041E83E
S315080066B00023C7F8A030D7F8A030002BD9D17B68C3
S315080066C05B6F002B13D07B685B6F134A9A637B68FA
S315080066D05B6F1846FCF767FD0346002B17D07B68EF
S315080066E05B6F9B6B7A68526F104698470FE0786825
S315080066F0FCF758F80BE07868FCF754F807E0786878
S31508006700FCF750F87B680022C3F88420B1E100BF8B
S31508006710AFE100BF20010004E97500087B681B6E25
S31508006720012B40F06A81D7F8E43003F01003002B00
S3150800673000F06381D7F8E03003F01003002B00F077
S315080067405C817B681B6810221A627B681B689B68E1
S3150800675003F04003402B40F0D4807B685B6F1B68D6
S315080067605B68A7F8BE30B7F8BE30002B00F0AD80E6
S315080067707B68B3F85830B7F8BE209A4280F0A580F7
S315080067807B68B7F8BE20A3F85A207B685B6F1B6846
S315080067901B6803F02003002B40F086807B681B688B
S315080067A0C7F88830D7F8883053E8003FC7F88430F0
S315080067B0D7F8843023F48073C7F8B8307B681B6831
S315080067C01A46D7F8B830C7F89430C7F89020D7F8E3
S315080067D09010D7F8942041E80023C7F88C30D7F8F2
S315080067E08C30002BDAD17B681B6808337B677B6F9C
S315080067F053E8003F3B673B6F23F00103C7F8B4300B
S315080068007B681B680833D7F8B420C7F88020FB6775
S31508006810F96FD7F8802041E80023BB67BB6F002BD0
S31508006820E1D17B681B6808333B663B6E53E8003F43
S31508006830FB65FB6D23F04003C7F8B0307B681B6827
S315080068400833D7F8B020FA66BB66B96EFA6E41E827
S3150800685000237B667B6E002BE3D17B682022C3F87E
S3150800686080207B6800221A667B681B68FB64FB6CC9
S3150800687053E8003FBB64BB6C23F01003C7F8AC3089
S315080068807B681B681A46D7F8AC30BB657A65796DA4
S31508006890BA6D41E800233B653B6D002BE4D17B686C
S315080068A05B6F1846FCF741FC7B6802225A667B68D8
S315080068B0B3F858207B68B3F85A309BB2D31A9BB208
S315080068C01946786800F0EAF8D5E07B68B3F85830DE
S315080068D0B7F8BE209A4240F0CE807B685B6F1B6893
S315080068E01B6803F02003202B40F0C5807B6802223A
S315080068F05A667B68B3F858301946786800F0CEF8BF
S31508006900B9E07B68B3F858207B68B3F85A309BB275
S31508006910D31AA7F8CE307B68B3F85A309BB2002B4F
S3150800692000F0AB80B7F8CE30002B00F0A6807B686D
S315080069301B68BB63BB6B53E8003F7B637B6B23F42D
S315080069409073C7F8C8307B681B681A46D7F8C830F2
S315080069507B643A64396C7A6C41E80023FB63FB6B11
S31508006960002BE4D17B681B6808337B627B6A53E89B
S31508006970003F3B623B6A23F00103C7F8C4307B68DB
S315080069801B680833D7F8C4203A63FB62F96A3A6B86
S3150800699041E80023BB62BB6A002BE3D17B68202257
S315080069A0C3F880207B6800221A667B6800229A66F4
S315080069B07B681B683B613B6953E8003FFB60FB68EB
S315080069C023F01003C7F8C0307B681B681A46D7F84F
S315080069D0C030FB61BA61B969FA6941E800237B6195
S315080069E07B69002BE4D17B6802225A66B7F8CE3061
S315080069F01946786800F052F83FE0D7F8E43003F417
S31508006A008013002B0ED0D7F8DC3003F48003002B5C
S31508006A1008D07B681B684FF480121A62786800F009
S31508006A20DFFF2DE0D7F8E43003F08003002B0ED00B
S31508006A30D7F8E03003F08003002B08D07B68DB6EC4
S31508006A40002B1CD07B68DB6E7868984717E0D7F870
S31508006A50E43003F04003002B12D0D7F8E03003F0FF
S31508006A604003002B0CD0786800F0D4FD08E000BF86
S31508006A7006E000BF04E000BF02E000BF00E000BF80
S31508006A80E837BD4680BD00BF80B483B000AF7860EC
S31508006A9000BF0C37BD465DF8047B704780B483B0F1
S31508006AA000AF78600B467B8000BF0C37BD465DF8AB
S31508006AB0047B70472DE9B04F8AB000AFF860002319
S31508006AC087F82230FB689A68FB681B691A43FB68DB
S31508006AD05B691A43FB68DB6913437B62FB681B68C7
S31508006AE01A68A44B1340FA681268796A0B43136054
S31508006AF0FB681B685B6823F44051FB68DA68FB682F
S31508006B001B680A435A60FB689B697B62FB681B68C3
S31508006B10994A934204D0FB681B6A7A6A13437B62DC
S31508006B20FB681B689B6823F43061FB681B687A6AFC
S31508006B300A439A60FB681B68904A934226D1904B99
S31508006B40D3F8883003F00303032B1BD801A252F8AD
S31508006B5023F000BF656B0008756B00086D6B0008B5
S31508006B607D6B0008012387F8233016E1022387F896
S31508006B70233012E1042387F823300EE1082387F82F
S31508006B8023300AE1102387F8233006E1FB681B68E7
S31508006B907C4A934238D17A4BD3F8883003F00C03F9
S31508006BA00C2B2DD801A252F823F000BFE16B000888
S31508006BB0016C0008016C0008016C0008F16B000804
S31508006BC0016C0008016C0008016C0008E96B0008FC
S31508006BD0016C0008016C0008016C0008F96B0008DC
S31508006BE0002387F82330D8E0022387F82330D4E03F
S31508006BF0042387F82330D0E0082387F82330CCE035
S31508006C00102387F82330C8E0FB681B685E4A934266
S31508006C1025D15B4BD3F8883003F03003302B16D0E0
S31508006C20302B18D8202B0AD0202B14D8002B02D0B2
S31508006C30102B08D00FE0002387F82330ADE002239D
S31508006C4087F82330A9E0042387F82330A5E0082332
S31508006C5087F82330A1E0102387F823309DE0FB68EE
S31508006C601B684A4A934225D1454BD3F8883003F02E
S31508006C70C003C02B16D0C02B18D8802B0AD0802B67
S31508006C8014D8002B02D0402B08D00FE0002387F839
S31508006C90233082E0022387F823307EE0042387F836
S31508006CA023307AE0082387F8233076E0102387F824
S31508006CB0233072E0FB681B68354A93422AD1304B71
S31508006CC0D3F8883003F44073B3F5407F1AD0B3F590
S31508006CD0407F1BD8B3F5007F0CD0B3F5007F15D8DD
S31508006CE0002B03D0B3F5807F08D00FE0002387F888
S31508006CF0233052E0022387F823304EE0042387F836
S31508006D0023304AE0082387F8233046E0102387F823
S31508006D10233042E0FB681B68174A93423AD1184B66
S31508006D20D3F8883003F44063B3F5406F1AD0B3F54F
S31508006D30406F1BD8B3F5006F0CD0B3F5006F15D8AC
S31508006D40002B03D0B3F5806F08D00FE0002387F837
S31508006D50233022E0022387F823301EE0042387F835
S31508006D6023301AE0082387F8233016E0102387F823
S31508006D70233012E0F369FFEF00800040003801403D
S31508006D80001002400044004000480040004C00400B
S31508006D9000500040102387F82330FB681B689F4A81
S31508006DA093427AD197F82330082B24D801A252F8B7
S31508006DB023F000BFD96D0008F76D0008E16D0008E3
S31508006DC0F76D0008E76D0008F76D0008F76D000815
S31508006DD0F76D0008EF6D0008FDF7DAF9F86110E0C5
S31508006DE08F4BFB610DE0FDF73BF9F86109E04FF4C5
S31508006DF00043FB6105E00023FB61012387F822308D
S31508006E0000BFFB69002B00F0FB80FB685A6813463D
S31508006E105B001344FA699A4205D3FB685B681B0357
S31508006E20FA699A4203D9012387F82230E8E0FB6918
S31508006E3000221C4615464FF000024FF000032B02B5
S31508006E4043EA14632202F96849684908002088461B
S31508006E50814612EB080A43EB090BFB685B680022C4
S31508006E603B607A60D7E9002350465946F9F70CFF8C
S31508006E7002460B461346BB61BB69B3F5407F08D390
S31508006E80BB69B3F5801F04D2FB681B68BA69DA6070
S31508006E90B6E0012387F82230B2E0FB68DB69B3F578
S31508006EA0004F5ED197F82330082B28D801A252F854
S31508006EB023F000BFD96E0008E16E0008E96E0008ED
S31508006EC0FF6E0008EF6E0008FF6E0008FF6E0008F0
S31508006ED0FF6E0008F76E0008FDF75AF9F86114E02E
S31508006EE0FDF76CF9F86110E04D4BFB610DE0FDF71D
S31508006EF0B7F8F86109E04FF40043FB6105E00023A9
S31508006F00FB61012387F8223000BFFB69002B77D08D
S31508006F10FB695A00FB685B685B081A44FB685B6898
S31508006F20B2FBF3F3BB61BB690F2B16D9BB69B3F58B
S31508006F30803F12D2BB699BB223F00F03FB82BB6969
S31508006F405B089BB203F007039AB2FB8A1343FB82E2
S31508006F50FB681B68FA8ADA6052E0012387F8223058
S31508006F604EE097F82330082B27D801A252F823F0D1
S31508006F70956F00089D6F0008A56F0008BB6F000895
S31508006F80AB6F0008BB6F0008BB6F0008BB6F00083B
S31508006F90B36F0008FDF7FCF8F86114E0FDF70EF989
S31508006FA0F86110E01E4BFB610DE0FDF759F8F8613A
S31508006FB009E04FF40043FB6105E00023FB61012370
S31508006FC087F8223000BFFB69002B19D0FB685B6885
S31508006FD05A08FB691A44FB685B68B2FBF3F3BB61AA
S31508006FE0BB690F2B09D9BB69B3F5803F05D2BB69CD
S31508006FF09AB2FB681B68DA6002E0012387F8223040
S31508007000FB6800229A66FB680022DA6697F8223047
S3150800701018462837BD46BDE8B08F00BF008000403F
S315080070200024F40080B483B000AF78607B685B6AA4
S3150800703003F00803002B0AD07B681B685B6823F4FF
S3150800704000417B685A6B7B681B680A435A607B68F9
S315080070505B6A03F00103002B0AD07B681B685B6838
S3150800706023F400317B689A6A7B681B680A435A6076
S315080070707B685B6A03F00203002B0AD07B681B68F7
S315080070805B6823F480317B68DA6A7B681B680A438D
S315080070905A607B685B6A03F00403002B0AD07B689E
S315080070A01B685B6823F480217B681A6B7B681B6806
S315080070B00A435A607B685B6A03F01003002B0AD008
S315080070C07B681B689B6823F480517B689A6B7B6896
S315080070D01B680A439A607B685B6A03F02003002BEF
S315080070E00AD07B681B689B6823F400517B68DA6BBF
S315080070F07B681B680A439A607B685B6A03F04003F7
S31508007100002B1AD07B681B685B6823F480117B68A8
S315080071101A6C7B681B680A435A607B681B6CB3F55C
S31508007120801F0AD17B681B685B6823F4C0017B68F3
S315080071305A6C7B681B680A435A607B685B6A03F073
S315080071408003002B0AD07B681B685B6823F4002148
S315080071507B689A6C7B681B680A435A6000BF0C37C9
S31508007160BD465DF8047B704780B598B002AF78607D
S315080071707B680022C3F88420FBF796FE78657B6857
S315080071801B681B6803F00803082B2ED16FF07E439B
S3150800719000937B6D00224FF40011786800F08CF89C
S315080071A00346002B21D07B681B68BB63BB6B53E887
S315080071B0003F7B637B6B23F080033B657B681B6822
S315080071C01A463B6D7B643A64396C7A6C41E8002355
S315080071D0FB63FB6B002BE6D17B682022DA677B68B2
S315080071E0002283F87820032362E07B681B681B680B
S315080071F003F00403042B49D16FF07E4300937B6DA3
S3150800720000224FF48001786800F056F80346002BF8
S315080072103CD07B681B687B627B6A53E8003F3B6215
S315080072203B6A23F49073FB647B681B681A46FB6C05
S315080072303B63FA62F96A3A6B41E80023BB62BB6AB0
S31508007240002BE6D17B681B6808333B613B6953E832
S31508007250003FFB60FB6823F00103BB647B681B6887
S315080072600833BA6CFA61BB61B969FA6941E8002367
S315080072707B617B69002BE5D17B682022C3F88020DF
S315080072807B68002283F87820032311E07B6820229C
S31508007290DA677B682022C3F880207B6800221A669A
S315080072A07B6800225A667B68002283F878200023D0
S315080072B018465837BD4680BD80B584B000AFF86023
S315080072C0B9603B601346FB714FE0BB69B3F1FF3F02
S315080072D04BD0FBF7E9FD02463B68D31ABA699A42D6
S315080072E002D3BB69002B01D103234EE0FB681B6860
S315080072F01B6803F00403002B37D0BB68802B34D0FF
S31508007300BB68402B31D0FB681B68DB6903F00803B8
S31508007310082B10D1FB681B6808221A62F86800F06F
S31508007320FFF8FB680822C3F88420FB68002283F86C
S315080073307820012329E0FB681B68DB6903F40063F6
S31508007340B3F5006F11D1FB681B684FF400621A622F
S31508007350F86800F0E5F8FB682022C3F88420FB688B
S31508007360002283F8782003230FE0FB681B68DA699C
S31508007370BB681340BA689A420CBF01230023DBB2EC
S315080073801A46FB799A42A0D0002318461037BD4604
S3150800739080BD000080B497B000AFF860B9601346AE
S315080073A0FB80FB68BA685A65FB68FA88A3F8582018
S315080073B0FB68FA88A3F85A20FB6800229A66FB68DD
S315080073C09B68B3F5805F0ED1FB681B69002B05D15E
S315080073D0FB6840F2FF12A3F85C202DE0FB68FF2251
S315080073E0A3F85C2028E0FB689B68002B0DD1FB689E
S315080073F01B69002B04D1FB68FF22A3F85C201BE065
S31508007400FB687F22A3F85C2016E0FB689B68B3F153
S31508007410805F0DD1FB681B69002B04D1FB687F22B6
S31508007420A3F85C2008E0FB683F22A3F85C2003E091
S31508007430FB680022A3F85C20FB680022C3F88420BE
S31508007440FB682222C3F88020FB681B680833FB63AD
S31508007450FB6B53E8003FBB63BB6B43F001037B65E3
S31508007460FB681B6808337A6DBA647B64796CBA6CFE
S3150800747041E800233B643B6C002BE5D1FB689B6825
S31508007480B3F5805F07D1FB681B69002B03D1FB6846
S31508007490214A9A6602E0FB68204A9A66FB681B69DD
S315080074A0002B19D0FB681B68BB62BB6A53E8003F18
S315080074B07B627B6A43F49073FB64FB681B681A461D
S315080074C0FB6C7B633A63396B7A6B41E80023FB629A
S315080074D0FB6A002BE6D118E0FB681B687B617B69B9
S315080074E053E8003F3B613B6943F020033B65FB687B
S315080074F01B681A463B6D3B62FA61F9693A6A41E8CC
S315080075000023BB61BB69002BE6D1002318465C3714
S31508007510BD465DF8047B7047257800086976000843
S3150800752080B495B000AF78607B681B687B637B6B23
S3150800753053E8003F3B633B6B23F49073FB647B6823
S315080075401B681A46FB6C3B64FA63F96B3A6C41E8B4
S315080075500023BB63BB6B002BE6D17B681B68083333
S315080075603B623B6A53E8003FFB61FB6923F001037A
S31508007570BB647B681B680833BA6CFA62BB62B96A7B
S31508007580FA6A41E800237B627B6A002BE5D17B68B7
S315080075901B6E012B18D17B681B68FB60FB6853E8E0
S315080075A0003FBB60BB6823F010037B647B681B68E5
S315080075B01A467B6CBB617A617969BA6941E800232E
S315080075C03B613B69002BE6D17B682022C3F880200B
S315080075D07B6800221A667B6800229A6600BF5437C9
S315080075E0BD465DF8047B704780B584B000AF78600F
S315080075F07B689B6AFB60FB680022A3F85A20FB683D
S315080076000022A3F85220F868FBF7CCF800BF103721
S31508007610BD4680BD80B588B000AF78607B681B68C2
S31508007620FB60FB6853E8003FBB60BB6823F0400380
S31508007630FB617B681B681A46FB69BB617A617969DD
S31508007640BA6941E800233B613B69002BE6D17B68B8
S315080076502022DA677B680022DA667868FFF714FA70
S3150800766000BF2037BD4680BD80B59CB000AF7860AE
S315080076707B68B3F85C30A7F86E307B68D3F8803047
S31508007680222B40F0BE807B681B689B8CA7F86C3069
S31508007690B7F86C30D9B2B7F86E30DAB27B685B6D82
S315080076A00A40D2B21A707B685B6D5A1C7B685A65B1
S315080076B07B68B3F85A309BB2013B9AB27B68A3F851
S315080076C05A207B68B3F85A309BB2002B40F0A3804F
S315080076D07B681B68FB64FB6C53E8003FBB64BB6CB0
S315080076E023F49073BB667B681B681A46BB6EBB6542
S315080076F07A65796DBA6D41E800233B653B6D002BD1
S31508007700E6D17B681B680833BB63BB6B53E8003F55
S315080077107B637B6B23F001037B667B681B680833FE
S315080077207A6E7A643B64396C7A6C41E80023FB63B1
S31508007730FB6B002BE5D17B682022C3F880207B6891
S3150800774000229A667B6800225A667B681B68344A60
S3150800775093421FD07B681B685B6803F40003002B09
S3150800776018D07B681B687B627B6A53E8003F3B62E4
S315080077703B6A23F080633B667B681B681A463B6E50
S315080077803B63FA62F96A3A6B41E80023BB62BB6A5B
S31508007790002BE6D17B681B6E012B2ED17B6800225D
S315080077A01A667B681B683B613B6953E8003FFB60D0
S315080077B0FB6823F01003FB657B681B681A46FB6DA4
S315080077C0FB61BA61B969FA6941E800237B617B69A3
S315080077D0002BE6D17B681B68DB6903F01003102BCE
S315080077E003D17B681B6810221A627B68B3F858308D
S315080077F019467868FFF752F90DE07868F9F75EFDE3
S3150800780009E07B681B681B8B9AB27B681B6842F091
S31508007810080292B21A8300BF7037BD4680BD00BF0A
S315080078200080004080B59CB000AF78607B68B3F8F4
S315080078305C30A7F86E307B68D3F88030222B40F096
S31508007840BE807B681B689B8CA7F86C307B685B6D79
S31508007850BB66B7F86C20B7F86E3013409AB2BB6EA9
S315080078601A807B685B6D9A1C7B685A657B68B3F8DF
S315080078705A309BB2013B9AB27B68A3F85A207B68C0
S31508007880B3F85A309BB2002B40F0A3807B681B6884
S31508007890BB64BB6C53E8003F7B647B6C23F490733A
S315080078A07B667B681B681A467B6E7B653A65396D15
S315080078B07A6D41E80023FB64FB6C002BE6D17B68FC
S315080078C01B6808337B637B6B53E8003F3B633B6B6A
S315080078D023F001033B667B681B6808333A6E3A64FB
S315080078E0FB63F96B3A6C41E80023BB63BB6B002B67
S315080078F0E5D17B682022C3F880207B6800229A663F
S315080079007B6800225A667B681B68344A93421FD0FC
S315080079107B681B685B6803F40003002B18D07B6840
S315080079201B683B623B6A53E8003FFB61FB6923F037
S315080079308063FB657B681B681A46FB6DFB62BA624F
S31508007940B96AFA6A41E800237B627B6A002BE6D1B2
S315080079507B681B6E012B2ED17B6800221A667B681A
S315080079601B68FB60FB6853E8003FBB60BB6823F0FD
S315080079701003BB657B681B681A46BB6DBB617A61E1
S315080079807969BA6941E800233B613B69002BE6D176
S315080079907B681B68DB6903F01003102B03D17B6837
S315080079A01B6810221A627B68B3F858301946786843
S315080079B0FFF774F80DE07868F9F780FC09E07B6852
S315080079C01B681B8B9AB27B681B6842F0080292B24E
S315080079D01A8300BF7037BD4680BD00BF00800040D7
S315080079E080B483B000AF786000BF0C37BD465DF841
S315080079F0047B704780B500AF0449054803F0C6F913
S31508007A0003461A46034B1A7000BF80BDA025002006
S31508007A10140000209C25002080B400AF00231846DF
S31508007A20BD465DF8047B704780B582B000AF03465B
S31508007A30FB71FB791846FAF705F803461846083726
S31508007A40BD4680BD80B582B000AF0346FB71FB79A9
S31508007A501846FAF7DDF8034618460837BD4680BDCE
S31508007A6080B584B000AFB9607A603B600346FB73AB
S31508007A70F87B3B687A68B968FAF7E0F8034618466F
S31508007A801037BD4680BD80B584B000AFB9607A6056
S31508007A903B600346FB73F87B3B687A68B968FAF77C
S31508007AA037F9034618461037BD4680BD80B582B003
S31508007AB000AF03463A60FB710B46BB71B979FB7997
S31508007AC03A681846FAF7A8F9034618460837BD462D
S31508007AD080BD000080B584B000AF0346FB71FB791A
S31508007AE0084A9B0013445B685B68FA7905490A44AF
S31508007AF0127A104698470346FB73FB7B18461037E5
S31508007B00BD4680BDCC27002080B584B000AF0346B3
S31508007B10FB710023FB73FB790D4AD35C002B11D153
S31508007B20FB790B4A0121D154FB79094A9B0013447E
S31508007B305B681B68FA7906490A44127A1046984720
S31508007B400346FB73FB7B18461037BD4680BD00BF56
S31508007B50CC27002090B587B000AFB9607A603B604B
S31508007B600346FB73FB7B0A4A9B0013445B689C68CD
S31508007B70FB7B074A1344187A3B687A68B968A047BA
S31508007B800346FB75FB7D18461C37BD4690BD00BFF6
S31508007B90CC27002090B587B000AFB9607A603B600B
S31508007BA00346FB73FB7B0A4A9B0013445B68DC684D
S31508007BB0FB7B074A1344187A3B687A68B968A0477A
S31508007BC00346FB75FB7D18461C37BD4690BD00BFB6
S31508007BD0CC27002080B584B000AF03463A60FB711D
S31508007BE00B46BB71FB79094A9B0013445B681B690A
S31508007BF0FA7906490A44107AB9793A6898470346E1
S31508007C00FB73FB7B18461037BD4680BDCC2700208A
S31508007C1080B485B000AF78607B6801331B78FB8140
S31508007C20B7F90E301B021AB27B681B781BB21343D6
S31508007C301BB2FB81FB8918461437BD465DF8047BE9
S31508007C40704780B485B000AF78607B6803331B78D3
S31508007C50FB60FB681B027A68023212781343FB60EA
S31508007C60FB681B027A68013212781343FB60FB68D3
S31508007C701B027A6812781343FB60FB6818461437B0
S31508007C80BD465DF8047B704780B483B000AF78606A
S31508007C900B467B807B685A1C7A607A88D2B21A7047
S31508007CA07B881B0A7B807B685A1C7A607A88D2B2EA
S31508007CB01A7000BF0C37BD465DF8047B704780B468
S31508007CC083B000AF786039607B685A1C7A603A687E
S31508007CD0D2B21A703B681B0A3B607B685A1C7A60F2
S31508007CE03A68D2B21A703B681B0A3B607B685A1C1A
S31508007CF07A603A68D2B21A703B681B0A3B607B68A6
S31508007D005A1C7A603A68D2B21A7000BF0C37BD4660
S31508007D105DF8047B704780B487B000AFF860B9603F
S31508007D207A60FB687B61BB683B617B68002B0DD082
S31508007D303A69531C3B617B69591C796112781A7040
S31508007D407B68013B7B607B68002BF1D100BF1C3749
S31508007D50BD465DF8047B704780B487B000AFF86015
S31508007D60B9607A60FB687B617B695A1C7A61BA687C
S31508007D70D2B21A707B68013B7B607B68002BF3D11B
S31508007D8000BF00BF1C37BD465DF8047B704780B452
S31508007D9089B000AFF860B9607A60FB68FB61BB68C0
S31508007DA0BB6100237B61FB695A1CFA611B78194683
S31508007DB0BB695A1CBA611B78CB1A7B617B68013B8D
S31508007DC07B607B68002B02D07B69002BEBD07B693C
S31508007DD018462437BD465DF8047B704780B483B0E7
S31508007DE000AF7860396002E07B6801337B607B68AE
S31508007DF01B78002B05D07B681B781A463B68934294
S31508007E00F2D17B681B7818460C37BD465DF8047BB3
S31508007E107047000080B485B000AF786039600023F1
S31508007E20BB60BB68FB6029E0274AFB681B0113445B
S31508007E301B68002B1DD0244AFB681B0113441A68D3
S31508007E407B681B689A4216D11F4AFB681B011344BC
S31508007E5004331A687B689B689A420CD11A4AFB68F5
S31508007E601B01134408331A687B685B699A4202D17E
S31508007E7007E00123BB60FB680133FB60FB68012B4D
S31508007E80D2D9FB68022B09D1BB68002B02D13B680B
S31508007E90022B01D1002310E012230EE03B68002BD1
S31508007EA008D1094AFB681B0113440C331B88B3F538
S31508007EB0807F01D1102300E0002318461437BD4601
S31508007EC05DF8047B704700BFAC25002080B483B002
S31508007ED000AF00237B6002E07B6801337B607B6830
S31508007EE0012B06D8094A7B681B0113441B68002B23
S31508007EF0F2D17B68022B14BF01230023DBB218469C
S31508007F000C37BD465DF8047B704700BFAC250020E2
S31508007F1080B485B000AF786039600023FB601FE04D
S31508007F20414AFB681B0113441A687B681B689A421E
S31508007F3013D13D4AFB681B01134404331A687B6856
S31508007F409B689A4209D1384AFB681B0113440833D7
S31508007F501A687B685B699A4206D0FB680133FB6046
S31508007F60FB68012BDCD900E000BFFB68022B32D18D
S31508007F700023FB6002E0FB680133FB60FB68012B12
S31508007F8006D8294AFB681B0113441B68002BF2D14B
S31508007F90FB68022B01D1002340E07B681A6822495E
S31508007FA0FB681B010B441A607B689A681E49FB68CC
S31508007FB01B010B4404331A607B685A691A49FB682B
S31508007FC01B010B4408331A60174AFB681B0113444C
S31508007FD00C3300221A803B68002B09D0124AFB6832
S31508007FE01B0113440C331B88002B01D0002315E01A
S31508007FF03B68002B08D10C4AFB681B0113440C3361
S315080080001B8801339AB201E04FF480720649FB6877
S315080080101B010B440C331A80FB68013318461437CE
S31508008020BD465DF8047B7047AC25002080B485B05A
S3150800803000AF78607B68013B7B607B68012B25D8A5
S31508008040174A7B681B0113440C331B88FB81FB8989
S31508008050B3F5807F01D10023FB81FB89002B02D079
S31508008060FB89013BFB810E4A7B681B0113440C33D9
S31508008070FA891A80FB89002B05D1094A7B681B01FE
S31508008080134400221A6000237B7301E002237B73EA
S315080080907B7B18461437BD465DF8047B704700BFE6
S315080080A0AC25002080B485B000AF78600023FB6063
S315080080B010E00D4AFB681B0113441B687A689A4254
S315080080C005D1094AFB681B01134400221A60FB68A4
S315080080D00133FB60FB68012BEBD900BF00BF1437E7
S315080080E0BD465DF8047B7047AC25002080B586B098
S315080080F000AF78600023FB737B68DB78002B34D0F5
S315080081007B685B6B7B617B6858787B6803F1380119
S3150800811001237A69FFF73EFD0346002B02D00123AF
S31508008120FB7322E07B680022DA707B689B6A7A69B7
S31508008130D21A7B681B6A9A4217D27B689B783B6186
S3150800814010E07B681B6A7A6913447B617B68587800
S315080081507B6803F1380101237A69FFF71BFD3B6948
S31508008160013B3B613B69012BEBD8FB7B1846183773
S31508008170BD4680BD80B584B000AF78603960002305
S31508008180FB737B685B6B3A689A421BD07868FFF78B
S31508008190ADFF0346FB73FB7B002B13D17B68587836
S315080081A07B6803F1380101233A68FFF7D3FC0346DD
S315080081B0002B04D04FF0FF333B600123FB737B6831
S315080081C03A685A63FB7B18461037BD4680BD0000E7
S315080081D080B584B000AF78607868FFF787FF0346FC
S315080081E0FB73FB7B002B59D17B681B78032B49D18A
S315080081F07B681B79012B45D17B6803F138007B68C6
S315080082009B891A460021FFF7A7FD7B68383303F5DB
S31508008210FF734AF655211846FFF736FD7B68383353
S3150800822021491846FFF74BFD7B68383303F5F2738F
S315080082301E491846FFF743FD7B68383303F5F47289
S315080082407B689B6919461046FFF739FD7B6838330A
S3150800825003F5F6727B685B6919461046FFF72FFD32
S315080082607B685B6A5A1C7B685A637B6858787B68AC
S3150800827003F138017B685A6B0123FFF78BFC7B6897
S3150800828000221A717B685B78002200211846FFF7E6
S31508008290A1FC0346002B01D00123FB73FB7B184688
S315080082A01037BD4680BD00BF5252614172724161AE
S315080082B080B483B000AF786039603B68023B3B60AE
S315080082C07B68DB69023B3A689A4201D3002308E0DF
S315080082D07B685B891A463B6803FB02F27B681B6B6B
S315080082E0134418460C37BD465DF8047B704780B5C5
S315080082F086B000AF786039607B681B683B613B6875
S31508008300012B04D93B69DB693A689A4202D30123F7
S315080083107B61BAE04FF0FF337B613B691B78032B27
S3150800832000F08280032B00F3A680012B02D0022BDB
S3150800833055D0A0E03B68FB60FB685B08FA6813440D
S31508008340FB603B699A6A3B699B891946FB68B3FBE4
S31508008350F1F3134419463869FFF70CFF0346002B5F
S3150800836040F08C80FB685A1CFA603A699289B3FB24
S31508008370F2F101FB02F29B1A3A69134493F838307A
S31508008380BB603B699A6A3B699B891946FB68B3FBE4
S31508008390F1F3134419463869FFF7ECFE0346002B40
S315080083A06ED13B699B891A46FB68B3FBF2F101FB68
S315080083B002F29B1A3A69134493F838301B02BA68DA
S315080083C01343BB603B6803F00103002B02D0BB6874
S315080083D01B0902E0BB68C3F30B037B6155E03B69ED
S315080083E09A6A3B699B895B089BB219463B68B3FB53
S315080083F0F1F3134419463869FFF7BCFE0346002B10
S3150800840040D13B6903F138013B685B003A699289C0
S31508008410B3FBF2F000FB02F29B1A0B441846FFF777
S31508008420F7FB03467B6130E03B699A6A3B699B89A7
S315080084309B089BB219463B68B3FBF1F313441946F4
S315080084403869FFF797FE0346002B1DD13B6903F1F8
S3150800845038013B689B003A699289B3FBF2F000FB4E
S3150800846002F29B1A0B441846FFF7EBFB034623F070
S3150800847070437B6109E001237B6106E000BF04E0ED
S3150800848000BF02E000BF00E000BF7B69184618374E
S31508008490BD4680BD90B589B000AFF860B9607A6016
S315080084A00223FB77BB68012B40F20981FB68DB6975
S315080084B0BA689A4280F00381FB681B78032B00F0A8
S315080084C0B680032B00F3FB80012B03D0022B00F0B0
S315080084D08380F4E0BB68BB61BB695B08BA69134477
S315080084E0BB61FB689A6AFB689B891946BB69B3FB43
S315080084F0F1F313441946F868FFF73CFE0346FB7789
S31508008500FB7F002B40F0D480FB6803F13801BB6980
S315080085105A1CBA61FA689289B3FBF2F000FB02F2C0
S315080085209B1A0B447B61BB6803F00103002B0DD03B
S315080085307B691B785BB203F00F035AB27B685BB2A8
S315080085401B015BB213435BB2DBB201E07B68DBB2B3
S315080085507A691370FB680122DA70FB689A6AFB680D
S315080085609B891946BB69B3FBF1F313441946F868AE
S31508008570FFF700FE0346FB77FB7F002B40F09A804F
S31508008580FB6803F13801FB689B891A46BB69B3FB94
S31508008590F2F000FB02F29B1A0B447B61BB6803F006
S315080085A00103002B03D07B681B09DBB20EE07B6955
S315080085B01B785BB223F00F035AB27B681B0A5BB2C7
S315080085C003F00F035BB213435BB2DBB27A69137035
S315080085D0FB680122DA7072E0FB689A6AFB689B897D
S315080085E05B089BB21946BB68B3FBF1F31344194603
S315080085F0F868FFF7BFFD0346FB77FB7F002B5BD1CF
S31508008600FB6803F13801BB685B00FA689289B3FB23
S31508008610F2F000FB02F29B1A0B447A6892B21146FA
S315080086201846FFF731FBFB680122DA7047E0FB6862
S315080086309A6AFB689B899B089BB21946BB68B3FB81
S31508008640F1F313441946F868FFF794FD0346FB77E0
S31508008650FB7F002B32D17B6823F07044FB6803F163
S315080086603801BB689B00FA689289B3FBF2F000FBFD
S3150800867002F29B1A0B441846FFF7E3FA034603F087
S31508008680704323437B60FB6803F13801BB689B009A
S31508008690FA689289B3FBF2F000FB02F29B1A0B44CC
S315080086A079681846FFF70BFBFB680122DA7006E0CB
S315080086B000BF04E000BF02E000BF00E000BFFB7F90
S315080086C018462437BD4690BD80B588B000AFF8601F
S315080086D0B9607A600023FB77FB681B68BB61BB68DF
S315080086E0012B04D9BB69DB69BA689A4201D3022314
S315080086F04BE07B68002B0CD04FF0FF327968B869E5
S31508008700FFF7C8FE0346FB77FB7F002B01D0FB7FF4
S315080087103BE0B968F868FFF7EAFD78617B69002BEA
S3150800872031D07B69012B01D102232EE07B69B3F19D
S31508008730FF3F01D1012328E00022B968B869FFF795
S31508008740A9FE0346FB77FB7F002B01D0FB7F1CE0CD
S31508008750BB699A69BB69DB69023B9A420BD2BB6962
S315080087609B695A1CBB699A61BB691B7943F0010373
S31508008770DAB2BB691A717B69BB60BB69DB69BA6827
S315080087809A42C6D300E000BF002318462037BD46EC
S3150800879080BD80B588B000AF786039607B681B689B
S315080087A03B613B68002B0DD13B695B69BB61BB69CB
S315080087B0002B04D03B69DB69BA699A421BD30123B3
S315080087C0BB6118E039687868FFF791FDF860FB68C7
S315080087D0012B01D8012370E0FB68B3F1FF3F01D1FB
S315080087E0FB686AE03B69DB69FA689A4201D2FB6872
S315080087F063E03B68BB61BB69FB61FB690133FB61F5
S315080088003B69DB69FA699A4207D30223FB61FA6975
S31508008810BB699A4201D900234FE0F9697868FFF7E6
S3150800882066FDF860FB68002B0ED0FB68012B03D0B1
S31508008830FB68B3F1FF3F01D1FB683EE0FA69BB690B
S315080088409A42DAD1002338E000BF4FF0FF32F969C7
S315080088503869FFF71FFE0346FB75FB7D002B09D120
S315080088603B68002B06D0FA6939683869FFF712FEAB
S315080088700346FB75FB7D002B16D13B69FA695A61E5
S315080088803B699A693B69DB69023B9A4204D83B69B2
S315080088909B695A1E3B699A613B691B7943F0010340
S315080088A0DAB23B691A7107E0FB7D012B02D14FF062
S315080088B0FF3300E00123FB61FB6918462037BD46FC
S315080088C080BD80B487B000AF786039607B681B686C
S315080088D0FB607B68DB6A04333B61FB689B891A464D
S315080088E03B68B3FBF2F3FA685289B3FBF2F37B6198
S315080088F03B691A1D3A611B68BB60BB68002B01D136
S31508008900002310E07A69BB689A4207D37A69BB6884
S31508008910D31A7B613B6904333B61E9E700BF3B69D6
S315080089201A687B69134418461C37BD465DF8047BF4
S31508008930704780B586B000AF786039607B681B6881
S315080089403B613B68B3F5001F04D23B6803F01F0385
S31508008950002B01D0022371E07B683A685A617B6874
S315080089609B687B617B69002B06D13B691B78022BD0
S3150800897002D93B69DB6A7B617B69002B0CD13B68BA
S315080089805B093A691289934201D3022356E03B698F
S31508008990DA6A7B68DA612DE03B695B891A463B69CE
S315080089A09B8902FB03F3FB6019E07B68796918462B
S315080089B0FFF79DFC78617B69B3F1FF3F01D1012385
S315080089C03CE07B69012B04D93B69DB697A699A42E9
S315080089D001D3022332E03A68FB68D31A3B603A684F
S315080089E0FB689A42E1D279693869FFF761FC024669
S315080089F07B68DA617B687A699A617B68DB69002B38
S31508008A0001D102231AE07B68DA693B699B8919461A
S31508008A103B68B3FBF1F31A447B68DA613B6903F1FF
S31508008A2038013B699B891A463B68B3FBF2F000FBA9
S31508008A3002F29B1ACA187B681A620023184618376E
S31508008A40BD4680BD80B586B000AF786039607B686A
S31508008A501B68FB607B685B692033BB607B68DB69EE
S31508008A60002B03D0BB68B3F5001F01D30423BBE07A
S31508008A70FB689B891A46BB68B3FBF2F101FB02F25D
S31508008A809B1A002B40F09D807B68DB695A1C7B682B
S31508008A90DA617B689B69002B0BD1BB685B09FA68B6
S31508008AA012899342C0F08D807B680022DA61042324
S31508008AB09AE0FB689B891A46BB68B3FBF2F3FA682F
S31508008AC05289013A1340002B7BD17A687B689B69EF
S31508008AD019461046FFF70BFC78617B69012B01D814
S31508008AE0022381E07B69B3F1FF3F01D101237BE0DB
S31508008AF0FB68DB697A699A4259D33B68002B04D133
S31508008B007B680022DA6104236EE07A687B689B69D9
S31508008B1019461046FFF73DFE78617B69002B01D1A7
S31508008B20072361E07B69012B01D102235CE07B69A5
S31508008B30B3F1FF3F01D1012356E0F868FFF7D6FAF3
S31508008B400346002B01D001234EE0FB6803F13800F1
S31508008B50FB689B891A460021FFF7FEF800233B6154
S31508008B607969F868FFF7A4FB0246FB685A6312E0C6
S31508008B70FB680122DA70F868FFF7B8FA0346002B9B
S31508008B8001D0012330E03B6901333B61FB685B6B35
S31508008B905A1CFB685A63FB685B891A463B69934211
S31508008BA0E6D3FB685A6B3B69D21AFB685A637B6843
S31508008BB07A699A617969F868FFF77AFB02467B68F1
S31508008BC0DA617B68BA685A61FB6803F13801FB68A9
S31508008BD09B891A46BB68B3FBF2F000FB02F29B1AAC
S31508008BE0CA187B681A62002318461837BD4680BD26
S31508008BF080B586B000AF786039607B681B68FB601B
S31508008C0000217868FFF795FE0346FB75FB7D002B70
S31508008C102BD100233B617B68DB691946F868FFF7AF
S31508008C20A9FA0346FB75FB7D002B1DD17B681B6AE1
S31508008C301B78E52B04D07B681B6A1B78002B07D1B1
S31508008C403B6901333B613A693B689A4202D10CE0C1
S31508008C5000233B6101217868FFF7F4FE0346FB75A4
S31508008C60FB7D002BD7D000E000BFFB7D042B01D194
S31508008C700723FB75FB7D18461837BD4680BD80B5B2
S31508008C8084B000AF786039603B681A331846FEF73F
S31508008C90BFFF0346FB607B681B78032B09D13B6843
S31508008CA014331846FEF7B4FF03461B04FA68134349
S31508008CB0FB60FB6818461037BD4680BD80B584B09A
S31508008CC000AFF860B9607A60BB681A337A6892B206
S31508008CD011461846FEF7D8FFFB681B78032B09D107
S31508008CE0BB6803F114027B681B0C9BB2194610463D
S31508008CF0FEF7CAFF00BF1037BD4680BD90B587B0E6
S31508008D0000AF786039603B681A331846FEF780FF73
S31508008D100346002B01D0002359E03B681B7803F07B
S31508008D203F035A1E13465B0013449B0013447B61A2
S31508008D300123FB8100233B6133E0274A3B69134447
S31508008D401B781A463B6813441846FEF761FF03462C
S31508008D50BB81FB89002B1AD07B69FE2B12D8BB89F5
S31508008D60184602F05FF803461C467B695A1C7A616E
S31508008D705B007A6813441B88184602F053F80346CA
S31508008D809C4201D0002322E0BB89FB8106E0BB8917
S31508008D904FF6FF72934201D0002318E03B69013376
S31508008DA03B613B690C2BC8D93B681B7803F0400331
S31508008DB0002B0BD0FB89002B08D07B695B007A68F7
S31508008DC013441B88002B01D0002300E0012318461A
S31508008DD01C37BD4690BD00BF8004010880B588B029
S31508008DE000AFF860B96011461A460B46FB71134688
S31508008DF0BB71BB680D33BA791A70BB680B330F2287
S31508008E001A70BB680C3300221A70BB681A3300212B
S31508008E101846FEF739FFFB795A1E13465B001344C2
S31508008E209B001344FB610023FB820023BB61FB8A82
S31508008E304FF6FF72934207D0FB695A1CFA615B0032
S31508008E40FA6813441B88FB82174ABB6913441B78CC
S31508008E501A46BB681344FA8A11461846FEF714FFE9
S31508008E60FB8A002B02D14FF6FF73FB82BB690133E5
S31508008E70BB61BB690C2BDAD9FB8A4FF6FF729342AA
S31508008E8006D0FB695B00FA6813441B88002B03D1E4
S31508008E90FB7943F04003FB71BB68FA791A7000BF8F
S31508008EA02037BD4680BD00BF8004010880B58CB060
S31508008EB000AFF860B9607A603B600B22B968F86861
S31508008EC0FEF729FF3B68052B2BD93B68FB6122E09F
S31508008ED07B689A1C7A601B887B840023BB6217E038
S31508008EE0FB695A007B8C03F001031344FB617B8CFE
S31508008EF05B087B84FB6903F48033002B05D0FB6990
S31508008F0083F4883383F02103FB61BB6A0133BB62B8
S31508008F10BB6A0F2BE4D97B681B88002BD8D1FB6969
S31508008F203B600723BB623B68DBB203F00F03DBB28F
S31508008F30303387F82F3097F82F30392B04D997F824
S31508008F402F30073387F82F30BB6A5A1EBA62303380
S31508008F503B4497F82F2003F81C2C3B681B093B6001
S31508008F603B68002BDFD107F11402BB6A13447E224B
S31508008F701A7000237B6202E07B6A01337B627A6A9D
S31508008F80BB6A9A4205D2FA687B6A13441B78202B7F
S31508008F90F2D1BB6A072B07D8BB6A5A1CBA623033B0
S31508008FA03B4413F81C1C00E020217B6A5A1C7A6299
S31508008FB0FA6813440A461A707B6A072BE9D900BF78
S31508008FC000BF3037BD4680BD80B485B000AF78603D
S31508008FD00023FB730B23BB60FB7BDAB25208DB0171
S31508008FE01343DAB27B68591C79601B781344FB7308
S31508008FF0BB68013BBB60BB68002BEDD1FB7B184609
S315080090001437BD465DF8047B704780B586B000AF5F
S3150800901078607B681B683B6100217868FFF789FCEC
S315080090200346FB75FB7D002B01D0FB7DA9E0FF23E2
S315080090303B753B7D7B757B684FF0FF321A637B6817
S31508009040DB6919463869FFF795F80346FB75FB7D1A
S31508009050002B40F090807B681B6A1B78BB75BB7D34
S31508009060002B02D10423FB758AE07B681B6A0B334D
S315080090701B7803F03F03FB737B68FA7B9A71BB7D11
S31508009080E52B07D0FB7B03F00803002B09D0FB7BFD
S315080090900F2B06D0FF237B757B684FF0FF321A63D0
S315080090A05EE0FB7B0F2B36D17B6893F82F3003F0FD
S315080090B04003002B54D1BB7D03F04003002B0DD099
S315080090C07B681B6A5B7B3B75BB7D23F04003BB75E6
S315080090D0BB7D7B757B685A697B681A63BA7D7B7D25
S315080090E09A4215D17B681B6A0D331B783A7D9A42E2
S315080090F00ED13B691A697B681B6A19461046FFF749
S31508009100FDFD0346002B03D07B7D013BDBB200E06F
S31508009110FF237B7524E07B7D002B09D17B681B6AC6
S315080091201846FFF751FF03461A463B7D934224D063
S315080091307B6893F82F3003F00103002B0AD17B6874
S31508009140186A7B6824330B221946FEF720FE03466D
S31508009150002B14D0FF237B757B684FF0FF321A6310
S3150800916000217868FFF76EFC0346FB75FB7D002B34
S315080091703FF465AF04E000BF02E000BF00E000BFB7
S31508009180FB7D18461837BD4680BD000080B58CB0FB
S3150800919000AF78607B681B68FB617B6893F82F30AB
S315080091A003F0A003002B01D00623E0E000237B6236
S315080091B002E07B6A01337B62FB691A697B6A5B00A2
S315080091C013441B88002BF4D17B6803F1240107F1B3
S315080091D00C030C221846FEF79EFDFB7D03F00103E7
S315080091E0002B32D07B68402283F82F200123BB62F4
S315080091F016E07B6803F12400FB691A6907F10C0184
S31508009200BB6AFFF753FE7868FFF7FFFE034687F849
S315080092102F3097F82F30002B06D1BB6A0133BB627B
S31508009220BB6A632BE5D900E000BFBB6A642B01D19A
S3150800923007239CE097F82F30042B02D097F82F309D
S3150800924095E0FA7D7B6883F82F20FB7D03F0020307
S31508009250002B07D07B6A0C33474AA2FB03239B08E3
S31508009260013300E001233B62396A7868FFF7C0FCE6
S31508009270034687F82F3097F82F30002B48D13B6AE2
S31508009280013B3B623B6A002B42D07B685A693B6ACA
S315080092905B01D31A19467868FFF74BFB034687F834
S315080092A02F3097F82F30002B32D17B68243318469D
S315080092B0FFF78AFE0346FB767B68DB691946F86981
S315080092C0FEF758FF034687F82F3097F82F30002B04
S315080092D01DD1FB6918697B68196A3B6ADAB2FB7E9D
S315080092E0FFF77CFDFB690122DA7000217868FFF739
S315080092F0A9FB034687F82F3097F82F30002B07D1A4
S315080093003B6A013B3B623B6A002BD5D100E000BFBC
S3150800931097F82F30002B28D17B68DB691946F86946
S31508009320FEF728FF034687F82F3097F82F30002BD3
S315080093301BD17B681B6A202200211846FEF70CFD0C
S315080093407B68186A7B6824330B221946FEF7E3FC10
S315080093507B6893F82F207B681B6A0C3302F018028F
S31508009360D2B21A70FB690122DA7097F82F301846C4
S315080093703037BD4680BD00BF4FECC44E80B58AB0BD
S3150800938000AF786039603B681B683B617B681B6887
S315080093901B69FB6000237B617B69BB61BB695A1C47
S315080093A0BA613A6913441B78BB84BB8C1F2B40D91E
S315080093B0BB8C2F2B06D0BB8C5C2B10D102E0BB6973
S315080093C00133BB613A69BB6913441B782F2BF6D06E
S315080093D03A69BB6913441B785C2BF0D02AE07B6999
S315080093E0FE2B01D906237DE1BB8CDBB2BB84BB8C8B
S315080093F00121184601F0DAFC0346BB84BB8C002B1E
S3150800940001D106236EE1BB8C7F2B09D8BB8C19468C
S315080094108D48FEF7E3FC0346002B01D0062361E1E5
S315080094207B695A1C7A615B00FA681344BA8C1A8005
S31508009430B4E700BF3A69BB691A443B681A60BB8C3B
S315080094401F2B01D8042300E0002387F8273011E0FA
S315080094507B6903F10043013B5B00FA6813441B88F0
S31508009460BB84BB8C202B02D0BB8C2E2B06D17B69F0
S31508009470013B7B617B69002BEAD100E000BF7B6979
S315080094805B00FA68134400221A807B69002B01D11D
S31508009490062327E17B6824330B2220211846FEF792
S315080094A05BFC0023BB6102E0BB690133BB61BB699E
S315080094B05B00FA6813441B88202BF5D0BB695B0058
S315080094C0FA6813441B882E2BEED0BB69002B09D0F3
S315080094D097F8273043F0030387F8273002E07B69C3
S315080094E0013B7B617B69002B09D07B6903F1004353
S315080094F0013B5B00FA6813441B882E2BEFD100232F
S3150800950087F8263000233B620823FB61BB695A1C97
S31508009510BA615B00FA6813441B88BB84BB8C002BBA
S3150800952000F09080BB8C202B06D0BB8C2E2B0AD14A
S31508009530BA697B699A4206D097F8273043F0030345
S3150800954087F827307DE03A6AFB699A4203D2BA69FE
S315080095507B699A4223D1FB690B2B06D197F82730F2
S3150800956043F0030387F8273075E0BA697B699A42A6
S3150800957005D097F8273043F0030387F82730BA69F0
S315080095807B699A4266D87B69BB6108233B620B23D9
S31508009590FB6197F826309B0087F8263051E0BB8C94
S315080095A07F2B14D9BB8C0021184601F0FFFB03461C
S315080095B0BB84BB8C002B04D0BB8C803B234AD35C7A
S315080095C0BB8497F8273043F0020387F82730BB8C13
S315080095D0002B07D0BB8C19461D48FEF7FFFB034638
S315080095E0002B08D05F23BB8497F8273043F003038A
S315080095F087F827301BE0BB8C402B09D9BB8C5A2B2C
S3150800960006D897F8263043F0020387F826300EE08E
S31508009610BB8C602B0BD9BB8C7A2B08D897F82630D5
S3150800962043F0010387F82630BB8C203BBB843B6A9A
S315080096305A1C3A62BA8CD1B27A6813440A4683F83D
S31508009640242063E700BF06E064030108000401085C
S315080096507003010800BF7B6893F82430E52B03D11B
S315080096607B68052283F82420FB69082B04D197F828
S3150800967026309B0087F8263097F8263003F00C032F
S315080096800C2B05D097F8263003F00303032B05D1DE
S3150800969097F8273043F0020387F8273097F82730E2
S315080096A003F00203002B17D197F8263003F00303C3
S315080096B0012B05D197F8273043F0100387F8273098
S315080096C097F8263003F00C03042B05D197F82730BA
S315080096D043F0080387F827307B6897F8272083F834
S315080096E02F20002318462837BD4680BD80B586B092
S315080096F000AF786039607B683B613B691B68FB603B
S3150800970002E03B6801333B603B681B782F2BF8D09F
S315080097103B681B785C2BF4D03B6900229A603B6857
S315080097201B781F2B0AD87B68802283F82F200021FC
S315080097307868FFF7FEF80346FB7548E03B4619468E
S315080097407868FFF71BFE0346FB75FB7D002B39D1B6
S315080097507868FFF75AFC0346FB757B6893F82F3049
S31508009760FB72FB7D002B0AD0FB7D042B2CD1FB7AE8
S3150800977003F00403002B27D10523FB7524E0FB7AAD
S3150800978003F00403002B21D13B699B7903F01003F6
S31508009790002B02D10523FB7519E0FB6803F138019C
S315080097A07B685B69FA689289B3FBF2F000FB02F208
S315080097B09B1A0B441946F868FFF761FA02463B699B
S315080097C09A60BBE700BF02E000BF00E000BFFB7D78
S315080097D018461837BD4680BD80B487B000AF78609C
S315080097E04FF0FF333B617B681B68002B31D07B68E9
S315080097F01B687B6102E07B6901337B617B691B78AF
S315080098001F2B03D97B691B783A2BF4D17B691B780C
S315080098103A2B1CD17B681B68FB60FB685A1CFA60F4
S315080098201B78303BBB60BB68092B0ED8FA687B698E
S315080098309A420AD1BB68002B07D1BB683B617B699A
S3150800984001337B617B687A691A603B6902E0002311
S315080098503B613B6918461C37BD465DF8047B70477B
S3150800986080B582B000AF786039607B680022DA7014
S315080098707B684FF0FF325A6339687868FEF77AFCDE
S315080098800346002B01D0042338E07B68383303F500
S31508009890FF731846FEF7BCF903461A464AF65523DF
S315080098A09A4201D0032329E07B6893F83830E92BE4
S315080098B009D07B6893F83830EB2B1ED17B6893F878
S315080098C03A30902B19D17B68383336331846FEF771
S315080098D0B8F9034623F07F430A4A934201D100238D
S315080098E00CE07B68383352331846FEF7AAF903466C
S315080098F0054A934201D1002300E00223184608379F
S31508009900BD4680BD464154004641543380B596B0A5
S3150800991000AFF860B9601346FB71BB6800221A6095
S31508009920F868FFF759FFF863FB6B002B01DA0B2386
S3150800993065E29F4AFB6B52F82330BB63BB6B002B77
S3150800994001D10C235BE2BB68BA6B1A60FB7923F082
S315080099500103FB71BB6B1B78002B1AD0BB6B5B78C2
S315080099601846FEF7B7F8034687F8373097F83730C2
S3150800997003F00103002B0CD1FB79002B07D097F8D5
S31508009980373003F00403002B01D00A2337E2002303
S3150800999035E2BB6B00221A70FB6BDAB2BB6B5A70EE
S315080099A0BB6B5B781846FEF7AFF8034687F8373087
S315080099B097F8373003F00103002B01D003231EE28A
S315080099C0FB79002B07D097F8373003F00403002BF8
S315080099D001D00A2313E2BB6B5878BB6B0C331A46CB
S315080099E00221FEF7F7F80346002B01D0012306E211
S315080099F0BB6B9B89B3F5805F0DD8BB6B9B89B3F5B1
S31508009A00007F08D3BB6B9B891A46BB6B9B89013BBE
S31508009A101340002B01D00123F1E100233B65396D8A
S31508009A20B86BFFF71DFF034687F8573097F857308E
S31508009A30022B49D100233B641EE0BB6B03F13802BD
S31508009A403B6C1B0103F5DF7313443B633B6B043329
S31508009A501B78002B06D03B6B08331846FEF7F1F847
S31508009A60024600E000223B6C9B0058333B4443F817
S31508009A70442C3B6C01333B643B6C032BDDD9002340
S31508009A803B643B6C002B02D03B6C013B3B643B6C5C
S31508009A909B0058333B4453F8443C3B653B6D002BD5
S31508009AA005D0396DB86BFFF7DBFE034600E00323EC
S31508009AB087F8573097F85730012B05D93B6C013397
S31508009AC03B643B6C032BE2D997F85730042B01D142
S31508009AD0012394E197F85730012B01D90D238EE124
S31508009AE0BB6B38330B331846FEF792F803461A4613
S31508009AF0BB6B9B899A4201D00D2380E1BB6B38333F
S31508009B0016331846FEF784F80346FB64FB6C002BF5
S31508009B1006D1BB6B383324331846FEF792F8F8643F
S31508009B20BB6BFA6C1A62BB6B93F84820BB6B9A70D6
S31508009B30BB6B9B78012B05D0BB6B9B78022B01D0A6
S31508009B400D235CE1BB6B9B781A46FB6C02FB03F3A7
S31508009B50FB64BB6B93F845301A46BB6B5A81BB6BEB
S31508009B605B89002B08D0BB6B5B891A46BB6B5B898C
S31508009B70013B1340002B01D00D2340E1BB6B38336A
S31508009B8011331846FEF744F803461A46BB6B1A818A
S31508009B90BB6B1B89BA6B9289520992B2B3FBF2F17D
S31508009BA001FB02F29B1A9BB2002B03D00D2326E180
S31508009BB0A4250020BB6B383313331846FEF728F864
S31508009BC00346BB64BB6C002B06D1BB6B3833203312
S31508009BD01846FEF736F8B864BB6B38330E331846AA
S31508009BE0FEF716F80346FB85FB8D002B01D10D23E6
S31508009BF005E1FA8DFB6C1344BA6B1189BA6B92892D
S31508009C00520992B2B1FBF2F292B21344BB62BA6C39
S31508009C10BB6A9A4201D20D23F1E0BA6CBB6AD31A29
S31508009C20BA6B5289B3FBF2F37B627B6A002B01D1D4
S31508009C300D23E4E0032387F857307B6A4FF6F57265
S31508009C40934202D8022387F857307B6A40F6F572AA
S31508009C50934202D8012387F857307B6A9A1CBB6B5C
S31508009C60DA61BB6B3A6D5A62FA8D3B6D1A44BB6B6F
S31508009C709A623A6DBB6A1A44BB6B1A6397F85730F7
S31508009C80032B1ED1BB6B38332A331846FDF7C0FFAA
S31508009C900346002B01D00D23B1E0BB6B1B89002BBB
S31508009CA001D00D23ABE0BB6B38332C331846FDF7D8
S31508009CB0C8FF0246BB6BDA62BB6BDB699B007B6441
S31508009CC01FE0BB6B1B89002B01D10D2397E0BB6BF3
S31508009CD09A6AFB6C1A44BB6BDA6297F85730022B08
S31508009CE003D1BB6BDB695B000AE0BB6BDA69134621
S31508009CF05B0013445A08BB6BDB6903F0010313448A
S31508009D007B64BB6B1A6ABB6B9B8919467B6C0B44DD
S31508009D10013BB96B8989B3FBF1F39A4201D20D2352
S31508009D206DE0BB6B4FF0FF329A61BB6B9A69BB6BF8
S31508009D305A61BB6B80221A7197F85730032B49D1A9
S31508009D40BB6B383330331846FDF762FF0346012BE9
S31508009D5040D13B6D01331946B86BFEF70BFA034643
S31508009D60002B37D1BB6B00221A71BB6B383303F556
S31508009D70FF731846FDF74CFF03461A464AF6552365
S31508009D809A4227D1BB6B38331846FDF75AFF03466C
S31508009D901D4A93421ED1BB6B383303F5F27318463E
S31508009DA0FDF74FFF0346194A934213D1BB6B38336D
S31508009DB003F5F4731846FDF744FF0246BB6B9A6138
S31508009DC0BB6B383303F5F6731846FDF73AFF0246C0
S31508009DD0BB6B5A61BB6B97F857201A700C4B1B88E4
S31508009DE001339AB20A4B1A80094B1A88BB6BDA8080
S31508009DF0BB6B084A1A61B86BFEF754F9002318467C
S31508009E005837BD4680BD00BF5252614172724161EA
S31508009E10A8250020CC25002080B584B000AF786046
S31508009E2039600923FB737B68002B1CD07B681B6891
S31508009E30002B18D07B681B681B78002B13D07B6817
S31508009E409A887B681B68DB889A420CD17B681B68FA
S31508009E505B781846FDF73EFE034603F00103002B28
S31508009E6001D10023FB73FB7B002B02D17B681B68A7
S31508009E7000E000233A681360FB7B18461037BD469E
S31508009E8080BD000080B588B000AFF860B9601346A1
S31508009E90FB71BB683B6107F110031846FFF79CFC92
S31508009EA0F861FB69002B01DA0B232BE0174AFB69E3
S31508009EB052F82330BB61BB69002B05D0B869FEF7A1
S31508009EC0F1F8BB6900221A70FB68002B02D0FB6808
S31508009ED000221A70FA680D49FB6941F82320FB68CD
S31508009EE0002B02D0FB79012B01D000230AE007F1F1
S31508009EF00C0107F1080300221846FFF707FD034681
S31508009F00FB75FB7D18462037BD4680BDA42500207D
S31508009F1080B59AB000AFF860B9601346FB71FB686C
S31508009F20002B01D10923B7E1FB7903F03F03FB714D
S31508009F30FA7907F1140107F108031846FFF7E6FC5A
S31508009F40034687F8673097F86730002B40F09B8107
S31508009F507B69BB61BA6807F1180311461846FFF713
S31508009F60C5FB034687F8673097F86730002B18D18A
S31508009F7097F847305BB2002B03DA062387F8673079
S31508009F800FE0FB79012B8CBF01230023DBB21A46B5
S31508009F9007F1180311461846FDF73CFF034687F8F4
S31508009FA06730FB7903F01C03002B7FD097F86730E6
S31508009FB0002B17D097F86730042B0ED1FDF786FFD4
S31508009FC00346002B06D007F118031846FFF7DEF8FC
S31508009FD0034600E0122387F86730FB7943F008034D
S31508009FE0FB7110E0BB7F03F01103002B03D007239E
S31508009FF087F8673007E0FB7903F00403002B02D0EB
S3150800A000082387F8673097F86730002B68D1FB7903
S3150800A01003F00803002B63D0FDF7FEFCB865BB6BA5
S3150800A0200E33B96D1846FDF74AFEBB6B1633B96D8C
S3150800A0301846FDF744FEBB6B0B3320221A707B696A
S3150800A040BA6B11461846FEF71AFE78657B69B96B36
S3150800A05000221846FEF732FEBB6B1C330021184659
S3150800A060FDF72DFE7B690122DA707B6D002B37D058
S3150800A0707B695B6BBB6507F118030022796D18468F
S3150800A080FEF722FB034687F8673097F86730002B00
S3150800A09026D17B69B96D1846FEF76CF8034687F832
S3150800A0A067307B697A6D013A5A6119E097F867302B
S3150800A0B0002B15D1BB7F03F01003002B03D004231C
S3150800A0C087F867300CE0FB7903F00203002B07D012
S3150800A0D0BB7F03F00103002B02D0072387F8673004
S3150800A0E097F86730002B26D1FB7903F00803002B7D
S3150800A0F003D0FB7943F04003FB717B695A6BFB681D
S3150800A1005A62BA6BFB689A62FB79012B8CBF0123F2
S3150800A1100023DBB21A4607F1180311461846FDF765
S3150800A120F7FE0246FB681A61FB681B69002B02D121
S3150800A130022387F8673097F86730002B40F0A38032
S3150800A1407B69BA6B11461846FEF799FD0246FB680D
S3150800A1509A60BB6B1C331846FDF773FD0246FB6815
S3150800A160DA60FB680022DA627A69FB681A607B6942
S3150800A170DA88FB689A80FB68FA791A75FB68002208
S3150800A1805A75FB6800221A62FB6800229A61FB680E
S3150800A19030334FF4805200211846FDF7DDFDFB7978
S3150800A1A003F02003002B6ED0FB68DB68002B6AD017
S3150800A1B0FB68DA68FB689A617B695B891A467B6982
S3150800A1C09B8902FB03F33B65FB689B683B66FB6860
S3150800A1D0DB68FB6516E0FB68396E1846FEF787F8FC
S3150800A1E038663B6E012B02D8022387F867303B6E30
S3150800A1F0B3F1FF3F02D1012387F86730FA6D3B6D53
S3150800A200D31AFB6597F86730002B03D1FA6D3B6DBF
S3150800A2109A42E0D8FB683A6EDA6197F86730002B05
S3150800A22031D17B699B891A46FB6DB3FBF2F101FBC1
S3150800A23002F29B1A002B26D07B69396E1846FEF768
S3150800A24037F8F864FB6C002B03D1022387F86730D4
S3150800A25019E07B699B891A46FB6DB3FBF2F2FB6C2E
S3150800A2601A44FB681A627B695878FB6803F1300167
S3150800A270FB681A6A0123FDF76DFC0346002B02D022
S3150800A280012387F8673097F86730002B02D0FB6800
S3150800A29000221A6097F8673018466837BD4680BDB1
S3150800A2A080B58EB000AFF860B9607A603B60BB6875
S3150800A2B07B623B6800221A60FB6807F114021146AC
S3150800A2C01846FFF7A9FD034687F8373097F8373061
S3150800A2D0002B07D1FB685B7D87F8373097F8373056
S3150800A2E0002B02D097F8373035E1FB681B7D03F069
S3150800A2F00103002B01D107232DE1FB68DA68FB680F
S3150800A3009B69D31A3B627A683B6A9A4240F21E817D
S3150800A3103B6A7B601AE1FB689B697A699289B3FBA1
S3150800A320F2F101FB02F29B1A002B40F0D580FB6884
S3150800A3309B697A699289B3FBF2F37A695289013A81
S3150800A3401340FB61FB69002B2FD1FB689B69002B2F
S3150800A35003D1FB689B683B6313E0FB68DB6A002B51
S3150800A36007D0FB689B691946F868FEF7AAFA3863AE
S3150800A37007E0FA68FB68DB6919461046FDF7B7FF80
S3150800A38038633B6B012B04D8FB6802225A750223FB
S3150800A390E1E03B6BB3F1FF3F04D1FB6801225A753C
S3150800A3A00123D8E0FB683A6BDA617A69FB68DB69F6
S3150800A3B019461046FDF77CFFB861BB69002B04D12E
S3150800A3C0FB6802225A750223C5E0BA69FB69134481
S3150800A3D0BB617B699B891A467B68B3FBF2F3BB6258
S3150800A3E0BB6A002B41D0FA69BB6A13447A69528961
S3150800A3F0934205D97B695B891A46FB69D31ABB6206
S3150800A4007B695878BB6ABA69796AFDF7A3FB034684
S3150800A410002B04D0FB6801225A7501239BE0FB68D8
S3150800A4201B7D5BB2002B18DAFB681A6ABB69D31A64
S3150800A430BA6A9A4211D9FB681A6ABB69D31A7A6949
S3150800A440928902FB03F37A6AD018FB6803F130019C
S3150800A4507B699B891A46FDF75EFC7B699B891A46D0
S3150800A460BB6A02FB03F3FB625CE0FB681B6ABA6922
S3150800A4709A422ED0FB681B7D5BB2002B18DA7B69EB
S3150800A4805878FB6803F13001FB681A6A0123FDF767
S3150800A49081FB0346002B04D0FB6801225A75012371
S3150800A4A059E0FB681B7D03F07F03DAB2FB681A7577
S3150800A4B07B695878FB6803F130010123BA69FDF717
S3150800A4C049FB0346002B04D0FB6801225A75012379
S3150800A4D041E0FB68BA691A627B699B891846FB6882
S3150800A4E09B697A699289B3FBF2F101FB02F29B1A26
S3150800A4F0C31AFB62FA6A7B689A4201D97B68FB62D7
S3150800A500FB6803F13001FB689B697A699289B3FBA2
S3150800A510F2F000FB02F29B1A0B44FA6A1946786AB3
S3150800A520FDF7F9FB7A6AFB6A13447B62FB689A6952
S3150800A530FB6A1A44FB689A613B681A68FB6A1A4404
S3150800A5403B681A607A68FB6AD31A7B607B68002BC3
S3150800A5507FF4E1AE002318463837BD4680BD80B586
S3150800A5608CB000AFF860B9607A603B60BB68FB618D
S3150800A5703B6800221A60FB6807F11002114618466C
S3150800A580FFF74AFC034687F82F3097F82F30002B41
S3150800A59007D1FB685B7D87F82F3097F82F30002BA3
S3150800A5A002D097F82F306AE1FB681B7D03F002039F
S3150800A5B0002B01D1072362E1FB689A697B681A447C
S3150800A5C0FB689B699A4280F04C81FB689B69DB4378
S3150800A5D07B6046E1FB689B693A699289B3FBF2F1B5
S3150800A5E001FB02F29B1A002B40F0F180FB689B6985
S3150800A5F03A699289B3FBF2F33A695289013A1340F0
S3150800A600BB61BB69002B43D1FB689B69002B0CD14E
S3150800A610FB689B68BB62BB6A002B1AD1FB680021EA
S3150800A6201846FEF7B6F8B86213E0FB68DB6A002B3B
S3150800A63007D0FB689B691946F868FEF742F9B862C5
S3150800A64007E0FA68FB68DB6919461046FEF7A1F8C9
S3150800A650B862BB6A002B00F00981BB6A012B04D1E2
S3150800A660FB6802225A75022309E1BB6AB3F1FF3F70
S3150800A67004D1FB6801225A75012300E1FB68BA6A16
S3150800A680DA61FB689B68002B02D1FB68BA6A9A609C
S3150800A690FB681B7D5BB2002B18DA3B695878FB68B0
S3150800A6A003F13001FB681A6A0123FDF773FA0346C2
S3150800A6B0002B04D0FB6801225A750123DFE0FB68F2
S3150800A6C01B7D03F07F03DAB2FB681A753A69FB68EB
S3150800A6D0DB6919461046FDF7EBFD78617B69002BAF
S3150800A6E004D1FB6802225A750223C8E07A69BB695D
S3150800A6F013447B613B699B891A467B68B3FBF2F37B
S3150800A7003B623B6A002B43D0BA693B6A13443A69F9
S3150800A7105289934205D93B695B891A46BB69D31AA4
S3150800A7203B623B6958783B6A7A69F969FDF732FA00
S3150800A7300346002B04D0FB6801225A7501239EE0CC
S3150800A740FB681A6A7B69D31A3A6A9A4218D9FB686F
S3150800A75003F13000FB681A6A7B69D31A3A69928951
S3150800A76002FB03F3FA69D1183B699B891A46FDF780
S3150800A770D2FAFB681B7D03F07F03DAB2FB681A7511
S3150800A7803B699B891A463B6A02FB03F37B624BE0F3
S3150800A790FB681B6A7A699A4216D0FB689A69FB6855
S3150800A7A0DB689A4210D23B695878FB6803F130019E
S3150800A7B001237A69FDF7CEF90346002B04D0FB681E
S3150800A7C001225A7501235AE0FB687A691A623B69C5
S3150800A7D09B891846FB689B693A699289B3FBF2F133
S3150800A7E001FB02F29B1AC31A7B627A6A7B689A4259
S3150800A7F001D97B687B62FB6803F13001FB689B69C2
S3150800A8003A699289B3FBF2F000FB02F29B1A0B44F9
S3150800A8107A6AF9691846FDF77EFAFB681B7D63F0CC
S3150800A8207F03DAB2FB681A75FA697B6A1344FB611F
S3150800A830FB689A697B6A1A44FB689A61FB68DA685E
S3150800A840FB689B699A4238BF1A46FB68DA603B6820
S3150800A8501A687B6A1A443B681A607A687B6AD31A54
S3150800A8607B607B68002B7FF4B5AE00E000BFFB6819
S3150800A8701B7D43F04003DAB2FB681A7500231846BD
S3150800A8803037BD4680BD80B586B000AF78607B683E
S3150800A89007F1080211461846FFF7BEFA0346FB758C
S3150800A8A0FB7D002B68D17B681B7D03F04003002BE2
S3150800A8B062D07B681B7D5BB2002B15DABB685878C3
S3150800A8C07B6803F130017B681A6A0123FDF762F998
S3150800A8D00346002B01D001234FE07B681B7D03F064
S3150800A8E07F03DAB27B681A75FDF796F83861BA689D
S3150800A8F07B685B6A19461046FDF73CFC0346FB7508
S3150800A900FB7D002B38D17B689B6AFB60FB680B33A9
S3150800A9101A78FB680B3342F02002D2B21A707B68B1
S3150800A92018687B689B681A46F968FEF7C7F9FB68DA
S3150800A93003F11C027B68DB6819461046FDF7BFF970
S3150800A940FB68163339691846FDF7B9F9FB681233FF
S3150800A95000211846FDF798F9BB680122DA70BB6832
S3150800A9601846FDF735FC0346FB757B681B7D23F00F
S3150800A9704003DAB27B681A75FB7D18461837BD4660
S3150800A98080BD80B584B000AF78607868FFF77BFF3C
S3150800A9900346FB73FB7B002B18D17B6807F1080283
S3150800A9A011461846FFF738FA0346FB73FB7B002B64
S3150800A9B00CD17B681B691846FDF738FB0346FB7309
S3150800A9C0FB7B002B02D17B6800221A60FB7B1846B2
S3150800A9D01037BD4680BD80B592B000AFF860B9604B
S3150800A9E07A6007F1280107F10C0300221846FEF7E2
S3150800A9F08DFF034687F8473097F84730002B40F01D
S3150800AA009980BA6A7B681A60BB6A9A69BB6ADB690D
S3150800AA10023B9A4204D8BB6A9A69BB681A6089E005
S3150800AA2000233B64BB6A1B78012B28D10223FB63F6
S3150800AA30BB6A7B6107F11403F96B1846FDF757FCEF
S3150800AA40F862FB6AB3F1FF3F03D1012387F8473069
S3150800AA5063E0FB6A012B03D1022387F847305CE0E9
S3150800AA60FB6A002B02D13B6C01333B64FB6B013361
S3150800AA70FB63BB6ADB69FA6B9A42DBD34DE0BB6AC0
S3150800AA80DB69FB63BB6A9B6ABB6300237B630023AA
S3150800AA903B637B6B002B13D1B86ABB6B5A1CBA633A
S3150800AAA01946FDF767FB034687F8473097F847309E
S3150800AAB0002B31D1BB6A38333B63BB6A9B897B6306
S3150800AAC0BB6A1B78022B0FD1386BFDF7A1F803463A
S3150800AAD0002B02D13B6C01333B643B6B02333B6377
S3150800AAE07B6B023B7B6310E0386BFDF7AAF80346E5
S3150800AAF023F07043002B02D13B6C01333B643B6B64
S3150800AB0004333B637B6B043B7B63FB6B013BFB635F
S3150800AB10FB6B002BBDD100E000BFBB683A6C1A6026
S3150800AB20BB6A3A6C9A61BB6A1A79BB6A42F001023F
S3150800AB30D2B21A7197F8473018464837BD4680BDD5
S3150800AB4080B588B000AFF860B9607A600023FB6111
S3150800AB50FB68BB611CE007F1100307F11401012231
S3150800AB607868FFF79DFB3B69012B17D13B7DFB7589
S3150800AB70FB7D0D2B0BD0BB695A1CBA61FA7D1A7086
S3150800AB80FB690133FB61FB7D0A2B09D000E000BF9E
S3150800AB90BB68013BFA699A42DDDB02E000BF00E0D0
S3150800ABA000BFBB6900221A70FB69002B01D0FB6845
S3150800ABB000E0002318462037BD4680BD80B584B026
S3150800ABC000AF78600B46FB70FB780A2B03D10D218A
S3150800ABD07868FFF7F3FF7B685B68FB60FB68002B10
S3150800ABE025DBFB685A1CFA607A681344FA781A73EC
S3150800ABF0FB683C2B12DD7B6818687B6803F10C0147
S3150800AC00FA6807F10803FFF7AAFCBA68FB689A42D4
S3150800AC1001D1002301E04FF0FF33FB607B68FA683F
S3150800AC205A607B689B685A1C7B689A6000E000BF84
S3150800AC301037BD4680BD80B584B000AF78607B68AC
S3150800AC405B68002B16DB7B6818687B6803F10C01D0
S3150800AC507B685B681A4607F10C03FFF780FC03461E
S3150800AC60002B07D17B685B68FA68934202D17B6840
S3150800AC709B6801E04FF0FF3318461037BD4680BD8C
S3150800AC8080B483B000AF786039607B683A681A6030
S3150800AC907B6800225A607B685A687B689A6000BFA6
S3150800ACA00C37BD465DF8047B704780B596B000AF9B
S3150800ACB07860396007F10C0339681846FFF7E0FF3A
S3150800ACC009E07B685A1C7A601A7807F10C0311466A
S3150800ACD01846FFF773FF7B681B78002BF1D107F145
S3150800ACE00C031846FFF7A7FF034618465837BD4614
S3150800ACF080BD000080B487B000AFF860B960134625
S3150800AD00FB710123FB750023BB751F4B5B7ADBB216
S3150800AD10002B31D11C4B5B7ADBB21A461A4B002149
S3150800AD209954194B5B7ADBB2174A9B001344FA68AD
S3150800AD305A60154B5B7ADBB21A46134B1344FA7901
S3150800AD401A72114B5B7ADBB25A1CD1B20E4A517297
S3150800AD50BB75BB7D3033DAB2BB681A70BB6801338A
S3150800AD603A221A70BB6802332F221A70BB68033363
S3150800AD7000221A700023FB75FB7D18461C37BD465A
S3150800AD805DF8047B704700BFCC27002080B582B0F1
S3150800AD9000AF78603960002239687868FFF7AAFF43
S3150800ADA0034618460837BD4680BD000080B485B006
S3150800ADB000AF03463960FB80FB887F2B02D8FB88EF
S3150800ADC0FB8125E03B68002B0BD0FB88FF2B05D8C1
S3150800ADD0FB88803B124A32F8133000E00023FB81DF
S3150800ADE016E00023FB8109E0FB890D4A32F813308F
S3150800ADF0FA889A4206D0FB890133FB81FB897F2BAF
S3150800AE00F2D900E000BFFB8980339BB2DBB2FB813D
S3150800AE10FB8918461437BD465DF8047B704700BFAA
S3150800AE209004010880B487B000AF0346FB80FB8816
S3150800AE30B3F5805F01D23E4B00E03E4B7B617B69F8
S3150800AE409A1C7A611B887B827B8A002B68D0FA88D9
S3150800AE507B8A9A4264D37B699A1C7A611B883B82F7
S3150800AE603B8A1B0AFB813B8ADBB23B82FA88798ADA
S3150800AE703B8A0B449A4249DAFB89082B4FD801A230
S3150800AE8052F823F0A9AE0008BBAE0008D1AE000800
S3150800AE90D9AE0008E1AE0008E9AE0008F1AE000838
S3150800AEA0F9AE000801AF0008FA887B8AD31A5B005E
S3150800AEB07A6913441B88FB8027E0FA887B8AD31AB1
S3150800AEC09BB203F001039BB2FA88D31AFB801CE0FD
S3150800AED0FB88103BFB8018E0FB88203BFB8014E0D6
S3150800AEE0FB88303BFB8010E0FB881A3BFB800CE0BC
S3150800AEF0FB880833FB8008E0FB88503BFB8004E0B6
S3150800AF00FB88A3F5E353FB8000BF08E0FB89002B11
S3150800AF1095D13B8A5B007A6913447B618FE700BF52
S3150800AF20FB8818461C37BD465DF8047B704700BF92
S3150800AF3090050108840701082DE9FF4757EC106BB7
S3150800AF40002F0C4619463B46BBBF07F100431F4678
S3150800AF5000232D230B700D9BDDF830A0914623F0BE
S3150800AF602008BCBF32461646B8F1460F05D0B8F1E0
S3150800AF70450F00D10134022100E0032103AB019300
S3150800AF8002AB009347EC106B5346224601F020FAB9
S3150800AF90B8F1470F054619D119F0010F0ED000EB8D
S3150800AFA004090022002330463946F5F78DFD08B11D
S3150800AFB0CDF80C903022039B4B451ED3039B0E9A6B
S3150800AFC05B1B2846136004B0BDE8F087B8F1460F4E
S3150800AFD000EB0409E5D10378302B0AD100220023BF
S3150800AFE030463946F5F770FD18B9C4F10104CAF8B8
S3150800AFF00040DAF800309944D3E7591C03911A70D7
S3150800B000D9E7F7B50029BABF49422D232B230929C9
S3150800B0100270437029DD0DF107031D460A271A46FB
S3150800B020B1FBF7F607FB1614303402F8014C0C4650
S3150800B030632C03F1FF333146F1DC3031941E03F8FB
S3150800B040011C411C2346AB420AD30DF109039B1A86
S3150800B050AC4288BF002302330344181A03B0F0BD7C
S3150800B06013F8016B01F8016FEDE730233031837077
S3150800B070C170031DF1E700002DE9F04F8DB00C46B5
S3150800B080DDF8588016461F46054601F099F803680C
S3150800B09004931846F5F7ECF800230A93D8F800301D
S3150800B0A00590073323F0070303F1080294F818A064
S3150800B0B0D4F800B0C8F80020D3E9008929F0004385
S3150800B0C00793CDF81880C4E91289DDE906019C4B7F
S3150800B0D04FF0FF32F5F72AFD70BBDDE90601984B04
S3150800B0E04FF0FF32F5F704FD30BB0022002340463F
S3150800B0F04946F5F7F3FC10B12D2384F84330914AFD
S3150800B100914BBAF1470F8CBF9046984603232361AB
S3150800B1102BF0040323604FF00009009733460BAA6F
S3150800B1202146284600F0D2F9013040F08D804FF0D4
S3150800B130FF300DB0BDE8F08F42464B4640464946C3
S3150800B140F5F7F4FC40B14B46002BBCBF2D2384F821
S3150800B15043307E4A7E4BD4E763680AF0DF020692E4
S3150800B1605A1C3BD1062363604BF48062002322609D
S3150800B17003930AABCDE901A309AB0093616849ECD7
S3150800B180108B0DF123032846FFF7D6FE069B099977
S3150800B190472B804629D1C81C02DB6368994241DDEA
S3150800B1A0AAF1020A5FFA8AFA0139524604F15000F6
S3150800B1B00991FFF726FF0A9A1318012A8146236187
S3150800B1C002DC2268D20701D5013323619DF82330BA
S3150800B1D0002BA2D02D2384F843309EE7069A472AEF
S3150800B1E0C2D1002BC0D10123BDE7BAF1650FDBD967
S3150800B1F0BAF1660F18D1002963680BDD216113B90E
S3150800B2002268D00702D501330B442361A1654FF0AC
S3150800B2100009DBE713B92268D20701D50233F4E740
S3150800B2200123F2E74FF0670A0A9B994205DB236878
S3150800B2302161D807EAD54B1CE7E70029D4BFC1F13D
S3150800B240020201221344E0E723685A0507D423695A
S3150800B250424631462846B84701302BD167E7BAF14E
S3150800B260650F40F2DD80D4E9120100220023F5F7CC
S3150800B2702BFC002833D0374A012331462846B847E5
S3150800B28001303FF454AFDDE90938434502DB236852
S3150800B290D8070FD5DDE9042331462846B8470130DB
S3150800B2A03FF445AF4FF0000908F1FF3804F11A0AD8
S3150800B2B0C84509DC23689B0700F10381E0680B9BFE
S3150800B2C09842B8BF184634E7012352463146284605
S3150800B2D0B84701303FF42BAF09F10109E8E7099BAC
S3150800B2E0002B39DC1B4A012331462846B847013072
S3150800B2F03FF41DAFDDE9093959EA030302D1236892
S3150800B300D907D7D5DDE9042331462846B8470130A1
S3150800B3103FF40DAF4FF0000A04F11A0B099B5B428C
S3150800B320534501DC4B4693E701235A4631462846E6
S3150800B330B84701303FF4FBAE0AF1010AEEE700BF59
S3150800B340FFFFEF7F44080108400801084C08010880
S3150800B3504808010886090108A36DDDF828A05345A9
S3150800B360A8BF5346002B994636DC4FF0000B29EA56
S3150800B370E97904F11A02A36D0693A3EB09035B4569
S3150800B38031DC099B9A453ADC2368DA0737D4099BEE
S3150800B390AAEB0309069BAAEB03039945A8BF99469E
S3150800B3A0B9F1000F33DC4FF0000829EAE97904F116
S3150800B3B01A0B099BAAEB0303A3EB090343457FF783
S3150800B3C079AF01235A4631462846B84701303FF43B
S3150800B3D0AEAE08F10108ECE7424631462846B847C2
S3150800B3E00130C2D1A3E60123314628460692B84762
S3150800B3F001303FF49CAE069A0BF1010BBBE7DDE981
S3150800B400042331462846B8470130C0D18FE6069A4C
S3150800B4104B46424431462846B8470130C3D186E6F2
S3150800B420DDF828A0BAF1010F01DCDB0736D50123C8
S3150800B430424631462846B84701303FF478AEDDE942
S3150800B440042331462846B84701303FF470AED4E9A4
S3150800B4501201002200230AF1FF3AF5F735FBC0B9BD
S3150800B460534608F1010231462846B84701300CD147
S3150800B4705DE601235A4631462846B84701303FF46F
S3150800B48056AE08F10108D045F3DB4B4604F15002ED
S3150800B490DFE64FF0000804F11A0BF4E701234246F1
S3150800B4A0E1E701234A4631462846B84701303FF4CA
S3150800B4B03EAE08F10108E3680B995B1A4345F0DCD8
S3150800B4C0FCE64FF0000804F11909F4E72DE9F04706
S3150800B4D0164698468A680B69DDF820909342B8BFED
S3150800B4E01346336091F8432007460C460AB10133E8
S3150800B4F033602368990642BF336802333360256890
S3150800B50015F0060506D104F1190AE36832689B1A94
S3150800B510AB4226DC94F843302268003B18BF01236F
S3150800B52092062BD404F1430241463846C8470130F7
S3150800B5301ED02368226903F00603042B02BFE568C0
S3150800B5403368ED1AA3680CBF25EAE5750025934212
S3150800B550C4BF9B1AED1800261A34B5421AD100202A
S3150800B56008E00123524641463846C847013003D110
S3150800B5704FF0FF30BDE8F0870135C6E7E1185A1CE1
S3150800B580302081F84300224494F8451082F843108D
S3150800B5900233C7E70123224641463846C8470130E9
S3150800B5A0E6D00136D9E700002DE9FF470F7E0C9E4D
S3150800B5B0782F914680460C469A4601F1430207D8F1
S3150800B5C0622F0AD8002F00F0D180582F00F0B880DB
S3150800B5D004F1420684F842703AE0A7F16303152B9A
S3150800B5E0F6D801A151F823F041B6000855B600086F
S3150800B5F0D1B50008D1B50008D1B50008D1B5000805
S3150800B60055B60008D1B50008D1B50008D1B500086F
S3150800B610D1B5000853B700087FB600080DB7000873
S3150800B620D1B50008D1B5000875B70008D1B500082E
S3150800B6307FB60008D1B50008D1B5000815B70008CF
S3150800B64033681A1D1B68326004F1420684F84230DA
S3150800B65001239CE033682068191D3160060601D570
S3150800B6601D6803E04506FBD5B3F90050002D03DA43
S3150800B6702D236D4284F8433058480A2311E0216887
S3150800B6803368080653F8045B02D4490648BFADB2CE
S3150800B6906F2F5248336014BF0A230823002184F809
S3150800B6A043106668A660002E05DB21682E4321F04C
S3150800B6B0040121604BD01646B5FBF3F103FB115785
S3150800B6C0C75D06F8017D2F46BB420D46F4D9082B07
S3150800B6D00BD12368DF0708D5236961689942DEBF65
S3150800B6E0302306F8013C06F1FF36921B2261CDF89D
S3150800B6F000A04B4603AA21464046FFF7E7FE013065
S3150800B7004AD14FF0FF3004B0BDE8F087236843F014
S3150800B710200323603248782784F845702368316807
S3150800B7201F0651F8045B02D45F0648BFADB231600C
S3150800B730D90744BF43F0200323601DB11023ADE7AA
S3150800B7402648E9E7236823F020032360F6E7164630
S3150800B750BDE7336825686169181D30602E061B68C9
S3150800B76001D5196002E06806FBD51980002323611C
S3150800B7701646BCE733681A1D32601E6862680021E7
S3150800B7803046F4F725FD08B1801B606063682361C5
S3150800B790002384F84330AAE72369324649464046DF
S3150800B7A0D0470130ADD023689B0713D4E068039BCC
S3150800B7B09842B8BF1846A6E701233246494640468E
S3150800B7C0D04701309DD00135E36803995B1AAB4237
S3150800B7D0F2DCEBE7002504F11906F5E75008010845
S3150800B7E0610801082DE9F04F87B0914603938B68ED
S3150800B7F05A1EB2F5AE7F81BF6FF4AE7503EB050B2B
S3150800B80040F25D138B600B680A464FF0000543F45F
S3150800B810F06342F81C3BCDE9045580460C4698BFB8
S3150800B8204FF0000B01921646AA462F460295A268CB
S3150800B8305AB1D9F800301B784E2B63D8402B3BD829
S3150800B840A3F12B01C8B20E2839D91FB1236823F4F6
S3150800B850807323600AF1FF3ABAF1010F00F21481EE
S3150800B860019B9E4200F20581012007B0BDE8F08FDA
S3150800B870A3F161020D2AE8D801A151F822F000BF10
S3150800B880C9B900084BB800084BB800084BB80008FF
S3150800B89025BA0008FFB900084BB800084BB80008DD
S3150800B8A0D7B900084BB800084BB800084BB80008D1
S3150800B8B04BB8000893B90008A3F14102DAE70E294C
S3150800B8C0C3D801A050F821F083B900084BB8000886
S3150800B8D083B9000813BA00084BB8000825B9000850
S3150800B8E069B9000869B9000869B9000869B90008A2
S3150800B8F069B9000869B9000869B9000869B9000892
S3150800B90069B900086E2B09D8602BB1D8542B7BD0A7
S3150800B910592B9AD1072D98D108252FE0742B73D06F
S3150800B920792BF6E72168C8051ED521F0800121602C
S3150800B9300137BBF1000F03D001320BF1FF3BA260C8
S3150800B940A368013BA360236901332361D9F8043056
S3150800B950013B002BC9F8043040F38280D9F8003047
S3150800B9600133C9F8003062E71AEB05017FF46DAFC1
S3150800B970226822F4C07222600D468A4606F8013B08
S3150800B980DEE7226810067FF560AF22F080022260AB
S3150800B990F4E7BAF1000F0CD177B9226802F4E06136
S3150800B9A0B1F5E06F08D122F4F06222604FF0010A87
S3150800B9B0E4E7BAF1020F50D0012D02D0042D7FF42E
S3150800B9C044AF0135EDB2D9E7BAF1010F7FF43DAFC7
S3150800B9D04FF0020AD2E775B9002F7FF437AF226815
S3150800B9E002F4E061B1F5E06F40F0038122F4F06201
S3150800B9F022600125C2E7032DE3D0052DDFE7022DDE
S3150800BA007FF423AF0325B9E7062D7FF41EAF07257C
S3150800BA10B4E7226891057FF518AF22F420722260F8
S3150800BA200297ABE7226802F4A061B1F5806F05D0F2
S3150800BA3050057FF50AAF002F00F0DB80910558BF4F
S3150800BA40029922F4F06258BF791A42F4C07258BFBC
S3150800BA50CDE904162260002790E74FF0030A8DE728
S3150800BA60D4F8803149464046984700283FF4DFAE6F
S3150800BA70EBE6D4F87C3116F8011D4A46404698474D
S3150800BA802369013B2361EBE66B1E062B24D8022DA6
S3150800BA9036D8019B9E427FF6E7AED4F87C3116F87D
S3150800BAA0011D4A46404698472369013B2361F0E752
S3150800BAB0D4F87C311BF8011D4A464046984723694D
S3150800BAC0013B23610AF1FF3A5FFA8AFABAF1020FDB
S3150800BAD0EED1033DEDB2761B2368DA0530D55B055A
S3150800BAE011D5019B9E427FF6BFAED4F87C3116F87D
S3150800BAF0011D4A46404698472369013B2361F0E702
S3150800BB00AA46B346DEE716F8011C2369652903F140
S3150800BB10FF3306F1FF3523610CD045290AD0D4F846
S3150800BB207C314A4640469847236916F8021C013B71
S3150800BB30B51E2361D4F87C314A46404698472E46BE
S3150800BB40226812F0100201D000208EE632702368B7
S3150800BB5003F4C063B3F5806F25D1029B9F420AD0D8
S3150800BB60DA1B04F26F139E4228BF04F5B776224902
S3150800BB70304600F0ADF901990022404602F0A4FDD6
S3150800BB80039B21681B6811F0020F57EC106B03F139
S3150800BB90040215D003990A601B68C3E90067E368C5
S3150800BBA00133E360D0E7049B002BE4D005990A2310
S3150800BBB00131404602F008FE049B059EC21AD0E7F2
S3150800BBC011F0040F03990A60E6D11D6832463B4618
S3150800BBD030463946F4F7AAFF28B1084800F068FB52
S3150800BBE085ED000ADBE730463946F4F7FDFF2860A5
S3150800BBF0D5E700272EE600BF72080108CE0901081E
S3150800BC00002310B50446C0E90033C0E90433836055
S3150800BC1081814366C2818361194608225C3000F03F
S3150800BC207FFA0D4B63620D4BA3620D4BE3620D4B1E
S3150800BC3023630D4B24629C4206D003F168029442AA
S3150800BC4002D0D0339C4205D104F15800BDE810401B
S3150800BC5000F02ABB10BD00BF6DBF000893BF0008E7
S3150800BC60CBBF0008EFBF0008D8270020024A0349C7
S3150800BC70034800F069B800BF2800002045F4000812
S3150800BC803800002041680C4B994210B5044601D093
S3150800BC9003F0D8FBA168094B994202D0204603F06D
S3150800BCA0D1FBE168064B994204D02046BDE8104016
S3150800BCB003F0C8BB10BD00BFD827002040280020CD
S3150800BCC0A828002010B50B4B0B4C0C4A1A602046CE
S3150800BCD000220421FFF794FF04F1680001220921DC
S3150800BCE0FFF78EFF04F1D0000222BDE810401221B2
S3150800BCF0FFF786BF10290020D82700206DBC000852
S3150800BD00014800F0D2BA00BF19290020014800F006
S3150800BD10CDBA00BF1929002010B50446FFF7F0FF79
S3150800BD20236A1BB1BDE81040FFF7F0BF044B23623E
S3150800BD30044B1B68002BF5D1FFF7C4FFF2E700BFE1
S3150800BD4085BC0008102900202DE9F84307468846D7
S3150800BD5014460026D4E90195B9F1010905D52468E8
S3150800BD60002CF7D13046BDE8F883AB89012B07D9FB
S3150800BD70B5F90E30013303D029463846C047064385
S3150800BD806835E9E70FB407B5064904AB086853F800
S3150800BD90042B8168019303F06BF803B05DF804EB9C
S3150800BDA004B0704734000020036A70B584680546FD
S3150800BDB00E460BB9FFF7B0FF636EDB0705D4A38900
S3150800BDC0980502D4A06D00F070FAA389190702D568
S3150800BDD02369002B35D12146284600F04BF980B35C
S3150800BDE04FF0FF35636EDA0705D4A3899B0502D4A5
S3150800BDF0A06D00F05BFA284670BD002B04DAA26934
S3150800BE009A4217DC0A2915D023685A1C2260197031
S3150800BE10A36816F8011F013BA3600029EDD1002B8A
S3150800BE2011DA22460A21284600F0E5F80130D7D073
S3150800BE300A25D7E72246284600F0DDF80130E7D183
S3150800BE40CEE7013EE4E723685A1C22600A221A70EC
S3150800BE50EEE70000024B01461868FFF7A5BF00BFD2
S3150800BE60340000200CB430B5184B0C1E1D689DB06C
S3150800BE7008DA8B232B604FF0FF301DB0BDE8304049
S3150800BE8002B070474FF40273ADF814304FF0000358
S3150800BE901B9314BF04F1FF332346049307934FF60D
S3150800BEA0FF7302900690ADF81630209A21AB02A9CE
S3150800BEB02846019302F0E6FC431CBCBF8B232B608B
S3150800BEC0002CDAD0029B00221A70D6E73400002034
S3150800BED00EB410B59DB01FAB029006906FF00041EE
S3150800BEE00A48079104910A4953F8042B059100243E
S3150800BEF002A9006801931B9402F0C4FC029B1C7003
S3150800BF001DB0BDE8104003B0704700BF34000020E4
S3150800BF100802FFFF0EB470B59DB021AC00254FF4A2
S3150800BF20017254F8046BADF814201B950290069024
S3150800BF30F4F79EF90B4B039007900B480B934FF6BB
S3150800BF40FF73ADF816303246234602A900680F95EE
S3150800BF501495019402F0ECFD1DB0BDE8704003B0E5
S3150800BF60704700BF8FBF00083400002010B50C468C
S3150800BF70B1F90E1000F04AF90028ABBF636DA3892A
S3150800BF801B1823F48053ACBF6365A38110BD002042
S3150800BF9070472DE9F0411F468B89DB0505460C469F
S3150800BFA0164605D5B1F90E100223002200F01CF939
S3150800BFB0A389B4F90E1023F48053A38132463B4675
S3150800BFC02846BDE8F04100F033B910B50C46B1F982
S3150800BFD00E1000F009F9431CA38915BF606523F408
S3150800BFE0805343F48053A38118BFA38110BDB1F9D0
S3150800BFF00E1000F0E9B8F8B50E461446054618B115
S3150800C000036A0BB9FFF788FEA369A360A3891A0719
S3150800C01001D5236943B92146284600F02BF818B103
S3150800C0204FF0FF373846F8BD23682269981A6369C6
S3150800C030F6B28342374605DC2146284603F002FA63
S3150800C0400028EDD1A368013BA36023685A1C22602F
S3150800C0501E706269431C9A4204D0A389DB07E1D5A6
S3150800C0600A2EDFD12146284603F0ECF90028D9D05C
S3150800C070D6E7000038B5294B054618680C4618B1AE
S3150800C080036A0BB9FFF748FEB4F90C30190722D436
S3150800C090DA0607D409222A6043F04003A3814FF049
S3150800C0A0FF3033E0580712D5616B41B104F1440300
S3150800C0B0994202D0284600F05BFF00236363A389F8
S3150800C0C023F02403A3810023636023692360A389E3
S3150800C0D043F00803A38123694BB9A38903F42073AA
S3150800C0E0B3F5007F03D02146284603F0F9F9B4F9E1
S3150800C0F00C3013F001020AD00022A2606269524293
S3150800C100A261226942B913F08000C5D138BD9907EA
S3150800C11058BF6269A260F4E70020F7E73400002000
S3150800C12002440346934200D1704703F8011BF9E71E
S3150800C130C9B20346184613F8012B12B18A42F9D13F
S3150800C1407047002918BF0020704710B56AB1013939
S3150800C150841810F8012B11F8013F9A4203D1A04226
S3150800C16001D0002AF5D1D01A10BD1046FCE710B54B
S3150800C1700139034632B111F8014F03F8014B013A70
S3150800C180002CF7D11A440021934200D110BD03F8C0
S3150800C190011BF9E70A7870B56AB970BD9A4209D1E8
S3150800C1A00C46054614F8013F002BF6D015F8016F2A
S3150800C1B09E42F7D001300378002BEFD11846ECE702
S3150800C1C0004870477401002038B5064D0023044620
S3150800C1D008462B60F6F752FD431C02D12B6803B1C3
S3150800C1E0236038BD1429002038B5074D0446084693
S3150800C1F0114600222A601A46F6F767FD431C02D14B
S3150800C2002B6803B1236038BD1429002038B5074DC3
S3150800C21004460846114600222A601A46F6F711FD1A
S3150800C220431C02D12B6803B1236038BD14290020B2
S3150800C23038B5074D04460846114600222A601A46B4
S3150800C240F5F73BFF431C02D12B6803B1236038BDC9
S3150800C25014290020014B1868704700BF34000020DD
S3150800C26070B50D4D0D4C641BA4100026A64209D1CD
S3150800C2700B4D0C4C03F0D8FE641BA4100026A642F6
S3150800C28005D170BD55F8043B98470136EEE755F8D9
S3150800C290043B98470136F2E78C0C01088C0C010820
S3150800C2A08C0C0108900C0108704770477047000015
S3150800C2B09FED010A704700BF0000C07F2DE9F74FC8
S3150800C2C003690C69A34207467EDB013C01F11408A9
S3150800C2D0A30000F11405009305EB8403019358F8B5
S3150800C2E0243055F8242001339A4208EB8409B2FB1E
S3150800C2F0F3F62ED34FF0000AC446AE46D3465CF892
S3150800C300043B98B206FB00A0020C1B0C06FB032399
S3150800C310DEF8002080B292B2121A5A44DEF8000003
S3150800C3204FEA134A9BB2C3EB224303EB104392B284
S3150800C33042EA0342E1454EF8042B4FEA234BDED28C
S3150800C340009BEB582BB9019B043B9D421A462FD301
S3150800C3503C61384601F0C8F9002825DB294600204B
S3150800C36058F8042BD1F800C01FFA82FE1FFA8CF386
S3150800C370A3EB0E030344120CC2EB234202EB1C424E
S3150800C3809BB243EA0243C14541F8043B4FEA2240C7
S3150800C390E6D255F8242005EB840322B9043B9D42D6
S3150800C3A01A460BD33C610136304603B0BDE8F08F20
S3150800C3B01268043B002ACBD1013CC6E71268043B4D
S3150800C3C0002AEFD1013CEAE70020EEE70000000072
S3150800C3D02DE9F04FC76997B08DED040B55EC104B5E
S3150800C3E0209E079181460C9211937FB9102000F088
S3150800C3F009FE0246C9F81C0020B9A94BEF21A94835
S3150800C40003F082F9C0E901770760C760D9F81C30E4
S3150800C410196859B15A684A60012393408B604846A7
S3150800C42000F0E6FED9F81C3000221A602B1EB9BFB0
S3150800C43023F00043059300233360059F9A4BBCBF46
S3150800C44001223260BB4312D1119A42F20F73136074
S3150800C450C7F31303234300F05A85219BDFF85CA238
S3150800C460002B00F05C850AF1030300F056BD9DED34
S3150800C470047B002251EC170B00238DED0A7BF4F7A1
S3150800C48023FB804658B1119A01231360219B13B1EF
S3150800C490219A864B1360DFF828A200F040BD9DED77
S3150800C4A00A0B14AA15A9484601F03EFAC7F30A561C
S3150800C4B00290002E78D00B9BCDF84880C3F3130367
S3150800C4C0DDE90A0143F07F5343F44013A6F2FF3631
S3150800C4D019460022764BF3F7D7FE6BA3D3E9002360
S3150800C4E0F4F78AF86AA3D3E90023F3F7CFFE0446E4
S3150800C4F030460D46F4F716F867A3D3E90023F4F798
S3150800C5007BF802460B4620462946F3F7BFFE04464B
S3150800C5100D46F4F721FB002207460023204629464C
S3150800C520F4F7DCFA40B13846F3F7FCFF22462B460F
S3150800C530F4F7CAFA00B9013F162F52D85D4B03EB40
S3150800C540C703D3E90023DDE90A01F4F7C7FA00288F
S3150800C55049D0013F00231093149B9B1B5A1E45BFCD
S3150800C560C3F10103009300230023069254BF0093EE
S3150800C5700693002F39DB069B0D973B440693002351
S3150800C5800893079B092B63D8052BC4BF043B079365
S3150800C590079BA3F10203CCBF00240124032B63D815
S3150800C5A0DFE803F05254372BDDE914631E4406F224
S3150800C5B03243202BC1BFC3F140039F4006F212430A
S3150800C5C024FA03F3D6BFC3F1200347EA030004FAAB
S3150800C5D003F0F3F797FF0122A1F1F873013E1292D7
S3150800C5E076E70123B7E71090B6E7009BDB1B0093BD
S3150800C5F07B42089300230D93C3E7012309930C9B01
S3150800C60007EB030B0BF10103012B0393B8BF0123BF
S3150800C61006E0012309930C9B002B28DD9B46039318
S3150800C620D9F81C000021042202F114059D4226D9DE
S3150800C6304160484600F09CFD8246002842D11E4BC8
S3150800C640024640F2AF11DAE60023E3E70023D5E716
S3150800C65001240023079309944FF0FF3B0022CDF8ED
S3150800C6600CB012230C92DBE701230993F4E74FF091
S3150800C670010BCDF80CB05B46CDF830B0D0E70131F0
S3150800C6805200D1E7AFF3008061436F63A787D23FBB
S3150800C690B3C8608B288AC63FFB799F501344D33FA3
S3150800C6A0840801089B0801080000F07F8709010833
S3150800C6B00000F83F680A0108F30801088008010825
S3150800C6C086090108D9F81C301860039B0E2B00F266
S3150800C6D0A180002C00F09E80002F33DD9C4B07F0D4
S3150800C6E00F0203EBC20393ED007BF8058DED0E7B7D
S3150800C6F04FEA271416D5974BDDE90A01D3E9082333
S3150800C700F4F7A4F8CDE9040104F00F040326914DCB
S3150800C71054B9DDE90E23DDE90401F4F797F8CDE90C
S3150800C720040128E00226F2E7E10708D5DDE90E0153
S3150800C730D5E90023F3F760FFCDE90E010136641051
S3150800C7400835E5E700F0AF807C42814B814D04F067
S3150800C7500F0203EBC203D3E90023DDE90A01F3F76D
S3150800C7604BFFCDE90401241100230226002C40F0DA
S3150800C7708F80002BD3D1109BDDE90445002B00F0F8
S3150800C7809480754B002220462946F4F7A7F900281D
S3150800C79000F08B80039B002B00F08780BBF1000F15
S3150800C7A034DD20466D4B00222946F3F725FFCDE9F7
S3150800C7B0040107F1FF3801365C463046F3F7B2FE4E
S3150800C7C0DDE90423F3F718FF654B0022F3F75EFD56
S3150800C7D00546A1F15076002C6AD1DDE90401614BCA
S3150800C7E00022F3F751FD02460B46CDE904232A46FB
S3150800C7F03346F4F791F9002840F09882DDE9040100
S3150800C8002A4606F10043F4F769F938BBDDE90A342C
S3150800C810CDE90434159B002BC0F257810E2F00F387
S3150800C82054814B4B03EBC70393ED007B0C9B002B0A
S3150800C8308DED007B80F2E580039B002B00F3E18001
S3150800C8400CD1484B002251EC170BF3F7D5FEDDE966
S3150800C8500423F4F757F9002800F0668200242546D9
S3150800C8600C9B56466FEA030800272146484600F007
S3150800C870BFFC002D00F0BD802FB1AF4203D0394672
S3150800C880484600F0B5FC2946484600F0B1FCB0E041
S3150800C890E20705D5D5E90023F3F7AEFE01360123F5
S3150800C8A06410083562E7022665E7039CB84684E704
S3150800C8B0274B099903EBC40353E90223544400297F
S3150800C8C054D029490020F3F7C1FF33462A46F3F727
S3150800C8D0DBFCCDE90E015646DDE90401F4F73CF927
S3150800C8E00546F3F71FFE02460B46DDE90401F3F79A
S3150800C8F0CBFC303502460B46CDE9042306F8015B2E
S3150800C900DDE90E23F4F7EAF8002872D1DDE90423FD
S3150800C91011490020F3F7B8FCDDE90E23F4F7DEF839
S3150800C920002840F0B480A6423FF470AFDDE90E015E
S3150800C9300A4B0022F3F760FE084BCDE90E010022F0
S3150800C940DDE90401F3F758FECDE90401C4E700BFA9
S3150800C950680A0108400A01080000F03F0000244068
S3150800C96000001C40000014400000E03F3146284605
S3150800C970F3F742FECDE90E0113945646DDE90401AC
S3150800C980F4F7EAF80546F3F7CDFD02460B46DDE96E
S3150800C9900401F3F779FC303506F8015B02460B46CD
S3150800C9A0A642CDE904234FF0000224D1AF4BDDE9BE
S3150800C9B00E01F3F76BFC02460B46DDE90401F4F7BA
S3150800C9C0ABF8002863D1DDE90E23A8490020F3F768
S3150800C9D05BFC02460B46DDE90401F4F77FF8002804
S3150800C9E03FF414AF139E731E139316F8013C302BB5
S3150800C9F0F8D047463BE09E4BF3F7FEFDCDE9040130
S3150800CA00BCE7DDE904455646DDE90023204629460C
S3150800CA10F3F71CFFF4F7A0F88046F3F783FDDDE98A
S3150800CA200023F3F7E9FD02460B462046294608F19E
S3150800CA303004F3F729FC06F8014B039DA6EB0A041C
S3150800CA40A54202460B4633D1F3F720FCDDE9002365
S3150800CA5004460D46F4F760F8C0B9DDE90023204620
S3150800CA602946F4F731F810B118F0010F0ED10299E2
S3150800CA70484600F0BDFB00233370119B01371F6049
S3150800CA80219B002B00F04B821E6048E2B8463346D5
S3150800CA901E4613F8012D392A06D19A45F8D13022B7
S3150800CAA008F101088AF800201A7801321A70A0E7FE
S3150800CAB06F4B0022F3F7A0FD0022002304460D4623
S3150800CAC0F4F702F800289FD0D1E7099A002A00F067
S3150800CAD0EA80079A012A00F3CD80129A002A00F00C
S3150800CAE0C18003F23343089C009E009A1A440092C0
S3150800CAF0069A01211A444846069200F077FC054634
S3150800CB0066B1069B002B09DDB342009AA8BF3346DF
S3150800CB10D21A0092069AF61AD31A0693089B0BB3F2
S3150800CB20099B002B00F0C680002C00F0C080294627
S3150800CB302246484600F012FD029A01460546484636
S3150800CB4000F06AFC02998046484600F051FB089BB3
S3150800CB501B1B089300F0B180089A4146484600F02E
S3150800CB60FDFC02900121484600F040FC0D9B04465E
S3150800CB70002B00F0D8811A460146484600F0EEFC24
S3150800CB80079B012B044600F39F80049B002B40F073
S3150800CB909780059BC3F31303002B40F09380059BF6
S3150800CBA023F000431B0D1B0533B1009B0133009393
S3150800CBB0069B01330693012308930D9B002B00F077
S3150800CBC0B881236904EB8303186900F0C3FBC0F13D
S3150800CBD02000069B184410F01F0000F08280C0F168
S3150800CBE02003042B73DD009BC0F11C000344009353
S3150800CBF0069B034406440693009B002B05DD029919
S3150800CC001A46484600F004FD0290069B002B05DDF7
S3150800CC1021461A46484600F0FBFC0446109B002BAA
S3150800CC2061D00298214600F05FFD00285BDA0023F8
S3150800CC3002990A22484600F0FDFA099B029007F17C
S3150800CC40FF38002B00F07781294600230A22484640
S3150800CC5000F0F0FABBF1000F05466FDC079B022BCC
S3150800CC6049DC6BE0149BC3F136033CE70000E03F68
S3150800CC7000002440039B5C1E089BA34209DB1C1B87
S3150800CC80039B002BBFF630AF009B039A9E1A002326
S3150800CC902BE7089B0D9A0894E31A1A44009E039BF7
S3150800CCA00D92002421E7089C009E099D28E7DDF8DF
S3150800CCB0088051E7089A029950E7CDF8088051E7AD
S3150800CCC0002379E7049B77E70023089379E793D055
S3150800CCD0009A1C331A440092069A1A441E44069275
S3150800CCE08AE70346F4E7039B002BB84620DC9B46FD
S3150800CCF0079B022B1EDDBBF1000F7FF4B1AD214669
S3150800CD005B460522484600F095FA01460446029815
S3150800CD1000F0EAFC00287FF7A3AD5646312306F853
S3150800CD20013B08F101089FE5039CB8462546F4E750
S3150800CD30DDF80CB0099B002B00F00181002E05DD03
S3150800CD4029463246484600F063FC0546089B002BF8
S3150800CD505CD06968484600F00BFA064628B9824B4B
S3150800CD60024640F2EF21FFF74ABB2A6902329200D7
S3150800CD7005F10C010C3002F0AFFC012231464846A1
S3150800CD8000F046FC0AF1010300930AEB0B03089333
S3150800CD90049B03F001032F4606930546009B029861
S3150800CDA0214603F1FF3BFFF789FA03463033039028
S3150800CDB039460298099300F097FC2A4604902146C2
S3150800CDC0484600F0ADFCC268099B064602BB014610
S3150800CDD0029800F089FC099B0246314648460C92A7
S3150800CDE0099300F005FA079B0C9A009E42EA030194
S3150800CDF0069B1943099B0DD1392B27D0049A002A83
S3150800CE0001DD039B31338BF800302EE52846B9E760
S3150800CE100122E2E70499002904DB079801430698F2
S3150800CE20014320D1002AEEDD0299009301224846EB
S3150800CE3000F0EEFB2146029000F056FC0028009B0D
S3150800CE4002DCE0D1DA07DED5392BDAD139238BF8C3
S3150800CE50003033461E46013B16F8012C392A4ED0BF
S3150800CE6001321A7001E5002A03DD392BEED00133B1
S3150800CE70C9E7009A089902F8013C8A4228D0029923
S3150800CE8000230A22484600F0D5F9AF4202904FF037
S3150800CE9000034FF00A023946484607D100F0CAF99E
S3150800CEA007460546009B0133009377E700F0C2F971
S3150800CEB02946074600230A22484600F0BBF90546DC
S3150800CEC0F0E7BBF1000FCCBF5E46012656440027AB
S3150800CED0029900930122484600F09AFB21460290E7
S3150800CEE000F002FC0028B4DC02D1009BDB07B0D4BA
S3150800CEF033461E4613F8012D302AFAD0B5E49A4572
S3150800CF00A8D1312308F101088AF80030ADE4219B45
S3150800CF10DFF858A01BB10AF10803219A136050469E
S3150800CF2017B0BDE8F08F079B012B7FF72EAE0D9B40
S3150800CF30089301204DE6BBF1000F7FF7D9AE5646A0
S3150800CF4002982146FFF7BAF900F1300306F8013BCB
S3150800CF50A6EB0A029345B4DD029900230A22484645
S3150800CF6000F068F90290EBE7F30801087708010872
S3150800CF7038B50546002941D051F8043C0C1F002B52
S3150800CF80B8BFE41800F0E8F81D4A136833B96360BF
S3150800CF9014602846BDE8384000F0E4B8A34208D932
S3150800CFA0206821188B4201BF19685B68091821603F
S3150800CFB0EDE71A465B680BB1A342FAD91168501817
S3150800CFC0A0420BD120680144501883421160E0D179
S3150800CFD018685B68536008441060DAE702D90C23C6
S3150800CFE02B60D6E7206821188B4204BF19685B6856
S3150800CFF0636004BF091821605460CAE738BD00BFE2
S3150800D00020290020024B0146186800F025B800BF09
S3150800D0103400002070B50F4E0C463168054611B92C
S3150800D02002F04AFB30602146284602F045FB431CC5
S3150800D03003D14FF0FF34204670BDC41C24F003040E
S3150800D040A042F8D0211A284602F036FB0130F2D168
S3150800D050EFE700BF1C2900202DE9F843CD1C25F079
S3150800D060030508350C2D38BF0C25002D064601DBB7
S3150800D070A94204D90C2333600020BDE8F883DFF801
S3150800D080D48000F069F8D8F800301C4644BB29461D
S3150800D0903046FFF7BFFF431C044658D1D8F8004076
S3150800D0A02746002F43D1002C4BD0236839463046FB
S3150800D0B004EB030902F000FB814542D121686D1A91
S3150800D0C029463046FFF7A6FF01303AD023682B449D
S3150800D0D02360D8F800305A6862BBC8F800700FE0C1
S3150800D0E02268521B20D40B2A17D96119A34225603E
S3150800D0F018BF5960636808BFC8F8001062514B60D2
S3150800D100304600F02FF804F10B00231D20F007002D
S3150800D110C21A1CBF1B1AA350AFE76268A3420CBF12
S3150800D120C8F800205A60EBE723466468AEE73C4639
S3150800D1307F68B6E71A465B68A342FBD100235360B3
S3150800D140DEE70C233360304600F00CF894E7056000
S3150800D150D6E700BF202900200148FFF7A6B800BF80
S3150800D160182900200148FFF7A1B800BF1829002098
S3150800D17070B5C66904460D4676B91020FFF742FF1A
S3150800D1800246E06120B9184B18486B2102F0BCFA38
S3150800D190C0E901660660C660E669F36883B1E369BB
S3150800D1A0DB6853F82500B8B9012101FA05F6721DA6
S3150800D1B09200204602F0C6FA60B1C0E901560EE0B8
S3150800D1C021220421204602F0BDFAE369F060DB68FB
S3150800D1D0002BE4D1002070BD026843F82520002307
S3150800D1E0C0E90333F7E700BF84080108040901080A
S3150800D1F070B5C66905460C4676B91020FFF702FFDA
S3150800D2000246E86120B9094B09488F2102F07CFAE9
S3150800D210C0E901660660C6603CB1EB696268DB6816
S3150800D22053F82210216043F8224070BD8408010893
S3150800D230040901082DE9F0410D6907460C461E460A
S3150800D24001F1140C0020DCF8003099B202FB0161F0
S3150800D2501E0C0B0C02FB063389B2013001EB0341AD
S3150800D26085424CF8041B4FEA1346ECDC0EB3A36860
S3150800D270AB4219DC616838460131FFF779FF804611
S3150800D28028B902460C4B0D48BA2102F03DFA22692C
S3150800D290023204F10C0192000C3002F01DFA21460C
S3150800D2A03846FFF7A5FF444604EB850301355E6162
S3150800D2B025612046BDE8F081F30801080409010844
S3150800D2C02DE9F8430C4615461F460922083306463B
S3150800D2D093FBF2F3002101229A4209DB3046FFF75D
S3150800D2E047FF40B90246194B1948D32102F00CFAF8
S3150800D2F052000131F0E7089B4361092D4FF0010305
S3150800D300036116DD04F10909C8462C4418F8013BE7
S3150800D3100146303B0A223046FFF78CFFA045F5D17F
S3150800D320A5F108044C442D1B6319BB4204DBBDE878
S3150800D330F8830A340925F6E714F8013B0146303B21
S3150800D3400A223046FFF776FFEEE700BFF30801082A
S3150800D35004090108B0F5803F034636BF03040020E0
S3150800D3601020B3F1807F3CBF1B020830B3F1805F09
S3150800D3703CBF1B010430B3F1804F3CBF9B00023019
S3150800D380002B05DB13F0804F00F1010008BF2020B9
S3150800D39070470368024613F007000BD0D90721D45B
S3150800D3A0980749BF5B089B08012013605CBF1360A0
S3150800D3B00220704799B209B91B0C1020D9B209B9D5
S3150800D3C008301B0A190704BF1B090430990704BF54
S3150800D3D09B080230D90703D45B0800F1010003D08B
S3150800D3E013607047002070472020704710B50C4620
S3150800D3F00121FFF7BDFE024628B9054B054840F254
S3150800D400451102F081F901234461036110BD00BF93
S3150800D410F3080108040901082DE9F04F17460A69BF
S3150800D4203B699A42A8BF3B468946A4BF0F46994620
S3150800D4303D69D9F810A0BB68796805EB0A06B342BE
S3150800D44085B0B8BF0131FFF793FE30B90246414BAC
S3150800D45041484FF4B17102F057F900F1140404EB96
S3150800D460860E23460022734520D307F1140809F1D6
S3150800D470140108EB850501EB8A030293EB1B153BA8
S3150800D48023F0030304331537BD4238BF0423019341
S3150800D490029B03918B420CD8002E03DD5EF8043DF7
S3150800D4A0002B55D0066105B0BDE8F08F43F8042B74
S3150800D4B0D9E7B1F800A0BAF1000F1FD0C446A146BB
S3150800D4C000275CF8042BD9F800301FFA82FB9BB2C0
S3150800D4D00AFB0B333B44D9F80070120C3F0C0AFBCD
S3150800D4E0027202EB13429BB243EA0243654549F8CE
S3150800D4F0043B4FEA1247E4D8019BE750039BB3F875
S3150800D50002900431B9F1000F20D023684746A4469B
S3150800D5104FF0000AB7F800B0BCF8022009FB0B224E
S3150800D52052449BB243EA02434CF8043B57F8043B87
S3150800D5304FEA134ABCF8003009FB0A3303EB1243DF
S3150800D540BD424FEA134AE5D8019AA35004349FE72F
S3150800D550013EA1E7F3080108040901082DE9F8438B
S3150800D560154612F0030207460E4607D0254C013A27
S3150800D570002354F82220FFF75DFE0646AD103DD085
S3150800D580FC697CB91020FFF73DFD0246F86128B911
S3150800D5901D4B1E4840F2B31102F0B6F8C0E901442B
S3150800D5A00460C460D7F81C80D8F808404CB940F22B
S3150800D5B071213846FFF71AFF0023C8F80800044609
S3150800D5C003604FF00009EB070AD531462246384674
S3150800D5D0FFF722FF314680463846FFF709FE4646E2
S3150800D5E06D100BD0206838B9224621463846FFF719
S3150800D5F013FF2060C0F800900446E4E73046BDE813
S3150800D600F88300BF300A01088408010804090108E4
S3150800D6102DE9F0470C464968236903EB6218A368AD
S3150800D620074691464FEA621A08F10106B3420BDB38
S3150800D6303846FFF79DFD054648B90246284B294856
S3150800D6404FF4EF7102F060F801315B00EEE700235A
S3150800D65000F1140100F110021846534533DB206926
S3150800D6602AEAEA7A04F1140319F01F0901EB8A0180
S3150800D67003EB800C2BD0C9F1200E8A4600221868CD
S3150800D68000FA09F010434AF8040B53F8042B9C459A
S3150800D69022FA0EF2F3D8ACEB0403153B23F003038E
S3150800D6A0043304F11500604588BF0423CA500AB143
S3150800D6B008F10206013E38462E612146FFF798FD1D
S3150800D6C02846BDE8F08742F8040F0133C5E7043958
S3150800D6D053F8042B41F8042F9C45F9D8EAE700BF14
S3150800D6E0F3080108040901080A6903460069801A53
S3150800D6F030B50ED11433143103EB820401EB8201E9
S3150800D70054F8045D51F8042D954203D005D24FF024
S3150800D710FF3030BDA342F3D3FBE70120F9E7000051
S3150800D7202DE9F74F89460646114648461446FFF73F
S3150800D730DBFF051E12D129463046FFF719FD0246C2
S3150800D74028B93F4B40F237213E4801F0DDFF01235F
S3150800D750C0E90435104603B0BDE8F08FBCBF4B46A0
S3150800D760A1463046D9F80410BABF1C460125002543
S3150800D770FFF7FEFC024618B9314B40F24521E3E7B4
S3150800D780D9F810702669C56009F1100309F1140566
S3150800D79004F1140E00F1140B05EB87080EEB860650
S3150800D7A00193D9464FF0000C019B5EF8040B53F821
S3150800D7B004AF01931FFA8AF3194683B2CB1A000CF9
S3150800D7C06344C0EB1A4000EB23409BB243EA004394
S3150800D7D0764549F8043B4FEA204CE5D8331B153B00
S3150800D7E023F0030315340433A64238BF04231D442B
S3150800D7F05B441E462C4644450ED308F10301491BDB
S3150800D80021F00301033DA84538BF00210B4453F816
S3150800D810041D91B117619DE754F8041BE646080CF0
S3150800D8201CFA81FC714400EB2C4089B241EA0041A4
S3150800D83046F8041B4FEA204CDDE7013FE7E700BF47
S3150800D840F30801080409010882B08DED000B019A5E
S3150800D8500F4B1340A3F15073002B08DC5B42B3F166
S3150800D860A07F4FEA235204DA4FF400231341002223
S3150800D87008E0A2F114031E2BDABF4FF00042DA408B
S3150800D880012200231946104641EC100B02B07047DE
S3150800D8900000F07F2DE9F041066900F1140808EB55
S3150800D8A08606371F56F8042C1046FFF753FDC0F1BD
S3150800D8B020030A280B601B4915DCC0F10B0C22FA61
S3150800D8C00CF3B84543EA010534BF56F8083C002373
S3150800D8D0153002FA00F023FA0CF303431C4645EC14
S3150800D8E0104BBDE8F081B8453ABF56F8083CA6F19A
S3150800D8F0080700230B3812D0C0F1200123FA01F4DF
S3150800D90082402243474542F07F558CBF57F8042C86
S3150800D91000228340CA4045F440151343DEE742EA35
S3150800D9200105DBE70000F03F2DE9F7430F4601212B
S3150800D93059EC108B1646FFF71BFC044630B9024615
S3150800D940234B244840F20F3101F0DEFEC9F30A5595
S3150800D950C9F313030DB143F480130193B8F100031F
S3150800D96023D068460093FFF714FDDDE90012D0B115
S3150800D970C0F1200302FA03F30B43C240636101922C
S3150800D980019BA361002B0CBF012202222261A5B1D3
S3150800D990A5F2334505443D60C0F1350030602046A8
S3150800D9A003B0BDE8F0836161EAE701A8FFF7F1FC7F
S3150800D9B0019B636120300122E8E704EB8203A0F2B1
S3150800D9C0324038601869FFF7C5FCC0EB4210E5E73E
S3150800D9D0F3080108040901082DE9F04F85B0CDE9DF
S3150800D9E0001002A9FFF756FF009803A955EC104B43
S3150800D9F0FFF750FF019B1969009B1B69C91ADDE9EE
S3150800DA0002329B1A5BEC10AB03EB4113002BCEBF23
S3150800DA102A46C3EB03335A462F46D946CCBF02EBF8
S3150800DA20035702EB03594B46524620463946F2F74E
S3150800DA300DFF41EC100B05B0BDE8F08F013970B54C
S3150800DA4049111469013102F1140300EB810103EB5A
S3150800DA508404051FA3420CD3A31A113B23F0030326
S3150800DA601132A24288BF002318440023884205D3F6
S3150800DA7070BD53F8046B45F8046FEBE740F8043BB8
S3150800DA80F4E700F1140200694B11984210B511DB56
S3150800DA900ADD11F01F0107D052F8234024FA01F0DD
S3150800DAA000FA01F18C420BD102EB8303934203D8AF
S3150800DAB0002010BD0346F7E753F8041D0029F5D0EA
S3150800DAC00120F6E770B504460D4645EC104B1646A0
S3150800DAD0FFF7BAFE51EC100B7EB1C5F30A53C3F13A
S3150800DAE06B03002B09DD1B0503F17F55002405F5A3
S3150800DAF0401522462B46F2F77FFD41EC100B70BD10
S3150800DB002DE9F04F9FB00C46179200221A92059005
S3150800DB104FF0000A4FF0000B0A46199211782B298C
S3150800DB204AD038D80D2932D8082932D800293BD00E
S3150800DB3000220E92199D2A78302A40F0B2806A781F
S3150800DB4002F0DF02582A6ED102930E9B01931AAB9C
S3150800DB5000938F4A05981BAB19A901F06FFE10F0C8
S3150800DB600F06044605D0062E28D10135002319953F
S3150800DB700E93179B002B40F08E850E9BCBB1524619
S3150800DB800BF1004343EC102B1FB0BDE8F08F2029A2
S3150800DB90CED10132C1E72D29CAD101210E91511CDE
S3150800DBA019915278002AC5D1179B1994002B40F079
S3150800DBB0708552465B46E5E70021EFE71A9A3AB1C7
S3150800DBC035211CA8FFF73AFF1A990598FFF710FBAD
S3150800DBD0013E1B9A042E06D8DFE806F014031D2022
S3150800DBE01400DDE91CABE10548BF4BF0004B2BF0F8
S3150800DBF000431B0D1B05002BBBD1FEF72BFB222375
S3150800DC000360B6E7DDE91CA302F2334223F480136E
S3150800DC1043EA025BE7E7DFF880B1E4E76FF0004B21
S3150800DC204FF0FF3ADFE7199B5A1C19925B78302BA5
S3150800DC30F9D0002B9DD0012300270893199B0C933C
S3150800DC400B97B9460A2219980578A5F13003D9B277
S3150800DC50092928D94F490122FEF777FA002832D038
S3150800DC6000202A460A904D460346652A01D0452AD1
S3150800DC7014D11DB9089A024396D00025199C621C36
S3150800DC80199262782B2A7AD02D2A7ED04FF0000C72
S3150800DC90A2F13001092940F2858019944FF0000855
S3150800DCA0A5E00023C8E7B9F1080FD8BF0B9900F122
S3150800DCB00100DABF02FB01330B9302FB073709F1B8
S3150800DCC001091990BFE7199B5A1C19925A78B9F19C
S3150800DCD0000F3BD00A904D46A2F13003092B12D90A
S3150800DCE00123C2E7199B5A1C19925A780130302A27
S3150800DCF0F8D0A2F13103082B00F2D284199B0A90BE
S3150800DD0000200C930546303A00F1010318D00A9911
S3150800DD1019440A912E464FF00A0E711CA1EB050C08
S3150800DD20634515DC20EAE0702B18082B05F1010580
S3150800DD3005441ADC0B990A2303FB01230B930023E2
S3150800DD40199A511C199152781846C5E74846CEE7E4
S3150800DD50082E05DC0B9E0EFB06F60B960E46DCE738
S3150800DD601029D8BF0EFB07F7F8E70F2BDCBF0A23ED
S3150800DD7003FB0727E3E700230A9301237AE74FF01B
S3150800DD80000CA21C1992A27882E74FF0010CF8E762
S3150800DD90440B01085D0901080000F07F199A511C1F
S3150800DDA019915278302AF9D0A2F1310108293FF6A3
S3150800DDB075AF303A0992199A0F924FF00A08199AD4
S3150800DDC0561C19965278A2F1300EBEF1090F39D9B0
S3150800DDD00F99761A082E44F61F6803DC09998845B8
S3150800DDE0A8BF8846BCF1000F01D0C8F10008002D75
S3150800DDF04ED1089908437FF4BCAE002B7FF4D4AE0D
S3150800DE00692A28D025DC492A25D04E2A7FF4CCAEAB
S3150800DE109A4919A801F034FF00283FF4C5AE199BAA
S3150800DE201B78282B2ED196491CAA19A801F03CFF6D
S3150800DE30052827D11D9BDDF870A043F0FF4B4BF456
S3150800DE40E00B96E6099908FB0121A1F13002099237
S3150800DE50B5E76E2ADAE78B4919A801F011FF002801
S3150800DE603FF4A2AE199B8849013B19A8199301F002
S3150800DE7007FF10B9199B01331993DFF81CB24FF04D
S3150800DE80000A76E6814801F037FC5BEC10AB70E6D9
S3150800DE900A9B0B98A8EB0303B9F1000F08BFA94624
S3150800DEA0102D09932C46A8BF1024F2F72BFB092D39
S3150800DEB082468B4613DC099B002B3FF45AAE099B1E
S3150800DEC078DD162B5FDC724901EBC301D1E900014D
S3150800DED052465B46F2F790FB82468B4649E66C4B08
S3150800DEE003EBC40353E91223F2F786FB824638464E
S3150800DEF08B46F2F707FB02460B4650465946F2F7A1
S3150800DF00C5F90F2D82468B46D5DD099B2C1B1C4473
S3150800DF10002C40F3938014F00F030AD05C4901EB00
S3150800DF20C30152465B46D1E90001F2F765FB82461A
S3150800DF308B4634F00F0473D0B4F59A7F49DD00247C
S3150800DF40A0460B94A146059ADFF84CB1222313602C
S3150800DF504FF0000A0B9B002B3FF40BAE1A9905985D
S3150800DF60FFF746F905984946FFF742F905984146ED
S3150800DF70FFF73EF90B990598FFF73AF905982146F8
S3150800DF80FFF736F9F5E5099AC5F125039342BCDB97
S3150800DF903F4CC5F10F0504EBC50152465B46D1E976
S3150800DFA00001F2F729FB099B5D1B04EBC504D4E9C4
S3150800DFB000238FE71633A8DB0A9BA3EB0808344B2C
S3150800DFC003EBC808D8E9002350465946F2F73EFC49
S3150800DFD082E700232F4F2411504659461E46012C2E
S3150800DFE021DC0BB182468B462A49ABF1547B01EB07
S3150800DFF0C60152465B46D1E90001F2F7FDFA264B07
S3150800E0000A460B4025498B42824698D8A1F58011CD
S3150800E0108B4286BFDFF888B04FF0FF3A02F1547B97
S3150800E0200023089376E0E20704D5D7E90023F2F740
S3150800E030E3FA0123013664100837D0E7F0D06442CA
S3150800E04014F00F020AD0124B03EBC203504659468E
S3150800E050D3E90023F2F7FAFB82468B462411DFD078
S3150800E0601F2C1FDD0024A0460B94A146059A2223E7
S3150800E0704FF0000A4FF0000B13606BE74D080108DC
S3150800E080300B0108450801087A080108CE0901087D
S3150800E090680A0108400A01080000F07F0000A07C19
S3150800E0A0FFFFEF7F14F0100318BF6A23A94E0893E9
S3150800E0B0504659460023E70704D5D6E90023F2F768
S3150800E0C09BFA0123641006F10806F4D10BB18246C7
S3150800E0D08B46089BB3B1CBF30A52C2F16B03002BF4
S3150800E0E059460FDD1F2B56DD342BDEBF4FF0FF33AD
S3150800E0F0C2F14B0293404FF0000ACCBF4FF05C7B55
S3150800E10003EA010B0022002350465946F2F7DCFCCD
S3150800E1100028A7D10B9B00930C9905982B464A46D5
S3150800E120FFF7CEF80B9000283FF409AF099A0A9B2F
S3150800E130002AA3EB0803A8BF00231293002422EAAF
S3150800E140E2731693A0460B9B05985968FFF710F8DB
S3150800E150814600283FF4F7AE0B9B1A69023203F199
S3150800E1600C0192000C3001F0B7FA4BEC10AB059895
S3150800E1701CAA1BA9CDE90CABFFF7D6FB1A90002801
S3150800E1803FF4E1AE05980121FFF730F9804648B91A
S3150800E1904FF00008D7E64FF0FF3202FA03F303EA1E
S3150800E1A00A0AAFE71B9D1C9A002DABBF129B169B54
S3150800E1B0169E129FACBFEF185E1B089BED1A1544FE
S3150800E1C0654B013D9D42C2F1360250DA5B1B1F2B9F
S3150800E1D0A2EB03024FF001013DDC01FA03F31393AE
S3150800E1E000231093BD18089BAF4216441E443B46B5
S3150800E1F0A8BF2B46B342A8BF3346002BC2BFED1AB1
S3150800E200F61AFF1A129B002B16DD414605981A4688
S3150800E210FFF7A4F980460028BAD001461A9A05984D
S3150800E220FFF7FAF80A9000283FF48DAE1A99059878
S3150800E230FEF7DEFF0A9B1A93002D1DDC099B002BB7
S3150800E24023DD4946169A0598FFF788F98146E0B90D
S3150800E2504FF0000977E6C5F17F4505F57F0505F519
S3150800E2607B45E23501FA05F310931391BAE70023CB
S3150800E270109301231393B5E71A9905982A46FFF7D1
S3150800E280C7F91A900028D9D15DE6002E07DD494660
S3150800E29005983246FFF7BCF981460028D8D0002FEA
S3150800E2A008DD414605983A46FFF7B2F98046002848
S3150800E2B03FF449AE1A9905984A46FFF731FA0446DB
S3150800E2C000283FF440AEC3680F930023C36041465D
S3150800E2D0FFF70AFA002845DA0F9B53EA0A036BD1BF
S3150800E2E0CBF31303002B67D12BF000431B0D1B0543
S3150800E2F0B3F1D66F60D9636913B92369012B5BDD66
S3150800E300214601220598FFF783F941460446FFF79F
S3150800E310EBF9002850DD2BF00043089A1B0D1B056E
S3150800E320002A6AD0B3F1D66F67D8B3F15C7F7FF65F
S3150800E3309DAE0A4B504659460022F2F75DF9084B46
S3150800E3400B4082468B46002B7FF408AE059A2223A3
S3150800E350136003E6580B010802FCFFFF0000503962
S3150800E3600000F07FCDF828B065D10F9ACBF31303E0
S3150800E3705AB39F4A93422BD1089B514603B39D4BF0
S3150800E3805A461340B3F1D46F4FF0FF321BD81B0D1A
S3150800E390C3F16B0302FA03F3994219D1964B0A9A11
S3150800E3A09A4202D101313FF4CEAD924B0A9A1A40F5
S3150800E3B002F5801B4FF0000A089B002BB9D1CDE56A
S3150800E3C04FF0FF33E8E71346E6E753EA0A03A2D01D
S3150800E3D0109BDBB10A9A1342EED00F9B089A50465F
S3150800E3E05946BBB1FFF76EFBDDE90C0153EC102B68
S3150800E3F0F1F74CFF82468B46DEE7A3F580136FEAFA
S3150800E400135B6FEA0B5B4FF0FF3AD5E7139B13EAF2
S3150800E4100A0FE1E7FFF756FBDDE90C0153EC102B79
S3150800E420F1F732FF0022002382468B46F2F74CFBB7
S3150800E4300028C1D01AE641462046FFF7CDFA57EC28
S3150800E440106B00224FF0804330463946F2F750FBF6
S3150800E45000286FD00F9B002B7AD1BAF1000F58D144
S3150800E4600A9BC3F31303002B5AD1644B0022304690
S3150800E4703946F2F733FB002859D130463946604B06
S3150800E4800022F2F7B9F806460F4607F1004306964A
S3150800E4900793DDE90623574DCDE910230A9B1D4056
S3150800E4A0584B9D4240F0B2800A9BA3F1547B4BEC3B
S3150800E4B010ABFFF7C9F9DDE9062351EC100BF2F7AB
S3150800E4C09BF852465B46F1F7E1FE0B4649494E4A30
S3150800E4D019409142824642D90D9A474B9A4203D136
S3150800E4E00C9B01333FF42FADDFF80CB14FF0FF3A28
S3150800E4F01A990598FEF77CFE05984946FEF778FEB8
S3150800E50005984146FEF774FE05982146FEF770FE0B
S3150800E51019E6BAF1010F03D10A9B002B3FF4A6AD09
S3150800E5209FED2B7B354F8DED067B0026B1E7344FEB
S3150800E5300026AAE7324B304639460022F2F75CF845
S3150800E5400F9B06460F46002B9FD0CDE90667A0E72E
S3150800E5509FED217B8DED067B57EC176B99E703F151
S3150800E560547B089BCDF828B0002BC1D12BF0004373
S3150800E5701B0D1B059D42BBD130463946F2F79CFB65
S3150800E580F2F70CF802460B4630463946F1F77CFEA0
S3150800E5900B460246CDE90C23CBF313060F9B46EA3E
S3150800E5A00A061E436FD00EA3D3E90023F2F796FAA4
S3150800E5B000287FF4D3AC0CA3D3E90023DDE90C01D2
S3150800E5C0F2F7AAFA002893D0C8E400BFAFF3008098
S3150800E5D0000000000000F0BF000000000000F03F4F
S3150800E5E09535A094FFFFDF3F35E5AF350000E03FE6
S3150800E5F0FFFF0F000000F07FFFFFEF7F0000F03FF6
S3150800E6000000E03F0000E07FFFFF9F7C089B23B3EC
S3150800E610B5F1D46F21D828A3D3E90023304639466B
S3150800E620F2F766FAA0B139463046F2F7BDFA012884
S3150800E63038BF0120F1F766FF0F9B06460F46FBB968
S3150800E64001F1004314901593DDE91423CDE9102355
S3150800E650119B03F1D6635B1B11939DED0C0BDDE952
S3150800E66010ABFFF7F1F8504653EC102B5946F1F76B
S3150800E670C3FFDDE90C23F1F709FE82468B4670E7F6
S3150800E680CDE91467E0E70EA3D3E90023F2F726FAEB
S3150800E69098E700230E93179A199B1360FFF76DBA34
S3150800E6A0652A3FF468AB452A3FF465AB0123FFF7BB
S3150800E6B0A0BB00BFAFF300800000C0FFFFFFDF4133
S3150800E6C09535A094FFFFCF3F014BFFF719BA00BF5E
S3150800E6D084000020242B2DE9F0478646904601D871
S3150800E6E0012B06D1FDF7B6FD162303600020BDE811
S3150800E6F0F08734480D462A4615F8014B065D16F094
S3150800E7000806F8D12D2C10D12C780126951C33F04B
S3150800E710100215D1302C0DD12A7802F0DF02582AC2
S3150800E72008D16C78023510230AE02B2C04BF2C780C
S3150800E730951CECE7002BF6D1302C14BF0A230823CE
S3150800E74006F1004C0CF1FF3C0022BCFBF3F9104625
S3150800E75003FB19CAA4F13007092F0FD83C46A34278
S3150800E7601BDD571C07D0814514D301D1A24511DB07
S3150800E77000FB0340012215F8014BEBE7A4F1410722
S3150800E780192F01D8373CEAE7A4F16107192F04D8F5
S3150800E790573CE4E74FF0FF32EDE7531C08D122233C
S3150800E7A0CEF800306046B8F1000FA0D0691E06E02A
S3150800E7B006B14042B8F1000F99D0002AF6D1C8F840
S3150800E7C0001094E7810B0108FFF784BF2DE9F04795
S3150800E7D08E681F46BE420B6882460C4690462DD868
S3150800E7E0B1F90C2012F4906F26D06569096905EB1A
S3150800E7F04505A3EB010905EBD5757B1C4B446D104C
S3150800E8009D4238BF1D46530527D52946FEF724FCE9
S3150800E810064660B321694A4600F05EFFA38923F4E1
S3150800E820906343F08003A381266165614E44A5EB9E
S3150800E83009052660A5603E46BE4200D93E462068C8
S3150800E8403246414600F0FBFEA3689B1BA360236883
S3150800E850334423600020BDE8F0872A4601F0D1FA48
S3150800E86006460028E0D121695046FEF781FB0C23B5
S3150800E870CAF80030A38943F04003A3814FF0FF3064
S3150800E880E9E700002DE9F04F98468B891B069DB0F5
S3150800E89007460D46144610D50B6973B94021FEF795
S3150800E8A0DBFB2860286130B90C233B604FF0FF3052
S3150800E8B01DB0BDE8F08F40236B6100230993202328
S3150800E8C08DF82930CDF80C803023DFF89C818DF83F
S3150800E8D02A304FF0010923469A4613F8012B0AB14C
S3150800E8E0252AF9D1BAEB040B0BD05B4622462946FA
S3150800E8F03846FFF76BFF013000F0A780099A5A44A3
S3150800E90009929AF80030002B00F09F8000234FF000
S3150800E910FF32CDE905230AF1010A049307938DF81E
S3150800E92053301A935446052214F8011B4E48F1F742
S3150800E9304FFC049AD8B9D00644BF20238DF853302B
S3150800E940110744BF2B238DF853309AF800302A2B31
S3150800E95015D0079A544600204FF00A0C214611F8A4
S3150800E960013B303B092B4BD9B0B1079214E0A0EB21
S3150800E970080309FA03F313430493A246D2E7039B59
S3150800E980191D1B680391002BBBBF5B4242F00202B4
S3150800E99007930793B8BF049223782E2B0AD163787E
S3150800E9A02A2B32D1039B1A1D1B68039243EAE37391
S3150800E9B002340593DFF8C0A0217803225046F1F708
S3150800E9C007FC38B1049BA0EB0A004022824013439F
S3150800E9D00134049314F8011B24488DF828100622E4
S3150800E9E0F1F7F6FB002836D0214B1BBB039B0733F8
S3150800E9F023F0070308330393099B334409936AE713
S3150800EA000CFB02320C460120A8E7002301340593CB
S3150800EA1019464FF00A0C204610F8012B303A092AFD
S3150800EA2003D9002BC6D00591C4E70CFB0121044687
S3150800EA300123F0E703AB00932A460E4B04A9384698
S3150800EA40FCF71AFB421C0646D6D1AB895B063FF596
S3150800EA502DAF09982CE703AB00932A46054B04A96A
S3150800EA603846FCF7A1FDEDE75F09010869090108C9
S3150800EA7079B00008CDE700086509010838B54B1CD0
S3150800EA80144603D14FF0FF35284638BD938923F045
S3150800EA9020039381636B5268CDB28BB1A36B93420B
S3150800EAA008DD23685A1E226003F8015C6368013397
S3150800EAB06360E9E7214600F088FD0028F1D0E1E728
S3150800EAC02169236851B1994208D213F8011CA94259
S3150800EAD004D1013B013223606260D5E7C4E90F32F5
S3150800EAE004F1440363630323A363234603F8465FE1
S3150800EAF023600123DCE710B50C46496B69B104F1C4
S3150800EB004403994201D0FEF733FA236C6360002070
S3150800EB10606313B1E36B236010BD23692360002390
S3150800EB206360A38943F02003A3814FF0FF30F3E726
S3150800EB302DE9F04F0C46ADF5237D0021CDE94411B2
S3150800EB40A649A0910DF10408A549A64FCDF818814C
S3150800EB500646A191009392F80090B9F1000F00F0D3
S3150800EB60588117F8093013F0080302F1010519D086
S3150800EB706368002B0FDD23681A78BA5C120701D484
S3150800EB802A46E8E7459A0132459262680133013A16
S3150800EB9062602360ECE7A19B21463046984700282F
S3150800EBA0E9D0EDE7B9F1250F40F08580419343930D
S3150800EBB053782A2B02BF1023951C41930A22AA4692
S3150800EBC01AF8011BA1F13003092B1ED9DFF818B278
S3150800EBD003225846F1F7FCFA38B1419AA0EB0B002C
S3150800EBE00123834013434193554615F8013B782B7F
S3150800EBF006D8572B10D8252B5DD057D8002B75D0A3
S3150800EC00032347930A23429388E0439B02FB03119D
S3150800EC10303943915546D2E7A3F15802202AEFD856
S3150800EC2001A151F822F000BFFBEC000801EC000836
S3150800EC3001EC000855ED000801EC000801EC00089D
S3150800EC4001EC000801EC000801EC000801EC0008E2
S3150800EC5001EC00086BED000851ED0008B3EC000864
S3150800EC60B3EC0008B3EC000801EC00080DED000851
S3150800EC7001EC000801EC000801EC000801EC0008B2
S3150800EC807BED000815ED0008F3EC000801EC000820
S3150800EC9001EC000877ED000801EC000851ED0008CA
S3150800ECA001EC000801EC0008FBEC0008453B022BD0
S3150800ECB0A6D8052331E06368002B0DDD23681A7892
S3150800ECC04A4540F0A680013362682360459B013AB5
S3150800ECD001336260459353E7A19B21463046984726
S3150800ECE00028EBD04498002840F08B804FF0FF3086
S3150800ECF08BE0419A42F020024192419A42F4007216
S3150800ED00419210226E2B429202D905E000234293CB
S3150800ED10032302E008234293042347936368002BE6
S3150800ED2039DD419B590604D423681A78BA5C120760
S3150800ED3038D4479B022B47DC6B46224641A930460E
S3150800ED4000F0AEF9012864D002287FF419AFC9E7AC
S3150800ED500A22D7E72946404600F0FEFB419B43F0CE
S3150800ED604003419305460123D7E7419B43F04003FF
S3150800ED7041930023D1E70223CFE74198C3063FF525
S3150800ED80FFAE009B459A191D00911B68C0074CBF32
S3150800ED901A801A60F4E6A19B214630469847002857
S3150800EDA0BFD09FE7459A013245926268013A002A28
S3150800EDB0626002DD01332360B6E7A19B2146304637
S3150800EDC098470028B0D08DE7042B0FDC6B46224607
S3150800EDD041A9304600F0BEF9B4E700BF7DEA000855
S3150800EDE0F7EA0008810B0108650901080A4B002BA0
S3150800EDF03FF4C6AE6B46224641A93046FCF7F2FC04
S3150800EE00A0E7A3895B063FF571AF0DF5237DBDE845
S3150800EE10F08F4498F9E700BFE5B700089368013B0F
S3150800EE20002B10B4936008DA9469A34201DB0A291F
S3150800EE3003D15DF8044BFDF7DEB81368581C106063
S3150800EE40197008465DF8044B7047F8B506460F4634
S3150800EE501446D518AC4201D1002007E014F8011B6E
S3150800EE603A463046FFF7DAFF431CF3D1F8BD0000F7
S3150800EE702DE9F04F0D469DB014469846064618B142
S3150800EE80036A0BB9FCF748FF6B6ED90705D4AB8943
S3150800EE909A0502D4A86DFDF708FAAB891B0701D5B8
S3150800EEA02B699BB929463046FDF7E4F870B16B6EBD
S3150800EEB0DC0704D54FF0FF301DB0BDE8F08FAB89F5
S3150800EEC09805F7D4A86DFDF7F1F9F3E70023099340
S3150800EED020238DF82930CDF80C803023DFF8AC815B
S3150800EEE08DF82A304FF0010923469A4613F8012B6C
S3150800EEF00AB1252AF9D1BAEB040B0BD05B46224698
S3150800EF0029463046FFF7A1FF013000F0A780099A8D
S3150800EF105A4409929AF80030002B00F09F8000238B
S3150800EF204FF0FF32CDE905230AF1010A049307934E
S3150800EF308DF853301A935446052214F8011B53488A
S3150800EF40F1F746F9049AD8B9D10644BF20238DF8BB
S3150800EF505330130744BF2B238DF853309AF80030EB
S3150800EF602A2B15D0079A544600204FF00A0C214642
S3150800EF7011F8013B303B092B4BD9B0B1079214E08D
S3150800EF80A0EB080309FA03F313430493A246D2E756
S3150800EF90039B191D1B680391002BBBBF5B4242F004
S3150800EFA0020207930793B8BF049223782E2B0AD13F
S3150800EFB063782A2B32D1039B1A1D1B68039243EAF6
S3150800EFC0E37302340593DFF8D4A021780322504670
S3150800EFD0F1F7FEF838B1049BA0EB0A004022824004
S3150800EFE013430134049314F8011B29488DF828109B
S3150800EFF00622F1F7EDF800283FD0264B1BBB039BF2
S3150800F000073323F0070308330393099B3B4409930B
S3150800F0106AE70CFB02320C460120A8E700230134FC
S3150800F020059319464FF00A0C204610F8012B303A82
S3150800F030092A03D9002BC6D00591C4E70CFB012188
S3150800F04004460123F0E703AB00932A46124B04A9B2
S3150800F0503046FCF711F80746781CD6D16B6ED907EF
S3150800F06005D4AB899A0502D4A86DFDF71FF9AB89BB
S3150800F0705B063FF51FAF09981EE703AB00932A46C8
S3150800F080054B04A93046FCF78FFAE4E75F09010847
S3150800F0906909010879B000084BEE000865090108FE
S3150800F0A02DE9F84315468A6880460C4632B98A69BE
S3150800F0B0002A14BF4FF0FF3201228A602268DFF867
S3150800F0C09090D1065FBF1A68111D1960166800274F
S3150800F0D0A06988B1012807D12B681A7863699B5CF7
S3150800F0E053B9002F31D022E0022820D12B681B7893
S3150800F0F019F803301B071AD42368DA065EBF2B6893
S3150800F1001B7806F8013B2A686B6801322A60A268F8
S3150800F110013B013A6B600137A26042B1002BD7DC94
S3150800F120D4F880312946404698470028D0D023682D
S3150800F13013F0100305D1E2680132E260A26902B158
S3150800F140337023693B4423610020BDE8F88300BF80
S3150800F150810B01082DE9F04F9846744B0C46824600
S3150800F160164693E8070087B003AB83E80700704BA1
S3150800F170A169704A032908BF1A46A36801925A1E54
S3150800F180B2F5AE7F88BF6FF4AE75274682BF03EB34
S3150800F190050940F25D13A36057F81C3B43F450631E
S3150800F1A098BF4FF0000923603D464FF0000B3168C9
S3150800F1B003AB097853F82B000222F1F709F828B3B4
S3150800F1C0BBF1010F59D162682AB92268082142F4B5
S3150800F1D0007261602260226822F4A0622260A2683E
S3150800F1E0511EA16092B13268511C3160127805F83F
S3150800F1F0012B7268013A002A726007DCD4F8802174
S3150800F200314650469047002840F085800BF1010BA7
S3150800F210BBF1030FCBD163680BB90A23636063683C
S3150800F22045496069C91A00F097F94FF0000BA368C1
S3150800F2302268002B3DD03168606991F800C010F84B
S3150800F2400C00002835D0BCF1300F24D1100522D58A
S3150800F2500BF1010BB9F1000F03D0013309F1FF39A6
S3150800F260A3607368013B002B73601BDD33680133B1
S3150800F2703360A368013BA360D9E7BBF1020FAED1A7
S3150800F280226802F4C061B1F5007FC4D11021616023
S3150800F29042F48072A2E722F4106222600B7805F825
S3150800F2A0013BDEE7D4F880313146504698470028BE
S3150800F2B0DFD02368D9050DD5BD4209D915F8011C3B
S3150800F2C0D4F87C3132465046984705F1FF394D4609
S3150800F2D0BD4228D0226812F0100213D12A70636842
S3150800F2E0019E39465046B047D8F8003021681A1DA5
S3150800F2F0C8F8002011F0200F1B680FD01860E368CB
S3150800F3000133E3602369ED1B5D442B442361002030
S3150800F31007B0BDE8F08F4FF0000BCAE7CA074CBF2D
S3150800F32018801860EBE70120F2E700BFAC0301087C
S3150800F330C9E700083DFF000880090108B1F90C205B
S3150800F3402DE9F041160705460C4654D44B68002BA8
S3150800F35002DC0B6C002B48DDE66A002E45D0002344
S3150800F36012F480522F68216A2B6030D0626DA3890F
S3150800F370590705D56368D21A636B0BB1236CD21A89
S3150800F3800023E66A216A2846B047431CA38906D1AA
S3150800F39029681D292BD82A4ACA40D60727D500220C
S3150800F3A06260D9042269226004D5421C01D12B6807
S3150800F3B003B96065616B2F60B9B104F144039942E2
S3150800F3C002D02846FDF7D4FD002363630DE0012330
S3150800F3D02846B0470246501CC9D12B68002BC6D018
S3150800F3E01D2B01D0162B1ED12F60002022E043F0E2
S3150800F3F040031BB21BE00F69002FF6D093070E6877
S3150800F40008BF4B690F6018BF0023A6EB07088B607F
S3150800F410B8F1000FE9DD216AA66A43463A4628464E
S3150800F420B047002808DCB4F90C3043F04003A38148
S3150800F4304FF0FF30BDE8F0810744A8EB0008E7E786
S3150800F4400100402038B50B6905460C4613B900255E
S3150800F450284638BD18B1036A0BB9FCF75DFCB4F948
S3150800F4600C30002BF3D0626ED00704D4990502D471
S3150800F470A06DFCF71AFF28462146FFF75FFF636E6B
S3150800F480DA070546E4D4A3899B05E1D4A06DFCF709
S3150800F4900DFFDDE770B50C46B1F90E10002996B0E0
S3150800F4A015461E460DDAA38913F0800F4FF00001AA
S3150800F4B014BF40234FF48063002031602B6016B0E0
S3150800F4C070BD6A4600F0D6F80028ECDB019901F415
S3150800F4D07041A1F50053594259414FF48063EBE757
S3150800F4E08B89F7B59D0706460C4607D504F14703F1
S3150800F4F0236023610123636103B0F0BD01AB6A4653
S3150800F500FFF7C8FF009F054639463046FDF7A4FDBC
S3150800F51048B9B4F90C309A05EED423F0030343F046
S3150800F5200203A381E2E7A389206043F08003A38155
S3150800F530019BC4E904075BB1B4F90E10304600F02C
S3150800F540ABF828B1A38923F0030343F00103A38191
S3150800F550A3891D43A581CFE770B50B7804465E2BBA
S3150800F5600BBF4B784A1C8A1C002108BF01210138B1
S3150800F57004F1FF0500F8011FA842FBD10BB9501E84
S3150800F58070BD81F00101E1541046024612F8015B94
S3150800F5902D2D05D05D2D16D0002DF1D02B46F2E786
S3150800F5A046785D2EFAD0B342F8DC02301A460132AC
S3150800F5B09642A154FBDCF21A013A5D1CB342A8BF7D
S3150800F5C00022AB18E1E71046DAE72DE9F0410C46D0
S3150800F5D0496B04F1440399421DD14FF48061FDF74C
S3150800F5E03BFD18B94FF0FF30BDE8F0814FF480635A
S3150800F5F0A36394F84630606380F8FF3394F8453087
S3150800F60080F8FE3394F8443080F8FD3300F2FD307C
S3150800F61020600020E8E7A66B77003A4600F0F1FB89
S3150800F62005460028DED000EB06080146324640466D
S3150800F63000F052F8C4E90D57C4F80080E9E788429B
S3150800F64010B501EB020402D98442234607D8431EAB
S3150800F650A14208D011F8012B03F8012FF8E702445C
S3150800F66001468A4200D110BD13F8014D02F8014D3A
S3150800F670F7E7000038B5074D00230446084611464B
S3150800F6802B60F3F707FB431C02D12B6803B12360F9
S3150800F69038BD00BF1429002038B5064D002304469E
S3150800F6A008462B60F3F706FB431C02D12B6803B10F
S3150800F6B0236038BD1429002038B5064D00230446BA
S3150800F6C008462B60F3F70EFB431C02D12B6803B1E7
S3150800F6D0236038BD142900200A44914200F1FF3303
S3150800F6E000D1704710B511F8014B03F8014F91424C
S3150800F6F0F9D110BD000000009FED010B704700BF57
S3150800F700000000000000F87F1FB514461A46094B92
S3150800F7101B680546D8684CB1074B0091CDE9013402
S3150800F72006492B4600F01AFC00F02AFC044B1C463E
S3150800F730F3E700BF3400002093090108A009010877
S3150800F740CE09010870B5A1FB025434B92946FDF764
S3150800F75083FC064628B9304670BD0C220260002696
S3150800F760F9E72A462146FCF7DBFCF4E70369B3EB25
S3150800F770611F2DE9F0434FEA611200F1140445DDDB
S3150800F78011F01F0104EB830604EB82050CD100F18E
S3150800F79010072946B14234D39B1A9B00EA1E9642AB
S3150800F7A038BF0023234415E054F82270C1F120081D
S3150800F7B0CF4005F1040EA1467645F44615D89A1AA7
S3150800F7C09200043A0135AE4238BF0022A318A7506A
S3150800F7D007B104331A1BA3424FEAA20208BF00234B
S3150800F7E0026108BF4361BDE8F083DCF800C00CFA8B
S3150800F7F008FC4CEA070749F8047B5EF8047BCF400F
S3150800F800DAE751F804CB47F804CFC3E72346E1E724
S3150800F810A0F13003092B02D82038C0B27047A0F1F6
S3150800F8206103052B01D84738F7E7A0F14103052BFB
S3150800F83001D82738F1E70020704700002DE9F04F7E
S3150800F84085B08A4602930B68019090469C1CA14697
S3150800F85014F8010B3028FAD0A9EB0303A3F1020B25
S3150800F860FFF7D6FF0546002868D1A0490122484679
S3150800F870FCF76BFC0746002867D199F80100264675
S3150800F880FFF7C6FF002862D0234618783028994625
S3150800F89003F10103F9D0FFF7BBFFB0FA80F56D0954
S3150800F8A04FF0010B4A46164601323078FFF7B0FF93
S3150800F8B00028F8D18D4901223046FCF746FC00287D
S3150800F8C03FD144B9741C2246164601323078FFF7F8
S3150800F8D09FFF0028F8D1A41BA700337803F0DF03A5
S3150800F8E0502B3ED173782B2B33D02D2B34D0711C53
S3150800F8F000240878FFF78CFF431EDBB2182B30D89C
S3150800F900A0F1100211F8010FFFF782FF00F1FF3C8A
S3150800F9105FFA8CFCBCF1180F4FF00A031ED904B12C
S3150800F92052421744CAF80010EDB1BBF1000F0CBFE4
S3150800F93006250025284605B0BDE8F08F00252C468B
S3150800F940B0E7002CC7D12746C7E74E462F46012504
S3150800F950C3E70024B11CCCE70124FBE703FB020044
S3150800F960CEE73146DEE7A6EB0903013B2946072B1E
S3150800F9700ADC0198FDF7FCFB044640B95C4B0246DD
S3150800F980E4215C48FFF7C0FE01315B10EFE700F1A8
S3150800F990140A002355469B46B14537D345F804BBA0
S3150800F9A0A5EB0A05AD1025615846FDF7D3FC6D0198
S3150800F9B0D8F800602D1AB54254DDAD1B29462046FD
S3150800F9C0FEF75FF8814678B16B1E591103F01F02E6
S3150800F9D05AF821104FF0010909FA02F20A4203D037
S3150800F9E04B4536DC4FF0020929462046FFF7BEFE96
S3150800F9F02F44D8F80830BB4242DA01982146FDF771
S3150800FA00F7FB0E9A00231360A32593E716F8012D3A
S3150800FA102E2A12D0202B04D145F804BB4FF0000B38
S3150800FA205B4630780393FFF7F3FE039B00F00F0065
S3150800FA3098404BEA000B0433AEE7B145EAD82B49A8
S3150800FA40039301223046FCF780FB039B0028E1D193
S3150800FA50A2E7A91E2046FEF714F80028C2D04FF0E8
S3150800FA600309C1E709DA751B214601982A46FDF7FD
S3150800FA70CFFD7F1B044600F1140A4FF00009B8E7D2
S3150800FA80D8F80450BD426FDDED1BAE4234DCD8F821
S3150800FA900C30022B22D0032B24D0012B15D1AE42D9
S3150800FAA013D1012E0BD1029AD8F804301360012322
S3150800FAB02361CAF800300E9B62251C603AE7711E66
S3150800FAC02046FDF7DEFF0028EDD101982146FDF717
S3150800FAD08FFB0E9A0023136050252BE70F9B002BF4
S3150800FAE0F3D1E0E70F9B002BDDD1EEE75D090108B6
S3150800FAF0F3080108CF0901086F1EB9F1000F30D1CC
S3150800FB0027B139462046FDF7BCFF81467A11012305
S3150800FB105AF8222007F01F07BB4013422946204601
S3150800FB2018BF49F00209FFF721FED8F80470761BC2
S3150800FB300225B9F1000F47D0D8F80C30022B15D0A2
S3150800FB40032B17D0012B09D119F0020F06D0DAF8CA
S3150800FB50003049EA030919F0010F0ED145F01005E6
S3150800FB6032E04FF00109D1E70125E2E70F9BC3F127
S3150800FB7001030F930F9B002BF0D0D4F810B004F1BB
S3150800FB8014034FEA8B0A03EB8B014FF0000C18465F
S3150800FB9053F8042BB2F1FF3F1BD001320260022D4D
S3150800FBA004F114033CD1D8F80020013AB24209D135
S3150800FBB07111012253F8213006F01F0602FA06F6E3
S3150800FBC01E423AD145F020050E9B1C60029B1F6021
S3150800FBD0B0E6994243F804CCD9D8A3689B4517DB0D
S3150800FBE0616801980131FDF7C3FA814618B91A4BC5
S3150800FBF002468421C5E62269023204F10C0192000C
S3150800FC000C30FFF769FD21460198FDF7F1FA4C46DD
S3150800FC1023695A1C04EB8303226101225A61BEE759
S3150800FC2022695A450BDD01212046FFF79FFDD8F8CA
S3150800FC3008300137BB42FFF6E0AE0125C2E716F0F1
S3150800FC401F06FAD05344C6F1200653F8040CFDF7F4
S3150800FC5081FBB042E7DBF0E7F3080108C2F10802CE
S3150800FC60920070B5C2F120064368046803FA06F5E7
S3150800FC702C43D340046040F8043F8842F4D370BD57
S3150800FC8030B50368013311F8014B14B9036001203C
S3150800FC9030BD13F8012BA2F14105192D98BF20326A
S3150800FCA0A242F0D00020F3E72DE9F04F0B68016877
S3150800FCB05E1102EB860613F01F0387B018BF0436E1
S3150800FCC00025371F82469046019346F8045CB946DC
S3150800FCD03C460295AB464A784B1C039342B3104602
S3150800FCE005910492FFF794FD002851D1049A0599CD
S3150800FCF0202A18D8029B9B4513DD4C4506D2072DB2
S3150800FD0004DC2A4649462046FFF7A8FF444552D94F
S3150800FD100023A4F1040944F8043CCDF808B04C4685
S3150800FD201D460399D7E7292A57D10231CAF8001088
S3150800FD30BBF1000F51D04C4506D2072D04DC2A46EC
S3150800FD4049462046FFF78AFF444536D9A8F10402FA
S3150800FD50234653F8041B42F8041F9F42F9D23B1B63
S3150800FD6023F0030304330134033EB44288BF04235B
S3150800FD704344002243F8042B9F42FBD23B681BB93D
S3150800FD80474528D101233B60052007B0BDE8F08F21
S3150800FD900135082D0BF1010B06DD4445C1D90023B9
S3150800FDA044F8043C0125043C226800F00F0040EAB0
S3150800FDB002102060B5E70825B3E7019B002BDDD0CC
S3150800FDC0C3F120034FF0FF32DA4056F8043C1340E3
S3150800FDD046F8043CD2E7043FD0E70420D5E782B0D2
S3150800FDE001B901A942B14BB113780B601278101E04
S3150800FDF018BF012002B070471046FBE76FF00100FC
S3150800FE00F8E72DE9F041074614460D4621B9BDE845
S3150800FE10F0411146FDF720B92AB9FDF7A9F825469C
S3150800FE202846BDE8F08100F0B2F88442064602D8BA
S3150800FE30B4EB500FF4D821463846FDF70DF9804645
S3150800FE4008B94546ECE7B4422246294628BF324659
S3150800FE50FFF742FC29463846FDF78AF8F1E7000025
S3150800FE602DE9F043344E86460D46284615F8014BD3
S3150800FE70375D17F00807F8D12D2C10D12C780127FB
S3150800FE80851C33F0100015D1302C0DD1287800F0E0
S3150800FE90DF00582808D16C78023510230AE02B2C8D
S3150800FEA004BF2C78851CECE7002BF6D1302C14BF48
S3150800FEB00A2308234FF0FF380026B8FBF3F803FBA4
S3150800FEC008F96FEA09093046A4F1300CBCF1090FAC
S3150800FED010D86446A3421EDDB6F1FF3F07D0804521
S3150800FEE016D301D1A14513DB00FB0340012615F803
S3150800FEF0014BE9E7A4F1410CBCF1190F01D8373CD5
S3150800FF00E8E7A4F1610CBCF1190F04D8573CE1E706
S3150800FF104FF0FF36EBE7731C06D12223CEF80030EC
S3150800FF20304632B9BDE8F08307B14042002AF9D01D
S3150800FF3006B1691E1160F5E7810B0108FFF790BF4E
S3150800FF400346084641B1FF2A04D98A221A604FF0AF
S3150800FF50FF3070470A700120704700000EB403B5E1
S3150800FF60014603AB054853F8042B00680193FEF7D6
S3150800FF707FFF02B05DF804EB03B070473400002041
S3150800FF8008B5062000F034F80120F2F74FFE51F8C4
S3150800FF90043C181F002BBCBF0B58C01870471F29FC
S3150800FFA038B505460C4604D9162303604FF0FF30D2
S3150800FFB038BDC26B12B152F821304BB9284600F051
S3150800FFC031F8224601462846BDE8384000F018B800
S3150800FFD0012B0AD0591C03D1162303600120E7E739
S3150800FFE0002142F82410204698470020E0E7000048
S3150800FFF0024B01461868FFF7D2BF00BF3400002045
S3150801000038B5074D00230446084611462B60F2F71A
S31508010010FDFD431C02D12B6803B1236038BD00BF27
S3150801002014290020F2F7EABDF8B500BFF8BC08BCF0
S315080100309E467047F8B500BFF8BC08BC9E46704797
S3150801004024475047474100002447504747412C253C
S31508010050662C25662C25632C25662C256300000055
S31508010060244750474C4C0000244750474C4C2C25FC
S31508010070662C25632C25662C25632C256600000035
S31508010080244750524D430000244750524D432C25D6
S31508010090662C25632C25662C25632C25662C256361
S315080100A0000000002530325800000000496E7661D4
S315080100B06C6964204E4D45413A2025730D0A0000AE
S315080100C041540000415445300000000041542B437F
S315080100D046554E3D3100000041542B4350494E3F91
S315080100E00000000041542B435351000041542B4357
S315080100F05245473F000000004C69766520547261FD
S31508010100636B696E67204163746976617465642EF1
S315080101102E2E00002B3931393634323539333939F7
S315080101203700000025730D0A000000004F4B0D0A29
S31508010130000000004552524F520D0A002573205205
S315080101406573706F6E73653A0D0A25730D0A0000A3
S3150801015041542B434D47463D3100000041542B4342
S315080101605343533D2247534D2200000041542B432C
S315080101704D47533D22257322000000000D00000063
S315080101804469646E277420726563656976652027FC
S315080101903E272070726F6D70742E20534D53206E5A
S315080101A06F742073656E742E0D00000053656E64BE
S315080101B0696E6720534D5320746F2025732E2E2E9A
S315080101C00D0A0000534D532053656E642052657322
S315080101D0706F6E73653A0D0A25730D0A00000000EB
S315080101E04750535F646174612E747874000000008F
S315080101F054494D3220496E74657272757074206661
S3150801020061696C65642E2E2E2100000055415254F9
S315080102103320496E74657272757074206661696CF3
S3150801022065642E2E2E210000000000004E6F20531B
S3150801023044204361726420666F756E64203A2028F3
S315080102402569290D0A000000534420436172642080
S315080102504D6F756E74656420537563636573736654
S31508010260756C6C792121210D00000000546F7461B1
S315080102706C5370616365203A20256C752062797428
S3150801028065732C20467265655370616365203D2050
S31508010290256C752062797465730A000046696C6578
S315080102A0206372656174696F6E2F6F70656E204584
S315080102B072726F72203A20282569290D0A000000FA
S315080102C057726974696E6720646174612121210D11
S315080102D0000000004661696C656420746F206F70C8
S315080102E0656E2066696C6520696E205265616420B9
S315080102F06D6F646500000000475053204C6F6361C1
S3150801030074696F6E203A2025730A00004C6174697E
S3150801031074756465203A202566202C204C6F6E671B
S315080103206974756465203A2025660A00534420439A
S3150801033061726420556E6D6F756E746564205375B0
S31508010340636365737366756C6C792121210D0000F1
S3150801035055415254204572726F723A203078256C95
S31508010360780D0A00222A3A3C3E3F7C7F00000000B5
S315080103702B2C3B3D5B5D0000EBFE904D53444F53E8
S31508010380352E30004E4F204E414D45202020204627
S3150801039041543332202020004E4F204E414D4520F6
S315080103A020202046415420202020200082090108CF
S315080103B085090108880901080000000000000000FD
S315080103C001020304060708090000000001020304EC
S315080103D0A0860100400D0300801A060000350C00B6
S315080103E040420F0080841E0000093D0000127A0079
S315080103F00024F40000366E010048E801006CDC02B6
S31508010400435545414141414345454549494941418D
S315080104104592924F4F4F5555594F554F9C4F9E9F59
S3150801042041494F55A5A5A6A7A8A9AAABACADAEAF9C
S31508010430B0B1B2B3B4414141B8B9BABBBCBDBEBF94
S31508010440C0C1C2C3C4C54141C8C9CACBCCCDCECF30
S31508010450D1D145454549494949D9DADBDCDD49DF89
S315080104604FE14F4F4F4FE6E8E85555555959EEEFCD
S31508010470F0F1F2F3F4F5F6F7F8F9FAFBFCFDFEFFF5
S3150801048001030507090E10121416181C1E00000098
S31508010490C700FC00E900E200E400E000E500E7002F
S315080104A0EA00EB00E800EF00EE00EC00C400C5002E
S315080104B0C900E600C600F400F600F200FB00F900E8
S315080104C0FF00D600DC00F800A300D800D70092018F
S315080104D0E100ED00F300FA00F100D100AA00BA002C
S315080104E0BF00AE00AC00BD00BC00A100AB00BB0064
S315080104F091259225932502252425C100C200C00015
S31508010500A9006325512557255D25A200A5001025BB
S31508010510142534252C251C2500253C25E300C3007C
S315080105205A25542569256625602550256C25A4007C
S31508010530F000D000CA00CB00C8003101CD00CE00C2
S31508010540CF0018250C2588258425A600CC008025F2
S31508010550D300DF00D400D200F500D500B500FE00B7
S31508010560DE00DA00DB00D900FD00DD00AF00B400D3
S31508010570AD00B1001720BE00B600A700F700B8000D
S31508010580B000A800B700B900B300B200A025A000CA
S3150801059061001A03E0001703F8000703FF000100D2
S315080105A078010001300132010601390110014A01C1
S315080105B02E017901060180014D0043028101820164
S315080105C082018401840186018701870189018A01E3
S315080105D08B018B018D018E018F0190019101910192
S315080105E093019401F60196019701980198013D023C
S315080105F09B019C019D0120029F01A001A001A2016E
S31508010600A201A401A401A601A701A701A901AA01A2
S31508010610AB01AC01AC01AE01AF01AF01B101B20151
S31508010620B301B301B501B501B701B801B801BA0102
S31508010630BB01BC01BC01BE01F701C001C101C20178
S31508010640C301C401C501C401C701C801C701CA0163
S31508010650CB01CA01CD011001DD0101008E01DE01C8
S315080106601201F3010300F101F401F401F801280173
S31508010670220212013A020900652C3B023B023D02A5
S31508010680662C3F0240024102410246020A01530218
S31508010690400081018601550289018A0158028F01AC
S315080106A05A0290015C025D025E025F0293016102D9
S315080106B06202940164026502660267029701960165
S315080106C06A02622C6C026D026E029C017002710252
S315080106D09D01730274029F017602770278027902FC
S315080106E07A027B027C02642C7E027F02A6018102C9
S315080106F08202A9018402850286028702AE014402AA
S31508010700B101B20145028D028E028F029002910259
S31508010710B7017B030300FD03FE03FF03AC030400DB
S315080107208603880389038A03B1031103C2030200FE
S31508010730A303A303C4030803CC0303008C038E039A
S315080107408F03D8031801F2030A00F903F303F4032C
S31508010750F503F603F703F703F903FA03FA0330047B
S31508010760200350041007600422018A043601C104DB
S315080107700E01CF040100C004D0044401610526041A
S31508010780000000007D1D0100632C001E9601A01EBD
S315080107905A01001F0806101F0606201F0806301FEB
S315080107A00806401F0606511F0700591F521F5B1FE7
S315080107B0541F5D1F561F5F1F601F0806701F0E001E
S315080107C0BA1FBB1FC81FC91FCA1FCB1FDA1FDB1FD2
S315080107D0F81FF91FEA1FEB1FFA1FFB1F801F0806E8
S315080107E0901F0806A01F0806B01F0400B81FB91FEE
S315080107F0B21FBC1FCC1F0100C31FD01F0206E01F7A
S315080108000206E51F0100EC1FF21F0100FC1F4E2125
S315080108100100322170211002842101008321D02494
S315080108201A05302C2F04602C0201672C0601752C41
S315080108300201802C6401002D260841FF1A030000DD
S31508010840494E4600696E66004E414E006E616E0065
S3150801085030313233343536373839414243444546E7
S31508010860003031323334353637383961626364657D
S31508010870660065256C6400496E66696E697479005F
S315080108804E614E005245454E54206D616C6C6F6346
S3150801089020737563636565646564002F6275696CA9
S315080108A0642F676E752D746F6F6C732D666F722D5D
S315080108B073746D33325F31332E332E72656C312E7C
S315080108C032303234303932362D313731352F737271
S315080108D0632F6E65776C69622F6E65776C69622F17
S315080108E06C6962632F7374646C69622F64746F61D7
S315080108F02E630042616C6C6F632073756363656573
S31508010900646564002F6275696C642F676E752D7452
S315080109106F6F6C732D666F722D73746D33325F3121
S31508010920332E332E72656C312E32303234303932F1
S31508010930362D313731352F7372632F6E65776C69B2
S31508010940622F6E65776C69622F6C6962632F7374A7
S31508010950646C69622F6D707265632E63002E0023C5
S315080109602D302B2000686C4C0065666745464700AC
S31508010970412D46612D6638393031323334353637B3
S315080109805D002B2D003030007858004300504F533E
S315080109904958002C2066756E6374696F6E3A20009B
S315080109A0617373657274696F6E20222573222066DE
S315080109B061696C65643A2066696C65202225732233
S315080109C02C206C696E65202564257325730A002F12
S315080109D06275696C642F676E752D746F6F6C732DF4
S315080109E0666F722D73746D33325F31332E332E7207
S315080109F0656C312E32303234303932362D31373159
S31508010A00352F7372632F6E65776C69622F6E657702
S31508010A106C69622F6C6962632F7374646C69622FE7
S31508010A206764746F612D6765746865782E63000065
S31508010A3005000000190000007D000000000000000C
S31508010A400080E03779C34143176E05B5B5B89346BB
S31508010A50F5F93FE9034F384D321D30F94877825A87
S31508010A603CBF737FDD4F1575000000000000F03FA5
S31508010A70000000000000244000000000000059406A
S31508010A800000000000408F40000000000088C340BD
S31508010A9000000000006AF8400000000080842E4132
S31508010AA000000000D01263410000000084D797417E
S31508010AB00000000065CDCD41000000205FA0024284
S31508010AC0000000E876483742000000A2941A6D42F9
S31508010AD0000040E59C30A2420000901EC4BCD642EC
S31508010AE000003426F56B0C430080E03779C3414397
S31508010AF000A0D8855734764300C84E676DC1AB430D
S31508010B00003D9160E458E143408CB5781DAF15442A
S31508010B1050EFE2D6E41A4B4492D54D06CFF0804405
S31508010B20F64AE1C7022DB544B49DD9794378EA441A
S31508010B3034000000CEFBFFFFCB03000001000000DC
S31508010B400000000035000000CEFBFFFFCB030000CC
S31508010B500100000000000000BC89D897B2D29C3C75
S31508010B6033A7A8D523F649393DA7F444FD0FA53285
S31508010B709D978CCF08BA5B25436FAC64280668112C
S31508010B80002020202020202020202828282828204E
S31508010B902020202020202020202020202020202046
S31508010BA020881010101010101010101010101010AE
S31508010BB0100404040404040404040410101010109E
S31508010BC01010414141414141010101010101010168
S31508010BD001010101010101010101010110101010BA
S31508010BE0101042424242424202020202020202023A
S31508010BF0020202020202020202020202101010108E
S31508010C0020000000000000000000000000000000B5
S31508010C1000000000000000000000000000000000C5
S31508010C2000000000000000000000000000000000B5
S31508010C3000000000000000000000000000000000A5
S31508010C400000000000000000000000000000000095
S31508010C500000000000000000000000000000000085
S31508010C600000000000000000000000000000000075
S31508010C700000000000000000000000000000000065
S30908010C800000000061
S30D08010C844CF5FE7F010000009A
S30908010C8CB501000897
S30908010C9091010008B7
S31508010C9401000000E001010800093D001000000000
S31508010CA401000000297A0008457A0008617A0008DB
S31508010CB4877A0008AD7A00080000000003000000E6
S31508010CC4D82700203800002000000000D82700207B
S31508010CD440280020A8280020000000000000000089
S31508010CE400000000000000000000000000000000F1
S31508010CF400000000000000000000000000000000E1
S31508010D0400000000000000000000000000000000D0
S31508010D14000000004300000000000000000000007D
S31508010D2400000000000000000000000000000000B0
S31508010D34000000004300000000000000000000005D
S31508010D440000000000000000000000000000000090
S31508010D54000000004300000000000000000000003D
S31508010D640000000000000000000000000000000070
S31508010D74000000004300000000000000000000001D
S31508010D840000000000000000000000000000000050
S31508010D9400000000430000000000000000000000FD
S31508010DA40000000000000000000000000000000030
S31508010DB400000000430000000000000000000000DD
S31508010DC40000000000000000000000000000000010
S31508010DD400000000430000000000000000000000BD
S31508010DE400000000000000000000000000000000F0
S31508010DF40000000041FF0008DFFD000800000000B4
S31508010E04800B01085D090108CE090108CE0901080C
S31508010E14CE090108CE090108CE090108CE0901083F
S31508010E24CE090108CE090108CE090108FFFFFFFF13
S31508010E34FFFFFFFFFFFFFFFFFFFF00000100415314
S31508010E4443494900000000000000000000000000BA
S31508010E5400000000000000000000000000004153EB
S31508010E64434949000000000000000000000000009A
S31508010E74000000000000000000000000000000005F
S70508002D7550
