S00D00005461736B312E7372656353
S315080000000080012065290008652200086D22000885
S31508000010752200087D2200088522000800000000DD
S315080000200000000000000000000000008D2200080B
S315080000309B22000800000000A9220008B922000837
S31508000040B5290008B5290008B5290008B52900080A
S31508000050B5290008B5290008B5290008B5290008FA
S31508000060B5290008B5290008B5290008B5290008EA
S31508000070B5290008B5290008B5290008B5290008DA
S31508000080B5290008B5290008B5290008B5290008CA
S31508000090B5290008B5290008B5290008B5290008BA
S315080000A0B5290008B5290008B5290008B5290008AA
S315080000B0B5290008B5290008B5290008B52900089A
S315080000C0B5290008B5290008B5290008B52900088A
S315080000D0B5290008B5290008B5290008B52900087A
S315080000E0B5290008B5290008B5290008B52900086A
S315080000F0B5290008B5290008B5290008B52900085A
S31508000100B5290008B5290008B5290008B529000849
S31508000110B5290008B5290008B5290008B529000839
S31508000120B5290008B5290008B5290008B529000829
S31508000130B5290008B5290008B5290008B529000819
S31508000140B5290008B5290008B5290008B529000809
S31508000150B5290008B5290008B5290008B5290008F9
S31508000160B5290008B5290008B5290008B5290008E9
S31508000170B5290008B5290008B529000800000000BF
S30D08000180B5290008B52900089D
S3150800019010B5054C237833B9044B13B10448AFF3B3
S315080001A000800123237010BDE80000200000000035
S315080001B038CB000808B5034B1BB103490348AFF316
S315080001C0008008BD00000000EC00002038CB0008C5
S315080001D010F8012B11F8013B012A28BF9A42F7D0E3
S315080001E0D01A7047034613F8012B002AFBD1181AB8
S315080001F00138704700000000000000000000000001
S3150800020001F0FF01102A2BDB10F0070F08D010F8B9
S31508000210013B013A8B422DD010F0070F42B3F6D1BD
S31508000220F0B441EA012141EA014122F007047FF0D6
S3150800023000070023F0E80256083C85EA010586EA2D
S31508000240010685FA47F5A3FA87F586FA47F6A5FA69
S3150800025087F68EB9EED1F0BC01F0FF0102F0070275
S3150800026032B110F8013B013A83EA010313B1F8D120
S315080002700020704701387047002D06BF3546033801
S31508000280073815F0010F07D1013015F4807F02BF3A
S31508000290013015F4C03F0130F0BC0138704700BF8B
S315080002A081F0004102E000BF83F0004330B54FEA19
S315080002B041044FEA430594EA050F08BF90EA020F86
S315080002C01FBF54EA000C55EA020C7FEA645C7FEA19
S315080002D0655C00F0E2804FEA5454D4EB5555B8BF3C
S315080002E06D420CDD2C4480EA020281EA030382EAAD
S315080002F0000083EA010180EA020281EA0303362D3F
S3150800030088BF30BD11F0004F4FEA01314FF4801C11
S315080003104CEA113102D0404261EB410113F0004F23
S315080003204FEA03334CEA133302D0524263EB4303DA
S3150800033094EA050F00F0A780A4F10104D5F1200E78
S315080003400DDB02FA0EFC22FA05F2801841F10001D3
S3150800035003FA0EF2801843FA05F359410EE0A5F1A7
S3150800036020050EF1200E012A03FA0EFC28BF4CF0D8
S31508000370020C43FA05F3C01851EBE37101F000458E
S3150800038007D54FF0000EDCF1000C7EEB00006EEB9B
S315080003900101B1F5801F1BD3B1F5001F0CD3490825
S315080003A05FEA30004FEA3C0C04F101044FEA44527C
S315080003B012F5800F80F09A80BCF1004F08BF5FEA03
S315080003C0500C50F1000041EB045141EA050130BDE3
S315080003D05FEA4C0C404141EB0101013C28BFB1F5F5
S315080003E0801FE9D291F0000F04BF01460020B1FA40
S315080003F081F308BF2033A3F10B03B3F120020CDA13
S315080004000C3208DD02F1140CC2F10C0201FA0CF0F0
S3150800041021FA02F10CE002F11402D8BFC2F1200C55
S3150800042001FA02F120FA0CFCDCBF41EA0C0190400B
S31508000430E41AA2BF01EB0451294330BD6FEA040454
S315080004401F3C1CDA0C340EDC04F11404C4F120023F
S3150800045020FA04F001FA02F340EA030021FA04F351
S3150800046045EA030130BDC4F10C04C4F1200220FAA8
S3150800047002F001FA04F340EA0300294630BD21FAE6
S3150800048004F0294630BD94F0000F83F4801306BFAC
S3150800049081F480110134013D4EE77FEA645C18BFA0
S315080004A07FEA655C29D094EA050F08BF90EA020F37
S315080004B005D054EA000C04BF1946104630BD91EA2F
S315080004C0030F1EBF0021002030BD5FEA545C05D132
S315080004D04000494128BF41F0004130BD14F5800471
S315080004E03CBF01F5801130BD01F0004545F0FE41E5
S315080004F041F470014FF0000030BD7FEA645C1ABF1A
S31508000500194610467FEA655C1CBF0B46024650EA50
S31508000510013406BF52EA033591EA030F41F400217C
S3150800052030BD00BF90F0000F04BF0021704730B502
S315080005304FF4806404F132044FF000054FF00001D7
S3150800054050E700BF90F0000F04BF0021704730B598
S315080005504FF4806404F1320410F0004548BF40426D
S315080005604FF000013EE700BF42004FEAE2014FEAC2
S3150800057031014FEA02701FBF12F07F4393F07F4F9D
S3150800058081F06051704732F07F4208BF704793F0A0
S315080005907F4F04BF41F40021704730B54FF46074B3
S315080005A001F0004521F000411CE700BF50EA0102B6
S315080005B008BF704730B54FF000050AE050EA01025F
S315080005C008BF704730B511F0004502D5404261EBCF
S315080005D041014FF4806404F132045FEA915C3FF410
S315080005E0D8AE4FF003025FEADC0C18BF03325FEAAD
S315080005F0DC0C18BF033202EBDC02C2F1200300FA5E
S3150800060003FC20FA02F001FA03FE40EA0E0021FA82
S3150800061002F11444BDE600BF70B54FF0FF0C4CF470
S31508000620E06C1CEA11541DBF1CEA135594EA0C0F22
S3150800063095EA0C0F00F0DEF82C4481EA030621EA5D
S315080006404C5123EA4C5350EA013518BF52EA033598
S3150800065041F4801143F4801338D0A0FB02CE4FF04A
S315080006600005E1FB02E506F00042E0FB03E54FF07A
S315080006700006E1FB03569CF0000F18BF4EF0010E72
S31508000680A4F1FF04B6F5007F64F5407404D25FEA6E
S315080006904E0E6D4146EB060642EAC62141EA555121
S315080006A04FEAC52040EA5E504FEACE2EB4F1FD0C63
S315080006B088BFBCF5E06F1ED8BEF1004F08BF5FEAE1
S315080006C0500E50F1000041EB045170BD06F0004693
S315080006D046EA010140EA020081EA0301B4EB5C0440
S315080006E0C2BFD4EB0C0541EA045170BD41F4801138
S315080006F04FF0000E013C00F3AB8014F1360FDEBF5D
S31508000700002001F0004170BDC4F10004203C35DA38
S315080007100C341BDC04F11404C4F1200500FA05F3BB
S3150800072020FA04F001FA05F240EA020001F000425C
S3150800073021F0004110EBD37021FA04F642EB0601D2
S315080007405EEA430E08BF20EAD37070BDC4F10C04FC
S31508000750C4F1200500FA04F320FA05F001FA04F2C0
S3150800076040EA020001F0004110EBD37041F10001AC
S315080007705EEA430E08BF20EAD37070BDC4F12005B7
S3150800078000FA05F24EEA020E20FA04F301FA05F21F
S3150800079043EA020321FA04F001F0004121FA04F2C7
S315080007A020EA020000EBD3705EEA430E08BF20EA97
S315080007B0D37070BD94F0000F0FD101F000464000D1
S315080007C041EB010111F4801F08BF013CF7D041EA53
S315080007D0060195F0000F18BF704703F00046520057
S315080007E043EB030313F4801F08BF013DF7D043EA28
S315080007F00603704794EA0C0F0CEA135518BF95EADE
S315080008000C0F0CD050EA410618BF52EA4306D1D164
S3150800081081EA030101F000414FF0000070BD50EA83
S31508000820410606BF1046194652EA430619D094EA0D
S315080008300C0F02D150EA013613D195EA0C0F05D1F7
S3150800084052EA03361CBF104619460AD181EA03014B
S3150800085001F0004141F0FE4141F470014FF0000003
S3150800086070BD41F0FE4141F4780170BD70B54FF09E
S31508000870FF0C4CF4E06C1CEA11541DBF1CEA13551E
S3150800088094EA0C0F95EA0C0F00F0A7F8A4EB050400
S3150800089081EA030E52EA03354FEA013100F08880F7
S315080008A04FEA03334FF0805545EA131343EA1263C0
S315080008B04FEA022245EA111545EA10654FEA002675
S315080008C00EF000419D4208BF964244F1FD0404F52E
S315080008D0407402D25B084FEA3202B61A65EB03058A
S315080008E05B084FEA32024FF480104FF4002CB6EB47
S315080008F0020E75EB030E22BFB61A754640EA0C00C7
S315080009005B084FEA3202B6EB020E75EB030E22BF06
S31508000910B61A754640EA5C005B084FEA3202B6EB47
S31508000920020E75EB030E22BFB61A754640EA9C0006
S315080009305B084FEA3202B6EB020E75EB030E22BFD6
S31508000940B61A754640EADC0055EA060E18D04FEA94
S31508000950051545EA16754FEA06164FEAC30343EA34
S3150800096052734FEAC2025FEA1C1CC0D111F4801F01
S315080009700BD141EA00014FF000004FF0004CB6E7FA
S3150800098011F4801F04BF01430020B4F1FD0C88BF99
S31508000990BCF5E06F3FF6AFAEB5EB030C04BFB6EBA4
S315080009A0020C5FEA500C50F1000041EB045170BD97
S315080009B00EF0004E4EEA113114EB5C04C2BFD4EBC4
S315080009C00C0541EA045170BD41F480114FF0000E48
S315080009D0013C90E645EA060E8DE60CEA135594EAC4
S315080009E00C0F08BF95EA0C0F3FF43BAF94EA0C0FC7
S315080009F00AD150EA01347FF434AF95EA0C0F7FF43C
S31508000A0025AF104619462CE795EA0C0F06D152EA8F
S31508000A1003353FF4FDAE1046194622E750EA410673
S31508000A2018BF52EA43067FF4C5AE50EA41047FF484
S31508000A300DAF52EA43057FF4EBAE12E74A0011D236
S31508000A4012F5001211D20DD56FF47873B3EB62521A
S31508000A500ED44FEAC12343F0004343EA505323FA26
S31508000A6002F070474FF00000704750EA013002D19B
S31508000A704FF0FF3070474FF0000070477BB972B9EE
S31508000A800029BEBF00204FF0004106E008BF00283D
S31508000A901CBF6FF000414FF0FF3000F0D3B9ADF145
S31508000AA0080C6DE904CE002909DB002B1ADB00F0DF
S31508000AB04DF8DDF804E0DDE9022304B07047404252
S31508000AC061EB4101002B1BDB00F040F8DDF804E088
S31508000AD0DDE9022304B0404261EB4101524263EB77
S31508000AE043037047524263EB430300F02FF8DDF8E7
S31508000AF004E0DDE9022304B0404261EB410170479E
S31508000B00524263EB430300F021F8DDF804E0DDE927
S31508000B10022304B0524263EB4303704753B94AB900
S31508000B20002908BF00281CBF4FF0FF314FF0FF30E7
S31508000B3000F088B9ADF1080C6DE904CE00F006F8AE
S31508000B40DDF804E0DDE9022304B070472DE9F0473B
S31508000B50089D8E4604468846002B4AD18A42174687
S31508000B6062D9B2FA82F64EB1C6F1200301FA06F846
S31508000B7020FA03F3B74043EA0808B4404FEA174E91
S31508000B801FFA87FCB8FBFEF1230C0EFB118843EA1B
S31508000B90084301FB0CF29A4209D9FB1801F1FF3010
S31508000BA080F0EA809A4240F2E78002393B449A1A7A
S31508000BB0A3B2B2FBFEF00EFB102243EA024300FB8F
S31508000BC00CFC9C4509D9FB1800F1FF3280F0D68051
S31508000BD09C4540F2D3803B44023840EA0140A3EBEF
S31508000BE00C0300211DB1F3400022C5E90032BDE81F
S31508000BF0F0878B4205D90DB1C5E9000100210846E9
S31508000C00F5E7B3FA83F1002946D1734502D3824248
S31508000C1000F20581841A6EEB030201209046002D2E
S31508000C20E5D0C5E90048E2E7002A00F09080B2FA6C
S31508000C3082F6002E40F0A4808A1A030C4FEA174E5B
S31508000C4080B2BCB20121B2FBFEFC0EFB1C2243EAB9
S31508000C50024304FB0CF29A4207D9FB180CF1FF3841
S31508000C6002D29A4200F2E080C4469B1AB3FBFEF217
S31508000C700EFB123340EA034302FB04F49C4207D9F5
S31508000C80FB1802F1FF3002D29C4200F2CA800246EB
S31508000C901B1B42EA0C40A5E7C1F120068B4022FA4D
S31508000CA006F71F430EFA01F420FA06F32EFA06FE9B
S31508000CB04FEA1749234300FA01F81FFA87FCBEFBDF
S31508000CC0F9F01C0C09FB10EE44EA0E4400FB0CFE7E
S31508000CD0A64502FA01F209D93C1900F1FF3A80F05B
S31508000CE09C80A64540F2998002383C44A4EB0E0449
S31508000CF01FFA83FEB4FBF9F309FB13444EEA0444D6
S31508000D0003FB0CFCA44508D93C1903F1FF3E80F00F
S31508000D108280A4457FD9023B3C4443EA0040A4EBC9
S31508000D200C04A0FB02EC64457346E14662D35FD02F
S31508000D305DB1B8EB030264EB090404FA06F622FA7D
S31508000D4001F31E43CC40C5E9006400214FE7B1FB1F
S31508000D50F2FC010C41EA0E4180B240EA01423B46F0
S31508000D6038463C46B846BE462026B1FBF7F1A2EB0C
S31508000D70080241EA0C4166E7014618E710462CE7E7
S31508000D80C6F120022EFA02F3B740B14020FA02F269
S31508000D904FEA174E0A43B3FBFEF8BCB20EFB1833F4
S31508000DA0110C41EA034108FB04F9B04089454FEAB2
S31508000DB0104380B23ED9791808F1FF3C01D2894523
S31508000DC01FD8A1EB0901B1FBFEF909FB04F80EFBDC
S31508000DD0191192B242EA0142424529D2BA1809F1DA
S31508000DE0FF31C4D24245C2D2A9F102013A44BEE754
S31508000DF0F0459DD2BEEB02036CEB070C0138E146C9
S31508000E0096E7A7EB09094944A8F1020CB1FBFEF9DC
S31508000E1009FB04F8DBE773467FE7504666E70846B2
S31508000E20FDE63B44023A33E7ACF1020C3B441CE7CF
S31508000E3049469CE7A1EB0901C446B1FBFEF909FB4B
S31508000E4004F8C4E7704700BF80B500AF002202214E
S31508000E50034802F0F9F8012001F02AFE00BF80BD20
S31508000E600008004880B500AF01220221034802F0BD
S31508000E70EBF8012001F01CFE00BF80BD0008004809
S31508000E8080B582B000AF0346FB7100BF084B1B68F4
S31508000E909B6803F00203022BF8D1F91D6423012293
S31508000EA0034803F0ACFC00BF0837BD4680BD00BF51
S31508000EB00C01002080B582B000AF78600B467B80BD
S31508000EC000BF084B1B689B6803F00203022BF8D18E
S31508000ED07A8864237968034803F091FC00BF0837D1
S31508000EE0BD4680BD0C01002080B584B002AFFF234B
S31508000EF0FB7100BF094B1B689B6803F00203022BBA
S31508000F00F8D1BA1DF91D642300930123034803F0A1
S31508000F10ECFDBB7918460837BD4680BD0C0100209C
S31508000F2080B582B000AF7860FFF7DEFF03461A4649
S31508000F307B681A7000BF0837BD4680BD80B582B091
S31508000F4000AF0A4B4FF4FA721A80FFF7CDFF03463B
S31508000F50FB71FB79FF2B03D0044B1B88002BF4D1C4
S31508000F60FB7918460837BD4680BD00BF060100203C
S31508000F7080B584B000AF41F6FF73FB60FFF772FFE0
S31508000F800023BB6005E0FF20FFF77AFFBB6801334B
S31508000F90BB60BB68092BF6DDFFF756FF40233B70A5
S31508000FA000237B700023BB700023FB7000233B717A
S31508000FB095237B713B4606211846FFF77BFF02E027
S31508000FC0FB68013BFB60FFF78FFF0346012B02D04E
S31508000FD0FB68002BF4D1FFF745FFFF20FFF750FF12
S31508000FE0034B01221A7000BF1037BD4680BD00BFF3
S31508000FF00901002080B400AF034B00221A7000BF1D
S31508001000BD465DF8047B70470901002080B400AF37
S31508001010034B1B781846BD465DF8047B704700BF36
S315080010200901002080B584B000AF78603960134BA1
S31508001030C8221A80FFF758FF0346FB73FB7BFF2B7A
S3150800104003D10E4B1B88002BF4D1FB7BFE2B01D062
S3150800105000230FE07B685A1C7A601846FFF760FF8A
S315080010603B685A1E3A60002BF4D1FFF73DFFFFF7A5
S315080010703BFF012318461037BD4680BD04010020FA
S3150800108080B584B000AF78600B46FB700023BB7355
S31508001090FFF754FF0346FF2B01D000232FE0FB7810
S315080010A01846FFF7EDFEFB78FD2B20D04FF40071B4
S315080010B07868FFF7FFFEFFF717FFFFF715FF0BE04E
S315080010C0FFF712FF0346FB73FB7B03F01F03052B99
S315080010D006D0BB7B0133BB73BB7B402BF0D900E04A
S315080010E000BF00BFFFF700FF0346002BFAD0FB7BCB
S315080010F003F01F03052B01D1012300E00023184646
S315080011001037BD4680BD80B584B000AF0346396050
S31508001110FB71FFF713FF0346FF2B01D0FF2342E0C5
S31508001120FB791846FFF7ACFE3B681B0EDBB2184688
S31508001130FFF7A6FE3B681B0CDBB21846FFF7A0FEBE
S315080011403B681B0ADBB21846FFF79AFE3B68DBB220
S315080011501846FFF795FEFB79402B02D19523FB73C2
S3150800116007E0FB79482B02D18723FB7301E00123B3
S31508001170FB73FB7B1846FFF783FEFB794C2B01D1EB
S31508001180FFF7B2FE0A23BB73FFF7AEFE03467B7377
S3150800119097F90D30002B05DABB7B013BBB73BB7B94
S315080011A0002BF1D17B7B18461037BD4680BD000069
S315080011B090B585B000AF0346FB71FB79002B01D0D3
S315080011C00123D1E06A4B1B78DBB203F00203002B44
S315080011D003D0674B1B78DBB2C6E0FFF7C9FEFFF703
S315080011E033FE0023BB7300214020FFF78CFF034624
S315080011F0012B40F0A1805F4B4FF47A721A804FF4AE
S31508001200D5714820FFF77FFF0346012B55D10023F0
S31508001210FB730CE0FC7BFFF767FE03461A4604F1F6
S3150800122010033B4403F8082CFB7B0133FB73FB7B61
S31508001230032BEFD9BB7A012B7ED1FB7AAA2B7BD164
S3150800124000217720FFF75FFF0346012B07D84FF0F1
S3150800125080416920FFF757FF0346002B04D0454B12
S315080012601B88002BECD100E000BF424B1B88002BEB
S3150800127062D000217A20FFF746FF0346002B5BD198
S315080012800023FB730CE0FC7BFFF72EFE03461A4691
S3150800129004F110033B4403F8082CFB7B0133FB7372
S315080012A0FB7B032BEFD93B7A03F04003002B01D0DD
S315080012B00C2300E00423BB733EE000217720FFF7F0
S315080012C022FF0346012B08D800216920FFF71BFFE0
S315080012D00346012B01D8022300E00123BB73BB7B25
S315080012E0022B0ED100217720FFF70DFF0346012BB5
S315080012F00ED800216920FFF706FF0346002B07D109
S315080013000CE000214120FFF7FEFE0346002B04D027
S31508001310184B1B88002BE2D100E000BF154B1B8839
S31508001320002B07D04FF400715020FFF7ECFE034660
S31508001330002B01D00023BB730F4ABB7B1370FFF74A
S3150800134091FDFFF7D1FDBB7B002B08D0084B1B781E
S31508001350DBB223F00103DAB2054B1A7001E0FFF79E
S3150800136049FE034B1B78DBB218461437BD4690BDC1
S3150800137000000020040100200801002080B483B08A
S3150800138000AF0346FB71FB79002B01D0012302E075
S31508001390044B1B78DBB218460C37BD465DF8047B58
S315080013A0704700BF0000002080B584B000AFB96068
S315080013B07A603B600346FB73FB7B002B02D13B68DC
S315080013C0002B01D1042351E02A4B1B78DBB203F032
S315080013D00103002B01D0032348E0274B1B7803F0B9
S315080013E00403002B02D17B685B027B60FFF72CFDB0
S315080013F03B68012B11D179685120FFF784FE03461B
S31508001400002B29D14FF40071B868FFF70BFE03468D
S31508001410002B21D000233B601EE079685220FFF79D
S3150800142072FE0346002B17D14FF40071B868FFF718
S31508001430F9FD0346002B0AD0BB6803F50073BB60B1
S315080014403B68013B3B603B68002BEDD100E000BFE9
S3150800145000214C20FFF757FEFFF704FDFFF744FD78
S315080014603B68002B14BF01230023DBB21846103754
S31508001470BD4680BD000000200801002080B584B06C
S3150800148000AFB9607A603B600346FB73FB7B002BB9
S3150800149002D13B68002B01D104236BE0374B1B7844
S315080014A0DBB203F00103002B01D0032362E0334BC8
S315080014B01B78DBB203F00403002B01D0022359E0AA
S315080014C02F4B1B7803F00403002B02D17B685B02C9
S315080014D07B60FFF7B9FC3B68012B10D1796858206F
S315080014E0FFF711FE0346002B3AD1FE21B868FFF735
S315080014F0C7FD0346002B33D000233B6030E0204B6A
S315080015001B7803F00203002B07D000217720FFF792
S31508001510FAFD39685720FFF7F6FD79685920FFF775
S31508001520F2FD0346002B1BD1FC21B868FFF7A8FD86
S315080015300346002B0AD0BB6803F50073BB603B6803
S31508001540013B3B603B68002BEED100E000BFFD216C
S315080015500020FFF795FD0346002B01D101233B60D0
S31508001560FFF780FCFFF7C0FC3B68002B14BF012384
S315080015700023DBB218461037BD4680BD00000020A8
S315080015800801002090B58BB000AF03463A60FB71A6
S315080015900B46BB713B683B62FB79002B01D00423E9
S315080015A013E1012387F82730BB79052B24D13B6A41
S315080015B01B78022B12D0022B1ADC002B02D0012B2F
S315080015C006D015E0FFF716FD002387F82730FAE066
S315080015D0FFF7CEFC002387F82730F4E03B6A5C1C53
S315080015E0FFF714FD03462370002387F82730EAE047
S315080015F0042387F82730E6E0764B1B78DBB203F046
S315080016000103002B01D00323DFE0FFF71DFCBB79A4
S315080016100D2B00F2C98001A252F823F01317000817
S315080016205516000803170008A9170008A917000887
S31508001630A9170008A9170008A9170008A91700087C
S31508001640A9170008A9170008251700084917000850
S315080016506D17000800214920FFF755FD0346002BAA
S3150800166040F0A68007F10C0310211846FFF7DAFCB4
S315080016700346002B00F09C803B7B9B09DBB2012BC9
S315080016800DD17B7D1A463B7D1B029BB213449BB250
S315080016900133FB83FB8B9A023B681A602DE07B7C47
S315080016A003F00F03DAB2BB7DDB09DBB21344DAB20F
S315080016B07B7D5B00DBB203F00603DBB21344DBB2CF
S315080016C0023387F826303B7D9B09DBB21A46FB7C42
S315080016D09B009BB213449AB2BB7C9B029BB203F459
S315080016E040639BB213449BB20133FB83FA8B97F892
S315080016F02630093B9A403B681A60002387F8273052
S3150800170056E03B684FF400721A80002387F82730AA
S3150800171055E0FFF713FC0346FF2B4BD1002387F850
S31508001720273047E000214920FFF7EDFC0346002B50
S3150800173042D11021386AFFF775FC0346002B3BD0CF
S31508001740002387F8273037E000214A20FFF7DBFC23
S315080017500346002B32D11021386AFFF763FC034693
S31508001760002B2BD0002387F8273027E000217A208A
S31508001770FFF7C9FC0346002B16D1002387F826304D
S315080017800BE03C6A631C3B62FFF7AEFB0346237023
S3150800179097F82630013387F8263097F82630032B3A
S315080017A0EFD9002387F82730042387F8273006E087
S315080017B000BF04E000BF02E000BF00E000BFFFF783
S315080017C051FBFFF791FB97F8273018462C37BD4693
S315080017D090BD00BF0000002080B483B000AF7860E1
S315080017E04FF06043D3F8803E03F00103002B13D07B
S315080017F04FF06043D3F8003E03F00103002B0BD0F3
S3150800180000E000BF4FF060431B68002BF9D04FF093
S3150800181060437A68D2B21A707B6818460C37BD46A0
S315080018205DF8047B704780B586B000AFF860B96094
S315080018307A6000237B6100237B6109E0BB685A1C40
S31508001840BA601B781846FFF7C7FF7B6901337B61CF
S315080018507A697B689A42F1DB7B6818461837BD4679
S3150800186080BD00000000000090B587B000AF0023DF
S315080018707B6101F0A1F800F0C9F800F00BFA00F05E
S3150800188017F904F07BFE00F0D5F900F04FF900F0E7
S31508001890A1F900F06DFA00F065FE00F005FF386169
S315080018A001F0FAF8F860524803F0FAFC00224FF407
S315080018B08041504801F0C8FB01224FF480414D4851
S315080018C001F0C2FB4A4B1B6800225A6200BF484B14
S315080018D01B685B6A092BFAD900224FF480414548F8
S315080018E001F0B2FB01F0D8F80346434A136000BF83
S315080018F04FF400513F4801F08FFB0346002B08D1F7
S315080019003D4B1B6803F10A0401F0C6F803469C42E6
S31508001910EED8374B1B685B6A384A136001F0BCF88F
S315080019200346354A136000BF4FF40051314801F0B1
S3150800193073FB0346002B08D02F4B1B6803F13204B8
S3150800194001F0AAF803469C42EED8294B1B685B6A4D
S315080019502B4A136001F0A0F80246FB68D31ABB6055
S31508001960BB68284AA2FB03239B093A6913447B6098
S31508001970234B1A68214B1B68D31A1846FEF7D2FD6B
S3150800198019A3D3E90023FEF747FE02460B46104685
S3150800199019464FF000024FF08043FEF767FF0246F4
S315080019A00B4610461946FFF749F803469AB2164BF6
S315080019B01A80154B1B887968184600F0B5FA7B69BA
S315080019C001337B617B690A2B04D900F085FA00F0A4
S315080019D0EBFA04E04FF47A7001F06AF86CE700233A
S315080019E018461C37BD4690BD9CC420B07268A13FFE
S315080019F070010020000400489C230020A02300203A
S31508001A00A4230020D34D6210A823002080B596B0E9
S31508001A1000AF07F1140344220021184608F07EFAA5
S31508001A203B4600221A605A609A60DA601A614FF4DF
S31508001A30007001F02FFB0346002B01D000F0C4FA1A
S31508001A4010237B610123FB6200233B6360237B63D6
S31508001A500223FB6301233B6401237B641423BB64D9
S31508001A600723FB6402233B6502237B6507F1140306
S31508001A70184601F065FB0346002B01D000F0A4FAD6
S31508001A800F233B6003237B600023BB600023FB60BE
S31508001A9000233B613B460221184601F02DFF034611
S31508001AA0002B01D000F090FA00BF5837BD4680BD24
S31508001AB080B500AF1B4B1C4A1A601A4B4FF4827252
S31508001AC05A60184B00229A60164B4FF4E062DA60AF
S31508001AD0144B00221A61134B00225A61114B4FF422
S31508001AE000729A610F4B0022DA610E4B00221A62CD
S31508001AF00C4B00225A620B4B00229A62094B0722B2
S31508001B00DA62084B00221A63064B08225A63054814
S31508001B1002F0D2FD0346002B01D000F055FA00BFB3
S31508001B2080BD00BF0C0100200038004080B588B099
S31508001B3000AF07F1100300221A605A609A60DA6053
S31508001B403B1D00221A605A609A60204B204A1A6090
S31508001B501E4B4F225A601D4B00229A601B4B4FF6B4
S31508001B60FF72DA60194B00221A61184B00225A617B
S31508001B70164B00229A61154803F03AFB0346002BE0
S31508001B8001D000F021FA4FF480533B6107F11003AE
S31508001B9019460E4803F0ECFB0346002B01D000F073
S31508001BA013FA00237B600023BB600023FB603B1D08
S31508001BB01946064803F0E6FD0346002B01D000F05F
S31508001BC003FA00BF2037BD4680BD00BF7001002064
S31508001BD0002C014080B500AF144B154A1A60134B10
S31508001BE04FF4E1325A60114B00229A600F4B0022E3
S31508001BF0DA600E4B00221A610C4B0C225A610B4B11
S31508001C0000229A61094B0022DA61084B00221A6207
S31508001C10064B00225A62054803F03CFE0346002B99
S31508001C2001D000F0D1F900BF80BD00BFBC01002083
S31508001C300038014080B500AF144B154A1A60134BA3
S31508001C404FF4E1325A60114B00229A600F4B002282
S31508001C50DA600E4B00221A610C4B0C225A610B4BB0
S31508001C6000229A61094B0022DA61084B00221A62A7
S31508001C70064B00225A62054803F00CFE0346002B69
S31508001C8001D000F0A1F900BF80BD00BF44020020CA
S31508001C900044004080B588B000AF07F10C0300226D
S31508001CA01A605A609A60DA601A612E4BDB6C2D4A0C
S31508001CB043F00403D3642B4BDB6C03F00403BB60D3
S31508001CC0BB68284BDB6C274A43F00103D364254BDA
S31508001CD0DB6C03F001037B607B68224BDB6C214ADB
S31508001CE043F00203D3641F4BDB6C03F002033B6033
S31508001CF03B68002202211C4801F0A6F900224FF495
S31508001D0080411A4801F0A0F90223FB6001233B61D8
S31508001D1000237B610023BB6107F10C0319461248B7
S31508001D2000F0D0FF4FF40053FB6000233B61002313
S31508001D307B6107F10C0319460C4800F0C3FF4FF40A
S31508001D408043FB6001233B6100237B610023BB6169
S31508001D5007F10C031946054800F0B4FF00BF203709
S31508001D60BD4680BD00100240000800480004004837
S31508001D7080B584B000AF01224749484806F046FEC0
S31508001D8003461A46464B1A70454B1B78002B05D05E
S31508001D90434B1B781946434807F054FF424807F05F
S31508001DA0B9FF3A1D3B4619463B4807F0D8FB7B6806
S31508001DB0DB69023B7A68528902FB03F31846FEF791
S31508001DC0B1FB4FF00002394BFEF726FC02460B46E4
S31508001DD010461946FEF732FE0346FB607B685B89B0
S31508001DE01A463B6802FB03F31846FEF79BFB4FF0C7
S31508001DF000022E4BFEF710FC02460B46104619460B
S31508001E00FEF71CFE0346BB60BA68F968284807F067
S31508001E1019FF0B222749284806F03EFE03461A46B4
S31508001E201F4B1A701E4B1B78002B05D01C4B1B78BA
S31508001E301946224807F006FF214807F06BFF1E499E
S31508001E40204807F0F6FC1C4807F05FFB01221949F9
S31508001E50194806F021FE03461A46114B1A70104B14
S31508001E601B78002B05D00E4B1B781946164807F031
S31508001E70E9FE114A6421154807F026FC134914485F
S31508001E8007F0E0FE0C4807F040FB124807F042FF57
S31508001E9000BF1037BD4680BD50CB0008CC020020DD
S31508001EA03423002054CB000870CB00080000E03F24
S31508001EB094CB0008C4CB000804130020D0CB00083C
S31508001EC0F4CB000808CC000838CC000838230020DA
S31508001ED054CC000864CC000880B500AF01220D4937
S31508001EE00D4806F0D9FD03461A460C4B1A7003E056
S31508001EF00B490C4807F0A6FE074A6421084807F074
S31508001F00E3FB0346002BF3D1034807F0FEFA00BFB4
S31508001F1080BD00BFC4CB0008041300203423002072
S31508001F203823002078CC000880B592B000AF7860DE
S31508001F303960396800200A460346C7E9022307F1D3
S31508001F400803184608F008F8786407F110007B6C57
S31508001F500F4A322108F0E8FD07F110027B680D49A7
S31508001F600D4807F0DFFE32220C490D4806F094FDB5
S31508001F7003461A460B4B1A700949074807F059FCDD
S31508001F80074807F0C2FA00BF4837BD4680BD00BF04
S31508001F908CCC0008A0CC0008AC230020C4CB0008D9
S31508001FA0041300203423002080B500AF0022044922
S31508001FB0002006F02BFD034807F0ACFE00BF80BDED
S31508001FC050CB0008C4CC000880B400AF72B600BF7E
S31508001FD000BFFDE780B483B000AF0F4B1B6E0E4AFF
S31508001FE043F0010313660C4B1B6E03F001037B6081
S31508001FF07B68094B9B6D084A43F080539365064BF3
S315080020009B6D03F080533B603B6800BF0C37BD46B1
S315080020105DF8047B704700BF0010024080B58AB0A7
S3150800202000AF786007F1140300221A605A609A60BC
S31508002030DA601A617B681B68254A934244D1254BAE
S315080020409B6D244A43F480439365224B9B6D03F4AE
S3150800205080433B613B691F4BDB6C1E4A43F004031C
S31508002060D3641C4BDB6C03F00403FB60FB68194B61
S31508002070DB6C184A43F00203D364164BDB6C03F09F
S315080020800203BB60BB680C237B610223BB61002390
S31508002090FB6103233B6205237B6207F114031946A0
S315080020A00D4800F00FFE4FF480637B610223BB618D
S315080020B00023FB6103233B6205237B6207F11403BC
S315080020C01946064800F0FEFD00BF2837BD4680BD0C
S315080020D0003800400010024000080048000400488C
S315080020E080B485B000AF78607B681B680A4A934263
S315080020F00BD10A4B1B6E094A43F400631366074B60
S315080021001B6E03F40063FB60FB6800BF1437BD4613
S315080021105DF8047B704700BF002C014000100240A8
S3150800212080B5AEB000AF786007F1A40300221A604C
S315080021305A609A60DA601A6107F11C038822002146
S31508002140184607F0EBFE7B681B68434A93423DD16D
S315080021500123FB6100237B6507F11C03184601F088
S31508002160EFFD0346002B01D0FFF72EFF3B4B1B6EFE
S315080021703A4A43F480431366384B1B6E03F4804394
S31508002180BB61BB69354BDB6C344A43F00103D3644E
S31508002190324BDB6C03F001037B617B694FF4C06350
S315080021A0C7F8A4300223C7F8A8300023C7F8AC3014
S315080021B00323C7F8B0300723C7F8B43007F1A403E0
S315080021C019464FF0904000F07DFD40E07B681B68A3
S315080021D0234A93423BD10223FB610023BB6507F1E7
S315080021E01C03184601F0ACFD0346002B01D0FFF78F
S315080021F0EBFE1A4B9B6D194A43F400339365174B54
S315080022009B6D03F400333B613B69144BDB6C134A4B
S3150800221043F00103D364114BDB6C03F00103FB604D
S31508002220FB680C23C7F8A4300223C7F8A83000239C
S31508002230C7F8AC300323C7F8B0300723C7F8B43063
S3150800224007F1A40319464FF0904000F03BFD00BF8C
S31508002250B837BD4680BD00BF0038014000100240B7
S315080022600044004080B400AF00BFFDE780B400AF73
S3150800227000BFFDE780B400AF00BFFDE780B400AF44
S3150800228000BFFDE780B400AF00BFFDE780B400AF34
S3150800229000BFBD465DF8047B704780B400AF00BF41
S315080022A0BD465DF8047B704780B400AF00BFBD46ED
S315080022B05DF8047B7047000080B500AF0B4B1B88A8
S315080022C0002B05D0094B1B88013B9AB2074B1A8095
S315080022D0074B1B88002B05D0054B1B88013B9AB280
S315080022E0034B1A8000F0C4FB00BF80BD0401002028
S315080022F00601002080B400AF01231846BD465DF8EC
S31508002300047B704780B582B000AF7860396008F00A
S3150800231087FE034616221A604FF0FF331846083721
S31508002320BD4680BD80B582B000AF78604FF0FF3102
S315080023307868FFF7E7FF00BFFDE780B586B000AF16
S31508002340F860B9607A6000237B610AE0AFF3008029
S315080023500146BB685A1CBA60CAB21A707B69013357
S315080023607B617A697B689A42F0DB7B681846183786
S31508002370BD4680BD80B483B000AF78604FF0FF33B0
S3150800238018460C37BD465DF8047B704780B483B0A9
S3150800239000AF786039603B684FF400525A600023FA
S315080023A018460C37BD465DF8047B704780B483B089
S315080023B000AF7860012318460C37BD465DF8047BEC
S315080023C0704780B485B000AFF860B9607A600023C2
S315080023D018461437BD465DF8047B704780B586B04D
S315080023E000AF7860144A154BD31A7B617B693B6151
S315080023F0134B1B68002B02D1114B124A1A60104B63
S315080024001A687B6813443A699A4207D208F008FEAC
S3150800241003460C221A604FF0FF3309E0084B1B688D
S31508002420FB60074B1A687B681344054A1360FB6810
S3150800243018461837BD4680BD0080012000040000FC
S3150800244014240020C827002080B400AF064BD3F818
S315080024508830054A43F47003C2F8883000BFBD4689
S315080024605DF8047B704700BF00ED00E080B5D0B092
S3150800247000AF07F5A073A3F59E73186007F5A07360
S31508002480A3F5A073196007F5A073A3F59A73184608
S315080024904FF496731A46002107F040FD00F0FCFA47
S315080024A0C7F838010023A7F83E3136E007F10B01DB
S315080024B001230122284803F0C4FA0346002B2CD135
S315080024C0B7F83E315A1CA7F83E211A4607F5A073FD
S315080024D0A3F23513197807F5A073A3F59A739954DF
S315080024E0B7F83E3107F5A072A2F59A720021D154C9
S315080024F007F5A073A3F59E7307F10C021968104639
S3150800250007F014FD0346002B07D007F10C03194604
S31508002510124807F097FB012318E000F0BDFA0246BF
S31508002520D7F83831D31A07F5A072A2F5A072126847
S315080025309A4204D9B7F83E31B3F5957FB6D907F173
S315080025400C031946064807F07DFB0023184607F5D5
S31508002550A077BD4680BD00BFBC010020E8CC0008BE
S31508002560F8CC000880B5C0B000AF3B1DC8220021DA
S31508002570184607F0D3FC07F1CC033F49184607F085
S31508002580D1FB07F1CC031846FDF72CFE03469AB299
S3150800259007F1CC014FF47A73384803F0C9F9391DAD
S315080025A064234FF40072354803F04BFA3B1D194675
S315080025B0334807F047FB4FF4FA7000F079FA3148D0
S315080025C007F0A8FB07F1CC032F49184607F0AAFB2A
S315080025D03B1DC8220021184607F0A0FC07F1CC03D2
S315080025E01846FDF7FFFD03469AB207F1CC014FF4F2
S315080025F07A73224803F09CF9391D4FF47A73C8227E
S315080026001E4803F01EFA3B1D1946204807F01AFB20
S315080026101F4807F07FFB07F1CC031E49184607F051
S3150800262081FB07F1CC031846FDF7DCFD03469AB299
S3150800263007F1CC014FF47A73104803F079F943F6A1
S3150800264098211548FFF712FF0346002B07D143F6DA
S3150800265098211248FFF70AFF0346002B03D01048BB
S3150800266007F058FB03E00F4807F054FB00BF00BF14
S3150800267007F58077BD4680BD18CD0008BC0100204F
S3150800268024CD00083CCD00085CCD000870CD0008BC
S3150800269088CD0008A8CD0008CCCD0008D0CD00080C
S315080026A0DCCD0008FCCD000880B5FEB000AF07F50C
S315080026B0FC73A3F5E27318464FF496731A46002185
S315080026C007F02CFC07F5FC73A3F5FA7318463023BC
S315080026D01A46002107F022FC07F5FC73A3F5FA73E6
S315080026E01B221A7007F5B0739149184607F01AFBB2
S315080026F007F5B0731846FDF775FD03469AB207F558
S31508002700B0714FF47A738B4803F012F941F28831AD
S315080027108948FFF7ABFE0346002B04D1874807F02C
S31508002720F9FA0023FFE007F5B0738549184607F064
S31508002730F9FA07F5B0731846FDF754FD03469AB241
S3150800274007F5B0714FF47A737A4803F0F1F840F65A
S31508002750B8317C48FFF78AFE0346002B04D17A4835
S3150800276007F0D8FA0023DEE0391D4FF47A733022D9
S31508002770704803F0DDF840F6B8317448FFF776FE86
S315080027800346002B04D1724807F0C4FA0023CAE0B6
S3150800279000F082F9C7F8F0010023A7F8F63129E01E
S315080027A0F91C0A230122634803F04BF90346002B60
S315080027B020D1B7F8F6315A1CA7F8F6211A4607F5BC
S315080027C0FC73A3F2F513197807F5FC73A3F5E27306
S315080027D09954B7F8F63107F5FC72A2F5E2720021B2
S315080027E0D15407F134035B49184607F09FFB0346AB
S315080027F0002B0FD100F050F90246D7F8F031D31A62
S3150800280041F28732934206D8B7F8F631B3F5957F89
S31508002810C6D900E000BF07F134034E49184607F051
S3150800282085FBC7F8EC01D7F8EC31002B77D0D7F841
S31508002830EC310833C7F8EC3107F13403D7F8EC214B
S31508002840D31A03F12F02B7F8F6319A423DDB2BE093
S31508002850F91C0A230122374803F0F3F80346002B34
S3150800286022D1B7F8F6315A1CA7F8F6211A4607F509
S31508002870FC73A3F2F513197807F5FC73A3F5E27355
S315080028809954B7F8F63107F5FC72A2F5E272002101
S31508002890D15407F13403D7F8EC21D31A03F12F02E8
S315080028A0B7F8F6319A420FDB00F0F6F80246D7F889
S315080028B0F031D31A41F28732934206D8B7F8F63187
S315080028C0B3F5967FC4D300E000BFD7F8EC31C7F85C
S315080028D0E831D7F8E83128331B781A06D7F8E831F3
S315080028E029331B781B041A43D7F8E8312A331B7897
S315080028F01B021343D7F8E8212B3212781343C7F883
S31508002900E431D7F8E421144B1344C7F8E031D7F87B
S31508002910E011124807F096F9D7F8E03103E01048BD
S3150800292007F0F8F90023184607F5FC77BD4680BD81
S3150800293018CE0008BC010020CCCD000840CE000807
S3150800294054CE000864CE000868CE000888CE000879
S3150800295090CE0008ACCE00088081557CB8CE000821
S31508002960D0CE0008DFF834D0FFF76EFD0C480D49CD
S315080029700D4A002302E0D458C4500433C4188C42CC
S31508002980F9D30A4A0A4C002301E013600432A24232
S31508002990FBD308F04BFBFEF767FFFEE7008001203C
S315080029A000000020E80000201CD90008E8000020EC
S315080029B0C8270020FEE7000080B582B000AF0023DC
S315080029C0FB710C4B1B680B4A43F48073136003209E
S315080029D000F044F9002000F00FF80346002B02D05F
S315080029E00123FB7101E0FFF7F5FAFB791846083772
S315080029F0BD4680BD0020024080B584B000AF786037
S31508002A000023FB73174B1B78002B23D0164B1A6831
S31508002A10144B1B7819464FF47A73B3FBF1F3B2FBE8
S31508002A20F3F3184600F041F90346002B0FD17B68F3
S31508002A300F2B09D8002279684FF0FF3000F019F9FA
S31508002A400A4A7B68136007E00123FB7304E001234D
S31508002A50FB7301E00123FB73FB7B18461037BD4669
S31508002A6080BD00BF10000020080000200C000020D8
S31508002A7080B400AF064B1B781A46064B1B681344F6
S31508002A80044A136000BFBD465DF8047B704700BF6B
S31508002A90100000201824002080B400AF034B1B68E8
S31508002AA01846BD465DF8047B704700BF1824002011
S31508002AB080B584B000AF7860FFF7EEFFB8607B683A
S31508002AC0FB60FB68B3F1FF3F05D00A4B1B781A463B
S31508002AD0FB681344FB6000BFFFF7DEFF0246BB68D6
S31508002AE0D31AFA689A42F7D800BF00BF1037BD4616
S31508002AF080BD00BF1000002080B485B000AF7860AC
S31508002B007B6803F00703FB600C4BDB68BB60BA68A5
S31508002B104FF6FF031340BB60FB681A02BB681343FA
S31508002B2043F0BF6343F40033BB60044ABB68D36019
S31508002B3000BF1437BD465DF8047B704700ED00E022
S31508002B4080B400AF044BDB681B0A03F00703184682
S31508002B50BD465DF8047B704700ED00E080B483B0A5
S31508002B6000AF03463960FB7197F90730002B0ADB83
S31508002B703B68DAB20C4997F907301201D2B20B4416
S31508002B8083F800230AE03B68DAB20849FB7903F0C8
S31508002B900F03043B1201D2B20B441A7600BF0C375E
S31508002BA0BD465DF8047B704700E100E000ED00E0FB
S31508002BB080B489B000AFF860B9607A60FB6803F04A
S31508002BC00703FB61FB69C3F10703042B28BF042332
S31508002BD0BB61FB690433062B02D9FB69033B00E0A2
S31508002BE000237B614FF0FF32BB6902FA03F3DA4335
S31508002BF0BB681A407B699A404FF0FF317B6901FA3E
S31508002C0003F3D9437B680B40134318462437BD4664
S31508002C105DF8047B7047000080B582B000AF78602D
S31508002C207B68013BB3F1807F01D301230FE00A4A99
S31508002C307B68013B53600F214FF0FF30FFF78EFF93
S31508002C40054B00229A60044B07221A600023184697
S31508002C500837BD4680BD00BF10E000E080B582B0F1
S31508002C6000AF78607868FFF747FF00BF0837BD46B2
S31508002C7080BD80B586B000AF0346B9607A60FB7345
S31508002C8000237B61FFF75CFF78617A68B968786929
S31508002C90FFF78EFF024697F90F3011461846FFF7E1
S31508002CA05DFF00BF1837BD4680BD80B582B000AF56
S31508002CB078607868FFF7B0FF034618460837BD46C0
S31508002CC080BD000080B487B000AF7860396000230B
S31508002CD07B617FE13B681A6801217B6901FA03F38E
S31508002CE01340FB60FB68002B00F071813B685B6852
S31508002CF003F00303012B05D03B685B6803F003036D
S31508002D00022B30D17B689B683B617B695B000322A1
S31508002D1002FA03F3DB433A6913403B613B68DA681E
S31508002D207B695B0002FA03F33A6913433B617B68EC
S31508002D303A699A607B685B683B6101227B6902FAA3
S31508002D4003F3DB433A6913403B613B685B681B0945
S31508002D5003F001027B6902FA03F33A6913433B6104
S31508002D607B683A695A603B685B6803F00303032B88
S31508002D7018D17B68DB6A3B6101227B6902FA03F39F
S31508002D80DB433A6913403B613B685B68DB0803F049
S31508002D9001027B6902FA03F33A6913433B617B68D4
S31508002DA03A69DA623B685B6803F00303032B17D0C2
S31508002DB07B68DB683B617B695B00032202FA03F3ED
S31508002DC0DB433A6913403B613B689A687B695B0061
S31508002DD002FA03F33A6913433B617B683A69DA609E
S31508002DE03B685B6803F00303022B23D17B69DA088F
S31508002DF07B68083253F822303B617B6903F007038E
S31508002E009B000F2202FA03F3DB433A6913403B6146
S31508002E103B681A697B6903F007039B0002FA03F310
S31508002E203A6913433B617B69DA087B68083239697A
S31508002E3043F822107B681B683B617B695B000322B1
S31508002E4002FA03F3DB433A6913403B613B685B686C
S31508002E5003F003027B695B0002FA03F33A69134342
S31508002E603B617B683A691A603B685B6803F44033E8
S31508002E70002B00F0AC805F4B1B6E5E4A43F00103EB
S31508002E8013665C4B1B6E03F00103BB60BB685A4AB2
S31508002E907B699B08023352F823303B617B6903F058
S31508002EA003039B000F2202FA03F3DB433A6913403C
S31508002EB03B617B68B3F1904F25D07B684F4A9342BC
S31508002EC01FD07B684E4A934219D07B684D4A93427D
S31508002ED013D07B684C4A93420DD07B684B4A934289
S31508002EE007D07B684A4A934201D106230CE00723A0
S31508002EF00AE0052308E0042306E0032304E002238E
S31508002F0002E0012300E000237A6902F0030292003E
S31508002F1093403A6913433B6137497B699B080233FF
S31508002F203A6941F823203B4B9B683B61FB68DB43CE
S31508002F303A6913403B613B685B6803F48013002BD6
S31508002F4003D03A69FB6813433B61324A3B69936095
S31508002F50304BDB683B61FB68DB433A6913403B61F6
S31508002F603B685B6803F40013002B03D03A69FB68DF
S31508002F7013433B61274A3B69D360264B5B683B6139
S31508002F80FB68DB433A6913403B613B685B6803F4C3
S31508002F900033002B03D03A69FB6813433B611D4A93
S31508002FA03B6953601B4B1B683B61FB68DB433A6913
S31508002FB013403B613B685B6803F48033002B03D006
S31508002FC03A69FB6813433B61124A3B6913607B69A4
S31508002FD001337B613B681A687B6922FA03F3002B8D
S31508002FE07FF478AE00BF00BF1C37BD465DF8047B92
S31508002FF0704700BF0010024000000140000400486E
S3150800300000080048000C004800100048001400485A
S31508003010001800480004014080B485B000AF78600D
S315080030200B467B807B681A697B881340002B02D08D
S315080030300123FB7301E00023FB73FB7B184614375F
S31508003040BD465DF8047B704780B483B000AF7860F6
S315080030500B467B8013467B707B78002B03D07A88DF
S315080030607B689A6102E07A887B689A6200BF0C37AF
S31508003070BD465DF8047B704780B400AF044B1B68FF
S3150800308003F4C0631846BD465DF8047B704700BF6D
S315080030900070004080B485B000AF78607B68B3F5F7
S315080030A0007F30D1234B1B6803F4C063B3F5007F60
S315080030B038D0204B1B6823F4C0631E4A43F40073C0
S315080030C013601D4B1B68322202FB03F31B4AA2FB4B
S315080030D003239B0C0133FB6002E0FB68013BFB60AA
S315080030E0144B5B6903F48063B3F5806F02D1FB6808
S315080030F0002BF2D10F4B5B6903F48063B3F5806F45
S3150800310010D103230FE00B4B1B6803F4C063B3F520
S31508003110806F07D0074B1B6823F4C063054A43F446
S3150800312080631360002318461437BD465DF8047B98
S31508003130704700BF007000400800002083DE1B4374
S3150800314080B588B000AF78607B68002B01D1012379
S31508003150CAE3974B9B6803F00C03BB61944BDB688F
S3150800316003F003037B617B681B6803F01003002BE5
S3150800317000F0E480BB69002B07D0BB690C2B40F03C
S315080031808B807B69012B40F08780894B1B6803F095
S315080031900203002B05D07B689B69002B01D1012314
S315080031A0A2E37B681A6A824B1B6803F00803002BAC
S315080031B004D07F4B1B6803F0F00305E07C4BD3F883
S315080031C094301B0903F0F003934223D27B681B6AF1
S315080031D0184600F055FD0346002B01D0012383E372
S315080031E0734B1B68724A43F008031360704B1B68E5
S315080031F023F0F0027B681B6A6D4913430B606C4B26
S315080032005B6823F47F427B68DB691B0268491343CA
S315080032104B6025E0664B1B68654A43F0080313605C
S31508003220634B1B6823F0F0027B681B6A60491343F3
S315080032300B605F4B5B6823F47F427B68DB691B028C
S315080032405B4913434B60BB69002B09D17B681B6A3A
S31508003250184600F015FD0346002B01D0012343E371
S3150800326000F04AFC0246524B9B681B0903F00F0309
S315080032705049CB5C03F01F0322FA03F34E4A13604E
S315080032804E4B1B681846FFF7B7FB0346FB73FB7BE1
S31508003290002B52D0FB7B27E37B689B69002B32D03F
S315080032A0434B1B68424A43F001031360FFF7F4FBE4
S315080032B0386108E0FFF7F0FB02463B69D31A022B98
S315080032C001D9032310E33A4B1B6803F00203002BD2
S315080032D0F0D0374B1B68364A43F008031360344B6B
S315080032E01B6823F0F0027B681B6A314913430B60A5
S315080032F02F4B5B6823F47F427B68DB691B022C49F2
S3150800330013434B601AE02A4B1B68294A23F0010332
S315080033101360FFF7C1FB386108E0FFF7BDFB024603
S315080033203B69D31A022B01D90323DDE2204B1B6824
S3150800333003F00203002BF0D100E000BF7B681B6896
S3150800334003F00103002B74D0BB69082B05D0BB69B9
S315080033500C2B0ED17B69032B0BD1154B1B6803F481
S315080033600033002B64D07B685B68002B60D1012397
S31508003370BAE27B685B68B3F5803F06D10C4B1B68E5
S315080033800B4A43F48033136026E07B685B68B3F529
S31508003390A02F15D1064B1B68054A43F480231360FA
S315080033A0034B1B68024A43F48033136014E000BFE2
S315080033B0001002404CCF0008080000200C00002036
S315080033C0A04B1B689F4A23F4803313609D4B1B68F0
S315080033D09C4A23F4802313607B685B68002B13D018
S315080033E0FFF75AFB386108E0FFF756FB02463B69D0
S315080033F0D31A642B01D9032376E2924B1B6803F494
S315080034000033002BF0D014E0FFF746FB386108E0E4
S31508003410FFF742FB02463B69D31A642B01D9032303
S3150800342062E2884B1B6803F40033002BF0D100E0FE
S3150800343000BF7B681B6803F00203002B60D0BB69E2
S31508003440042B05D0BB690C2B19D17B69022B16D12D
S315080034507C4B1B6803F48063002B05D07B68DB6814
S31508003460002B01D101233FE2764B5B6823F0F8522B
S315080034707B681B691B06734913434B6040E07B68F6
S31508003480DB68002B23D06F4B1B686E4A43F48073AE
S315080034901360FFF701FB386108E0FFF7FDFA024603
S315080034A03B69D31A022B01D903231DE2654B1B681E
S315080034B003F48063002BF0D0624B5B6823F0F8526C
S315080034C07B681B691B065F4913434B6018E05D4B1D
S315080034D01B685C4A23F480731360FFF7DDFA3861D2
S315080034E008E0FFF7D9FA02463B69D31A022B01D93D
S315080034F00323F9E1534B1B6803F48063002BF0D1D7
S315080035007B681B6803F00803002B3CD07B685B696B
S31508003510002B1CD04B4BD3F894304A4A43F0010396
S31508003520C2F89430FFF7B8FA386108E0FFF7B4FA42
S3150800353002463B69D31A022B01D90323D4E1414B36
S31508003540D3F8943003F00203002BEFD01BE03D4B79
S31508003550D3F894303B4A23F00103C2F89430FFF7BE
S315080035609BFA386108E0FFF797FA02463B69D31AD7
S31508003570022B01D90323B7E1324BD3F8943003F079
S315080035800203002BEFD17B681B6803F00403002BB2
S3150800359000F0A6800023FB772A4B9B6D03F080532F
S315080035A0002B0DD1274B9B6D264A43F0805393651C
S315080035B0244B9B6D03F08053BB60BB680123FB77EC
S315080035C0214B1B6803F48073002B18D11E4B1B6814
S315080035D01D4A43F480731360FFF75EFA386108E00A
S315080035E0FFF75AFA02463B69D31A022B01D903237D
S315080035F07AE1154B1B6803F48073002BF0D07B68C7
S315080036009B68012B08D10F4BD3F890300D4A43F035
S315080036100103C2F8903029E07B689B68052B15D119
S31508003620084BD3F89030074A43F00403C2F89030A9
S31508003630044BD3F89030034A43F00103C2F89030A4
S3150800364014E000BF00100240007000409C4BD3F805
S3150800365090309B4A23F00103C2F89030984BD3F878
S315080036609030974A23F00403C2F890307B689B6831
S31508003670002B16D0FFF710FA38610AE0FFF70CFAAC
S3150800368002463B69D31A41F28832934201D9032391
S315080036902AE18B4BD3F8903003F00203002BEDD0D0
S315080036A015E0FFF7F9F938610AE0FFF7F5F9024680
S315080036B03B69D31A41F28832934201D9032313E1B5
S315080036C07F4BD3F8903003F00203002BEDD1FB7F3C
S315080036D0012B05D17A4B9B6D794A23F0805393656C
S315080036E07B689B6A002B00F0FE807B689B6A022B36
S315080036F040F0D080724BDB687B617B6903F0030284
S315080037007B68DB6A9A4230D17B6903F070027B687A
S315080037101B6B013B1B019A4227D17B6903F4FE42CE
S315080037207B685B6B1B029A421FD17B6903F40033EB
S315080037307A68926B072A14BF01220022D2B29342FA
S3150800374013D17B6903F4C0027B68DB6B5B08013B22
S315080037505B059A4209D17B6903F0C0627B681B6CE2
S315080037605B08013B5B069A426ED0BB690C2B69D09D
S31508003770534B1B6803F08063002B05D1504B1B6825
S3150800378003F08053002B01D00123ADE04C4B1B689E
S315080037904B4A23F080731360FFF77EF9386108E01F
S315080037A0FFF77AF902463B69D31A022B01D903239C
S315080037B09AE0434B1B6803F00073002BF0D1404B93
S315080037C0DA68404B13407A68D16A7A68126B013A14
S315080037D0120111437A68526B120211437A68D26B4E
S315080037E05208013A520511437A68126C5208013A96
S315080037F0520611437A68926B120952040A433049F9
S315080038001343CB602E4B1B682D4A43F0807313601D
S315080038102B4BDB682A4A43F08073D360FFF73CF9E9
S31508003820386108E0FFF738F902463B69D31A022BDC
S3150800383001D9032358E0224B1B6803F00073002BC1
S31508003840F0D050E001234FE01D4B1B6803F00073D6
S31508003850002B48D11A4B1B68194A43F08073136032
S31508003860174BDB68164A43F08073D360FFF714F9E9
S31508003870386108E0FFF710F902463B69D31A022BB4
S3150800388001D9032330E00E4B1B6803F00073002BAD
S31508003890F0D028E0BB690C2B23D0094B1B68084ADB
S315080038A023F080731360FFF7F7F838610CE0FFF731
S315080038B0F3F802463B69D31A022B05D9032313E012
S315080038C0001002408C809DF9094B1B6803F00073B9
S315080038D0002BECD1064BDA680549064B1340CB6042
S315080038E001E0012300E0002318462037BD4680BDCD
S315080038F000100240FCFFEEFE80B584B000AF786091
S3150800390039607B68002B01D10123E7E0754B1B6802
S3150800391003F007033A689A4210D9724B1B6823F0E2
S31508003920070270493B6813430B606E4B1B6803F034
S3150800393007033A689A4201D00123CFE07B681B68E7
S3150800394003F00203002B10D07B689A68664B9B68CD
S3150800395003F0F0039A4208D9634B9B6823F0F00200
S315080039607B689B68604913438B607B681B6803F020
S315080039700103002B4CD07B685B68032B07D15A4B9D
S315080039801B6803F00073002B21D10123A6E07B6896
S315080039905B68022B07D1544B1B6803F40033002BDA
S315080039A015D101239AE07B685B68002B07D14E4B43
S315080039B01B6803F00203002B09D101238EE04A4B52
S315080039C01B6803F48063002B01D1012386E0464B74
S315080039D09B6823F003027B685B68434913438B604B
S315080039E0FFF75AF8F8600AE0FFF756F80246FB6850
S315080039F0D31A41F28832934201D903236EE03A4B37
S31508003A009B6803F00C027B685B689B009A42EBD1CB
S31508003A107B681B6803F00203002B10D07B689A684A
S31508003A20314B9B6803F0F0039A4208D22E4B9B68F1
S31508003A3023F0F0027B689B682B4913438B60294B64
S31508003A401B6803F007033A689A4210D2254B1B6895
S31508003A5023F0070223493B6813430B60214B1B687D
S31508003A6003F007033A689A4201D0012336E07B68DF
S31508003A701B6803F00403002B08D01B4B9B6823F438
S31508003A80E0627B68DB68184913438B607B681B68B8
S31508003A9003F00803002B09D0134B9B6823F46052EC
S31508003AA07B681B69DB00104913438B6000F024F820
S31508003AB002460D4B9B681B0903F00F030B49CB5CB1
S31508003AC003F01F0322FA03F3094A1360094B1B6824
S31508003AD01846FEF791FF0346FB72FB7A1846103725
S31508003AE0BD4680BD00200240001002404CCF0008B1
S31508003AF0080000200C00002080B489B000AF002325
S31508003B00FB610023BB613E4B9B6803F00C033B61E2
S31508003B103B4BDB6803F00303FB603B69002B05D0D6
S31508003B203B690C2B21D1FB68012B1ED1344B1B683A
S31508003B3003F00803002B07D1314BD3F894301B0A46
S31508003B4003F00F03FB6105E02D4B1B681B0903F00F
S31508003B500F03FB612B4AFB6952F82330FB613B6973
S31508003B60002B0DD1FB69BB610AE03B69042B02D12E
S31508003B70254BBB6104E03B69082B01D1234BBB6194
S31508003B803B690C2B34D11E4BDB6803F00303BB6087
S31508003B90BB68022B03D0BB68032B03D005E01A4B86
S31508003BA07B6105E0194B7B6102E0FB697B6100BF25
S31508003BB0134BDB681B0903F0070301337B60104BCB
S31508003BC0DB681B0A03F07F037A6903FB02F27B6852
S31508003BD0B2FBF3F37B610A4BDB685B0E03F003036E
S31508003BE001335B003B607A693B68B2FBF3F3BB6168
S31508003BF0BB6918462437BD465DF8047B704700BF8D
S31508003C000010024064CF00080024F40000127A0075
S31508003C1080B400AF034B1B681846BD465DF8047BAD
S31508003C20704700BF0800002080B500AFFFF7F0FF1F
S31508003C300246064B9B681B0A03F007030449CB5C44
S31508003C4003F01F0322FA03F3184680BD0010024052
S31508003C505CCF000880B500AFFFF7DAFF0246064BD7
S31508003C609B68DB0A03F007030449CB5C03F01F03D8
S31508003C7022FA03F3184680BD001002405CCF000804
S31508003C8080B586B000AF786000233B612A4B9B6DF8
S31508003C9003F08053002B03D0FFF7EEF9786114E0A8
S31508003CA0254B9B6D244A43F080539365224B9B6DAD
S31508003CB003F08053FB60FB68FFF7DEF978611E4B63
S31508003CC09B6D1D4A23F0805393657B69B3F5007F8E
S31508003CD00BD17B68802B19D97B68A02B02D90223CC
S31508003CE03B6113E001233B6110E07B68802B02D91E
S31508003CF003233B610AE07B68802B02D102233B61E8
S31508003D0004E07B68702B01D101233B610B4B1B68D8
S31508003D1023F0070209493B6913430B60074B1B68ED
S31508003D2003F007033A699A4201D0012300E0002311
S31508003D3018461837BD4680BD0010024000200240D4
S31508003D4080B586B000AF78600023FB740023BB748F
S31508003D507B681B6803F40063002B41D07B685B6EAD
S31508003D60B3F5400F2AD0B3F5400F24D8B3F5000FAA
S31508003D7008D0B3F5000F1ED8002B0AD0B3F5800F74
S31508003D8010D018E0864BDB68854A43F48033D3604D
S31508003D9015E07B6804330021184600F0BBFA034699
S31508003DA0FB740CE07B6820330021184600F0A6FB64
S31508003DB00346FB7403E00123FB7400E000BFFB7CB1
S31508003DC0002B0BD1764BD3F8883023F440027B685E
S31508003DD05B6E73491343C1F8883001E0FB7CBB7402
S31508003DE07B681B6803F48053002B41D07B689B6E6D
S31508003DF0B3F1407F2AD0B3F1407F24D8B3F1007FD6
S31508003E0008D0B3F1007F1ED8002B0AD0B3F1807F0B
S31508003E1010D018E0624BDB68614A43F48033D36004
S31508003E2015E07B6804330021184600F073FA034650
S31508003E30FB740CE07B6820330021184600F05EFB1B
S31508003E400346FB7403E00123FB7400E000BFFB7C20
S31508003E50002B0BD1524BD3F8883023F040727B6885
S31508003E609B6E4F491343C1F8883001E0FB7CBB7455
S31508003E707B681B6803F40033002B00F0A080002346
S31508003E807B74474B9B6D03F08053002B01D10123B4
S31508003E9000E00023002B0DD0414B9B6D404A43F0B8
S31508003EA0805393653E4B9B6D03F08053BB60BB68A4
S31508003EB001237B743B4B1B683A4A43F480731360B7
S31508003EC0FEF7EAFDF86009E0FEF7E6FD0246FB6844
S31508003ED0D31A022B02D90323FB7405E0314B1B6866
S31508003EE003F48073002BEFD0FB7C002B5CD12C4BAA
S31508003EF0D3F8903003F440737B617B69002B1FD0A5
S31508003F007B68D3F884307A699A4219D0244BD3F85F
S31508003F10903023F440737B61214BD3F89030204ACC
S31508003F2043F48033C2F890301D4BD3F890301C4AC6
S31508003F3023F48033C2F89030194A7B69C2F890306E
S31508003F407B6903F00103002B16D0FEF7A5FDF86088
S31508003F500BE0FEF7A1FD0246FB68D31A41F2883250
S31508003F60934202D90323FB7406E00D4BD3F8903035
S31508003F7003F00203002BECD0FB7C002B0CD1084B82
S31508003F80D3F8903023F440727B68D3F88430044920
S31508003F901343C1F8903009E0FB7CBB7406E000BF10
S31508003FA00010024000700040FB7CBB747B7C012B38
S31508003FB005D19E4B9B6D9D4A23F0805393657B6884
S31508003FC01B6803F00103002B0AD0984BD3F88830FE
S31508003FD023F003027B689B6B94491343C1F888302E
S31508003FE07B681B6803F00203002B0AD08F4BD3F8BB
S31508003FF0883023F00C027B68DB6B8C491343C1F8CD
S3150800400088307B681B6803F00403002B0AD0874BB3
S31508004010D3F8883023F030027B681B6C834913433E
S31508004020C1F888307B681B6803F00803002B0AD0A8
S315080040307E4BD3F8883023F0C0027B685B6C7B49E3
S315080040401343C1F888307B681B6803F01003002B04
S315080040500AD0764BD3F8883023F440727B689B6C81
S3150800406072491343C1F888307B681B6803F0200344
S31508004070002B0AD06D4BD3F8883023F440627B6856
S31508004080DB6C6A491343C1F888307B681B6803F404
S315080040900073002B0AD0654BD3F8883023F44022EE
S315080040A07B68DB6D61491343C1F888307B681B6800
S315080040B003F48063002B0AD05C4BD3F8883023F4D2
S315080040C040127B681B6E59491343C1F888307B68D8
S315080040D01B6803F04003002B0AD0544BD3F88830F2
S315080040E023F440527B681B6D50491343C1F888304E
S315080040F07B681B6803F08003002B0AD04B4BD3F870
S31508004100883023F440427B685B6D48491343C1F805
S3150800411088307B681B6803F48073002B0AD0434BF6
S31508004120D3F8883023F440327B689B6D3F491343AC
S31508004130C1F888307B681B6803F40053002B28D02D
S315080041403A4BD3F8883023F040627B68DB6E3749F8
S315080041501343C1F888307B68DB6EB3F1006F06D174
S31508004160324BDB68314A43F48013D36011E07B6835
S31508004170DB6EB3F1806F0CD17B68043301211846DE
S3150800418000F0C8F80346FB74FB7C002B01D0FB7CCF
S31508004190BB747B681B6803F40023002B28D0234BD1
S315080041A0D3F8883023F040627B681B6F1F4913439E
S315080041B0C1F888307B681B6FB3F1006F06D11B4BC3
S315080041C0DB681A4A43F48013D36011E07B681B6FDF
S315080041D0B3F1806F0CD17B6804330121184600F0D7
S315080041E099F80346FB74FB7C002B01D0FB7CBB745F
S315080041F07B681B6803F48023002B2BD00B4BD3F86A
S31508004200883023F040627B685B6F08491343C1F826
S3150800421088307B685B6FB3F1006F09D1034BDB68AD
S31508004220024A43F48013D36014E000BF0010024032
S315080042307B685B6FB3F1806F0CD17B680433012117
S31508004240184600F067F80346FB74FB7C002B01D088
S31508004250FB7CBB747B681B6803F48043002B2FD060
S315080042602B4BD3F8883023F040527B689B6F284944
S315080042701343C1F888307B689B6FB3F1805F0DD11B
S315080042807B6804330221184600F044F80346FB74A1
S31508004290FB7C002B14D0FB7CBB7411E07B689B6F06
S315080042A0B3F1005F0CD17B6820330221184600F079
S315080042B025F90346FB74FB7C002B01D0FB7CBB7401
S315080042C07B681B6803F40043002B0AD0104BD3F815
S315080042D0883023F080427B68DB6F0D491343C1F8B1
S315080042E088307B681B6803F48033002B0BD0084B9F
S315080042F0D3F8883023F000427B68D3F8803004492D
S315080043001343C1F88830BB7C18461837BD4680BDB4
S315080043100010024080B584B000AF78603960002391
S31508004320FB73754BDB6803F00303002B18D0724B45
S31508004330DB6803F003027B681B689A420DD17B6831
S315080043401B68002B09D06C4BDB681B0903F00703BD
S315080043505A1C7B685B689A4247D00123FB7344E08A
S315080043607B681B68032B18D0032B25D8012B02D09A
S31508004370022B09D020E0604B1B6803F00203002BD8
S315080043801DD10123FB731AE05B4B1B6803F48063A2
S31508004390002B16D10123FB7313E0574B1B6803F45C
S315080043A00033002B0FD1544B1B6803F48023002BDA
S315080043B009D10123FB7306E00123FB7304E000BF68
S315080043C002E000BF00E000BFFB7B002B0DD14A4B8B
S315080043D0DB6823F073027B6819687B685B68013BBE
S315080043E01B010B4344491343CB60FB7B002B7DD158
S315080043F0414B1B68404A23F080631360FEF74CFB71
S31508004400B86009E0FEF748FB0246BB68D31A022BE0
S3150800441002D90323FB7305E0374B1B6803F00063DF
S31508004420002BEFD1FB7B002B60D13B68002B11D111
S31508004430314B1B6923F41F3323F440737A6892685F
S3150800444011027A68D268120952040A432A491343A8
S315080044500B6127E03B68012B12D1274B1B6923F41C
S31508004460C00323F4FE437A68926811027A681269D7
S315080044705208013A52050A431F4913430B6111E0DA
S315080044801D4B1B6923F0C06323F4FE437A689268C8
S3150800449011027A6852695208013A52060A431649C5
S315080044A013430B61144B1B68134A43F08063136074
S315080044B0FEF7F2FAB86009E0FEF7EEFA0246BB68C4
S315080044C0D31A022B02D90323FB7305E00A4B1B6898
S315080044D003F00063002BEFD0FB7B002B06D1064BC5
S315080044E01A697B689B69044913430B61FB7B184671
S315080044F01037BD4680BD00BF0010024080B584B0AD
S3150800450000AF786039600023FB736A4BDB6803F001
S315080045100303002B18D0674BDB6803F003027B68A4
S315080045201B689A420DD17B681B68002B09D0614B2A
S31508004530DB681B0903F007035A1C7B685B689A4211
S3150800454047D00123FB7344E07B681B68032B18D014
S31508004550032B25D8012B02D0022B09D020E0554B7E
S315080045601B6803F00203002B1DD10123FB731AE01D
S31508004570504B1B6803F48063002B16D10123FB7391
S3150800458013E04C4B1B6803F40033002B0FD1494B47
S315080045901B6803F48023002B09D10123FB7306E073
S315080045A00123FB7304E000BF02E000BF00E000BF88
S315080045B0FB7B002B0DD13F4BDB6823F073027B6836
S315080045C019687B685B68013B1B010B433949134338
S315080045D0CB60FB7B002B67D1364B1B68354A23F033
S315080045E080531360FEF758FAB86009E0FEF754FAEC
S315080045F00246BB68D31A022B02D90323FB7305E0D4
S315080046002C4B1B6803F00053002BEFD1FB7B002BD0
S315080046104AD13B68002B11D1264B5B6923F41F3323
S3150800462023F440737A68926811027A68D26812098C
S3150800463052040A431F4913434B6111E01D4B5B6942
S3150800464023F0C06323F4FE437A68926811027A68FD
S3150800465012695208013A52060A43164913434B6136
S31508004660144B1B68134A43F080531360FEF714FA81
S31508004670B86009E0FEF710FA0246BB68D31A022BA7
S3150800468002D90323FB7305E00A4B1B6803F00053AA
S31508004690002BEFD0FB7B002B06D1064B5A697B68B3
S315080046A05B69044913434B61FB7B18461037BD46CB
S315080046B080BD00BF0010024080B584B000AF7860AE
S315080046C07B68002B01D1012395E07B685B6A002B90
S315080046D008D17B685B68B3F5827F09D07B680022C6
S315080046E0DA6105E07B6800221A617B6800225A615C
S315080046F07B6800229A627B6893F85D30DBB2002BF8
S3150800470006D17B68002283F85C207868FDF786FC72
S315080047107B68022283F85D207B681B681A687B68C1
S315080047201B6822F040021A607B68DB68B3F5E06F0D
S3150800473002D90023FB6002E04FF48053FB607B68DC
S31508004740DB68B3F5706F07D07B68DB68B3F5E06F9D
S3150800475002D07B6800229A627B685B6803F48272E7
S315080047607B689B6803F404431A437B681B6903F060
S3150800477002031A437B685B6903F001031A437B68EB
S315080047809B6903F400731A437B68DB6903F03803FB
S315080047901A437B681B6A03F0800342EA03017B68BD
S315080047A09B6A03F400527B681B680A431A607B689D
S315080047B09B691B0C03F004027B685B6A03F0100319
S315080047C01A437B685B6B03F008031A437B68DB6854
S315080047D003F4706342EA0301FB6803F480527B68C2
S315080047E01B680A435A607B6800221A667B680122A6
S315080047F083F85D20002318461037BD4680BD80B576
S3150800480088B000AFF860B9603B601346FB80FEF7DE
S3150800481043F9F861FB887B83FB6893F85D30DBB26C
S31508004820012B01D002235CE1BB68002B02D0FB8878
S31508004830002B01D1012354E1FB6893F85C30012B6E
S3150800484001D102234DE1FB68012283F85C20FB6855
S31508004850032283F85D20FB6800221A66FB68BA68A3
S315080048609A63FB68FA889A87FB68FA88DA87FB688E
S3150800487000221A64FB680022A3F84420FB68002281
S31508004880A3F84620FB6800221A65FB680022DA6452
S31508004890FB689B68B3F5004F0FD1FB681B681A6865
S315080048A0FB681B6822F040021A60FB681B681A68DE
S315080048B0FB681B6842F480421A60FB681B681B6829
S315080048C003F04003402B07D0FB681B681A68FB6897
S315080048D01B6842F040021A60FB68DB68B3F5E06FBC
S315080048E052D9FB685B68002B02D07B8B012B45D124
S315080048F0FB689B6B1A88FB681B68DA60FB689B6B16
S315080049009A1CFB689A63FB68DB8F9BB2013B9AB2E1
S31508004910FB68DA8732E0FB681B689B6803F00203D2
S31508004920022B12D1FB689B6B1A88FB681B68DA603E
S31508004930FB689B6B9A1CFB689A63FB68DB8F9BB2D0
S31508004940013B9AB2FB68DA8718E0FEF7A5F802463B
S31508004950FB69D31A3A689A4203D83B68B3F1FF3F1A
S3150800496002D13B68002B09D1FB68012283F85D2040
S31508004970FB68002283F85C200323B2E0FB68DB8F28
S315080049809BB2002BC7D183E0FB685B68002B02D083
S315080049907B8B012B77D1FB68DB8F9BB2012B12D95E
S315080049A0FB689B6B1A88FB681B68DA60FB689B6B65
S315080049B09A1CFB689A63FB68DB8F9BB2023B9AB230
S315080049C0FB68DA875FE0FB689A6BFB681B680C3349
S315080049D012781A70FB689B6B5A1CFB689A63FB6813
S315080049E0DB8F9BB2013B9AB2FB68DA874BE0FB6828
S315080049F01B689B6803F00203022B2BD1FB68DB8F35
S31508004A009BB2012B12D9FB689B6B1A88FB681B6843
S31508004A10DA60FB689B6B9A1CFB689A63FB68DB8F02
S31508004A209BB2023B9AB2FB68DA872CE0FB689A6B6A
S31508004A30FB681B680C3312781A70FB689B6B5A1C50
S31508004A40FB689A63FB68DB8F9BB2013B9AB2FB68F3
S31508004A50DA8718E0FEF720F80246FB69D31A3A68A7
S31508004A609A4203D83B68B3F1FF3F02D13B68002B5B
S31508004A7009D1FB68012283F85D20FB68002283F8D0
S31508004A805C2003232DE0FB68DB8F9BB2002BAED1A5
S31508004A90FA693968F86800F065FB0346002B02D00E
S31508004AA0FB6820221A66FB689B68002B0AD1002344
S31508004AB07B61FB681B68DB687B61FB681B689B681E
S31508004AC07B617B69FB68012283F85D20FB68002215
S31508004AD083F85C20FB681B6E002B01D0012300E0E5
S31508004AE0002318462037BD4680BD80B58AB000AF82
S31508004AF0F860B9607A607B8001237B62FDF7CCFFA2
S31508004B003862FB6893F85D30FB77FB685B68BB61CE
S31508004B107B88FB827B88BB82FB7F012B0CD0BB6921
S31508004B20B3F5827F06D1FB689B68002B02D1FB7F19
S31508004B30042B01D00223F3E1BB68002B05D07B6868
S31508004B40002B02D07B88002B01D10123E8E1FB680A
S31508004B5093F85C30012B01D10223E1E1FB680122C5
S31508004B6083F85C20FB6893F85D30DBB2042B03D036
S31508004B70FB68052283F85D20FB6800221A66FB683D
S31508004B807A681A64FB687A88A3F84620FB687A88EC
S31508004B90A3F84420FB68BA689A63FB687A88DA87C0
S31508004BA0FB687A889A87FB680022DA64FB68002229
S31508004BB01A65FB68DB68B3F5E06F02D8BB8A012B80
S31508004BC008D9FB681B685A68FB681B6822F4805280
S31508004BD05A6007E0FB681B685A68FB681B6842F462
S31508004BE080525A60FB681B681B6803F04003402B21
S31508004BF007D0FB681B681A68FB681B6842F040020E
S31508004C001A60FB68DB68B3F5E06F40F28380FB68E7
S31508004C105B68002B02D0FB8A012B6FD1FB689B6B6C
S31508004C201A88FB681B68DA60FB689B6B9A1CFB6832
S31508004C309A63FB68DB8F9BB2013B9AB2FB68DA8703
S31508004C405CE0FB681B689B6803F00203022B1BD120
S31508004C50FB68DB8F9BB2002B16D07B6A012B13D126
S31508004C60FB689B6B1A88FB681B68DA60FB689B6BA2
S31508004C709A1CFB689A63FB68DB8F9BB2013B9AB26E
S31508004C80FB68DA8700237B62FB681B689B6803F076
S31508004C900103012B1CD1FB68B3F846309BB2002BED
S31508004CA016D0FB681B68DA68FB681B6C92B21A8020
S31508004CB0FB681B6C9A1CFB681A64FB68B3F84630E1
S31508004CC09BB2013B9AB2FB68A3F8462001237B629C
S31508004CD0FDF7E2FE02463B6AD31A3A6B9A420DD8B2
S31508004CE03B6BB3F1FF3F09D0FB68012283F85D20D7
S31508004CF0FB68002283F85C20032311E1FB68DB8F45
S31508004D009BB2002B9DD1FB68B3F846309BB2002BB3
S31508004D1097D1E5E0FB685B68002B03D0FB8A012B83
S31508004D2040F0D180FB68DB8F9BB2012B12D9FB6860
S31508004D309B6B1A88FB681B68DA60FB689B6B9A1C7E
S31508004D40FB689A63FB68DB8F9BB2023B9AB2FB68EF
S31508004D50DA87B8E0FB689A6BFB681B680C33127835
S31508004D601A70FB689B6B5A1CFB689A63FB68DB8F9F
S31508004D709BB2013B9AB2FB68DA87A4E0FB681B6822
S31508004D809B6803F00203022B34D1FB68DB8F9BB2CE
S31508004D90002B2FD07B6A012B2CD1FB68DB8F9BB2B3
S31508004DA0012B12D9FB689B6B1A88FB681B68DA60B3
S31508004DB0FB689B6B9A1CFB689A63FB68DB8F9BB24C
S31508004DC0023B9AB2FB68DA8712E0FB689A6BFB68CB
S31508004DD01B680C3312781A70FB689B6B5A1CFB68AD
S31508004DE09A63FB68DB8F9BB2013B9AB2FB68DA8752
S31508004DF000237B62FB681B689B6803F00103012B99
S31508004E0048D1FB68B3F846309BB2002B42D0FB680A
S31508004E10B3F846309BB2012B23D9FB681B68DA68C6
S31508004E20FB681B6C92B21A80FB681B6C9A1CFB68A9
S31508004E301A64FB68B3F846309BB2023B9AB2FB6829
S31508004E40A3F84620FB68B3F846309BB2012B1FD85F
S31508004E50FB681B685A68FB681B6842F480525A60F4
S31508004E6016E0FB681B6803F10C02FB681B6C1278E2
S31508004E70D2B21A70FB681B6C5A1CFB681A64FB6872
S31508004E80B3F846309BB2013B9AB2FB68A3F84620BA
S31508004E9001237B62FDF700FE02463B6AD31A3A6B92
S31508004EA09A4203D83B6BB3F1FF3F02D13B6B002B11
S31508004EB009D1FB68012283F85D20FB68002283F88C
S31508004EC05C2003232CE0FB68DB8F9BB2002B7FF46E
S31508004ED055AFFB68B3F846309BB2002B7FF44EAF54
S31508004EE03A6A396BF86800F03DF90346002B08D09A
S31508004EF0FB6820221A66FB68002283F85C200123DF
S31508004F000EE0FB68012283F85D20FB68002283F827
S31508004F105C20FB681B6E002B01D0012300E00023F8
S31508004F2018462837BD4680BD80B588B000AFF86002
S31508004F30B9603B601346FB71FDF7AEFD0246BB6ADE
S31508004F409B1A3A681344FB61FDF7A6FDB861394B15
S31508004F501B685B011B0DFA6902FB03F37B6154E0D6
S31508004F603B68B3F1FF3F50D0FDF796FD0246BB699B
S31508004F70D31AFA699A4202D9FB69002B3DD1FB681C
S31508004F801B685A68FB681B6822F0E0025A60FB68D7
S31508004F905B68B3F5827F11D1FB689B68B3F5004F58
S31508004FA004D0FB689B68B3F5806F07D1FB681B6864
S31508004FB01A68FB681B6822F040021A60FB689B6A45
S31508004FC0B3F5005F0FD1FB681B681A68FB681B689E
S31508004FD022F400521A60FB681B681A68FB681B6893
S31508004FE042F400521A60FB68012283F85D20FB68D0
S31508004FF0002283F85C20032317E07B69002B01D18C
S315080050000023FB617B69013B7B61FB681B689A682F
S31508005010BB681340BA689A420CBF01230023DBB26F
S315080050201A46FB799A429BD1002318462037BD467B
S3150800503080BD00BF0800002080B58AB000AFF860C8
S31508005040B9607A603B600023FB75FDF725FD0246D3
S315080050503B6B9B1A3A6813447B62FDF71DFD386269
S31508005060FB681B680C33FB613D4B1A6813469B00B3
S315080050701344DA00D31A1B0D7A6A02FB03F3BB61E9
S3150800508060E0BB68B3F5C06F07D17B68002B04D11D
S31508005090FB691B78DBB2FB75FB7D3B68B3F1FF3F11
S315080050A050D0FDF7F9FC02463B6AD31A7A6A9A424F
S315080050B002D97B6A002B3DD1FB681B685A68FB68DE
S315080050C01B6822F0E0025A60FB685B68B3F5827FD2
S315080050D011D1FB689B68B3F5004F04D0FB689B6849
S315080050E0B3F5806F07D1FB681B681A68FB681B68F5
S315080050F022F040021A60FB689B6AB3F5005F0FD185
S31508005100FB681B681A68FB681B6822F400521A6061
S31508005110FB681B681A68FB681B6842F400521A6031
S31508005120FB68012283F85D20FB68002283F85C2077
S31508005130032310E0BB69002B01D100237B62BB6906
S31508005140013BBB61FB681B689A68BB6813407A68B9
S315080051509A4296D1002318462837BD4680BD00BF1F
S315080051600800002080B586B002AFF860B9607A60A2
S315080051707B680093BB6800224FF4C051F868FFF7BC
S315080051805BFF0346002B07D0FB681B6E43F020022B
S31508005190FB681A66032327E07B680093BB68002236
S315080051A08021F868FFF7C0FE0346002B07D0FB688E
S315080051B01B6E43F02002FB681A66032314E07B6823
S315080051C00093BB6800224FF4C061F868FFF734FF0C
S315080051D00346002B07D0FB681B6E43F02002FB68D2
S315080051E01A66032300E0002318461037BD4680BD23
S315080051F080B582B000AF78607B68002B01D10123AF
S3150800520049E07B6893F83D30DBB2002B06D17B681A
S31508005210002283F83C207868FCF762FF7B6802224C
S3150800522083F83D207B681A687B6804331946104664
S3150800523000F068F97B68012283F848207B68012220
S3150800524083F83E207B68012283F83F207B68012291
S3150800525083F840207B68012283F841207B6801227D
S3150800526083F842207B68012283F843207B68012269
S3150800527083F844207B68012283F845207B68012255
S3150800528083F846207B68012283F847207B68012241
S3150800529083F83D20002318460837BD4680BD000028
S315080052A080B485B000AF78607B6893F83D30DBB298
S315080052B0012B01D0012347E07B68022283F83D20B9
S315080052C07B681B68234A93421DD07B681B68B3F131
S315080052D0804F18D07B681B681F4A934213D07B689F
S315080052E01B681E4A93420ED07B681B681C4A934271
S315080052F009D07B681B681B4A934204D07B681B68ED
S31508005300194A934215D17B681B689A68174B134054
S31508005310FB60FB68062B15D0FB68B3F5803F11D000
S315080053207B681B681A687B681B6842F001021A6072
S3150800533008E07B681B681A687B681B6842F00102F4
S315080053401A6000E000BF002318461437BD465DF812
S31508005350047B7047002C0140000400400008004010
S31508005360000C0040003401400040014007000100E5
S3150800537080B584B000AF786039600023FB737B6822
S3150800538093F83C30012B01D10223B6E07B68012259
S3150800539083F83C207B68022283F83D207B681B68E3
S315080053A09B68BB60BB6823F4803323F07703BB603C
S315080053B0BB6823F47F43BB607B681B68BA689A6046
S315080053C03B681B68B3F5005F3ED0B3F5005F00F29B
S315080053D08780B3F5805F00F08680B3F5805F7FD85D
S315080053E0702B1AD0702B7BD8602B50D0602B77D8B7
S315080053F0502B3CD0502B73D8402B58D0402B6FD80D
S31508005400302B64D0302B6BD8202B60D0202B67D85C
S31508005410002B5CD0102B5AD062E07B6818683B687A
S3150800542099683B685A683B68DB6800F08BF97B68CB
S315080054301B689B68BB60BB6843F07703BB607B68EF
S315080054401B68BA689A604FE07B6818683B68996879
S315080054503B685A683B68DB6800F074F97B681B6830
S315080054609A687B681B6842F480429A603CE07B68D5
S3150800547018683B6859683B68DB681A4600F0E8F824
S315080054807B681B685021184600F041F92CE07B68C0
S3150800549018683B6859683B68DB681A4600F007F9E4
S315080054A07B681B686021184600F031F91CE07B68B0
S315080054B018683B6859683B68DB681A4600F0C8F804
S315080054C07B681B684021184600F021F90CE07B68D0
S315080054D01A683B681B681946104600F018F903E07D
S315080054E00123FB7300E000BF7B68012283F83D209F
S315080054F07B68002283F83C20FB7B18461037BD46A4
S3150800550080BD000080B485B000AF786039607B68E4
S315080055101B68FB607B68464A934213D07B68B3F1ED
S31508005520804F0FD07B68434A93420BD07B68424A30
S31508005530934207D07B68414A934203D07B68404A2E
S31508005540934208D1FB6823F07003FB603B685B68F5
S31508005550FA681343FB607B68354A93421FD07B6821
S31508005560B3F1804F1BD07B68324A934217D07B68D1
S31508005570314A934213D07B68304A93420FD07B68F6
S315080055802F4A93420BD07B682E4A934207D07B68FA
S315080055902D4A934203D07B682C4A934208D1FB6874
S315080055A023F44073FB603B68DB68FA681343FB60CF
S315080055B0FB6823F080023B685B691343FB607B68EA
S315080055C0FA681A603B689A687B68DA623B681A6808
S315080055D07B689A627B68164A93420FD07B68184AA2
S315080055E093420BD07B68174A934207D07B68164ACA
S315080055F0934203D07B68154A934203D13B681A69E4
S315080056007B681A637B6801225A617B681B6903F011
S315080056100103012B05D17B681B6923F001027B6816
S315080056201A6100BF1437BD465DF8047B704700BF9A
S31508005630002C01400004004000080040000C004017
S315080056400034014000400140004401400048014048
S3150800565080B487B000AFF860B9607A60FB681B6AEF
S315080056607B61FB681B6A23F00102FB681A62FB6810
S315080056709B693B613B6923F0F0033B617B681B0137
S315080056803A6913433B617B6923F00A037B617A69B4
S31508005690BB6813437B61FB683A699A61FB687A6960
S315080056A01A6200BF1C37BD465DF8047B704780B49C
S315080056B087B000AFF860B9607A60FB681B6A7B61E7
S315080056C0FB681B6A23F01002FB681A62FB689B6979
S315080056D03B613B6923F470433B617B681B033A6972
S315080056E013433B617B6923F0A0037B61BB681B0105
S315080056F07A6913437B61FB683A699A61FB687A6940
S315080057001A6200BF1C37BD465DF8047B704780B43B
S3150800571085B000AF786039607B689B68FB60FB6882
S3150800572023F07003FB603A68FB68134343F00703F2
S31508005730FB607B68FA689A6000BF1437BD465DF85F
S31508005740047B704780B487B000AFF860B9607A60B0
S315080057503B60FB689B687B617B6923F47F437B61C5
S315080057603B681A027B681A43BB6813437A6913437A
S315080057707B61FB687A699A6000BF1C37BD465DF895
S31508005780047B704780B485B000AF786039607B6869
S3150800579093F83C30012B01D1022368E07B68012293
S315080057A083F83C207B68022283F83D207B681B68CF
S315080057B05B68FB607B681B689B68BB607B681B68D3
S315080057C02E4A934204D07B681B682D4A934208D11F
S315080057D0FB6823F47003FB603B685B68FA68134355
S315080057E0FB60FB6823F07003FB603B681B68FA6884
S315080057F01343FB607B681B68FA685A607B681B6802
S315080058001E4A93421DD07B681B68B3F1804F18D09F
S315080058107B681B681B4A934213D07B681B681A4A2D
S3150800582093420ED07B681B68184A934209D07B685E
S315080058301B68134A934204D07B681B68144A934238
S315080058400CD1BB6823F08003BB603B689B68BA68D1
S315080058501343BB607B681B68BA689A607B68012241
S3150800586083F83D207B68002283F83C2000231846F5
S315080058701437BD465DF8047B704700BF002C014015
S31508005880003401400004004000080040000C0040BD
S315080058900040014080B582B000AF78607B68002B7D
S315080058A001D1012340E07B68DB6F002B06D17B68C2
S315080058B0002283F878207868FCF732FC7B6824227B
S315080058C0DA677B681B681A687B681B6822F0010226
S315080058D01A607B685B6A002B02D0786800F032FC9D
S315080058E0786800F077F90346012B01D101231BE004
S315080058F07B681B685A687B681B6822F490425A606A
S315080059007B681B689A687B681B6822F02A029A6083
S315080059107B681B681A687B681B6842F001021A607C
S31508005920786800F0B1FC034618460837BD4680BDC6
S3150800593080B58AB002AFF860B9603B601346FB8059
S31508005940FB68DB6F202B77D1BB68002B02D0FB8866
S31508005950002B01D1012370E0FB680022C3F88420E4
S31508005960FB682122DA67FDF797F87861FB68FA8801
S31508005970A3F85020FB68FA88A3F85220FB689B68B6
S31508005980B3F5805F08D1FB681B69002B04D100239F
S31508005990FB61BB68BB6103E0BB68FB610023BB61BD
S315080059A02FE03B6800937B6900228021F86800F0AD
S315080059B013FD0346002B04D0FB682022DA67032375
S315080059C03BE0FB69002B0BD1BB691A88FB681B6897
S315080059D0C2F3080292B21A85BB690233BB6107E0BB
S315080059E0FB691A78FB681B681A85FB690133FB613A
S315080059F0FB68B3F852309BB2013B9AB2FB68A3F836
S31508005A005220FB68B3F852309BB2002BC9D13B68D1
S31508005A1000937B6900224021F86800F0DDFC03460C
S31508005A20002B04D0FB682022DA67032305E0FB6815
S31508005A302022DA67002300E0022318462037BD46F5
S31508005A4080BD80B58AB002AFF860B9603B60134686
S31508005A50FB80FB68D3F88030202B40F0B680BB680B
S31508005A60002B02D0FB88002B01D10123AEE0FB6896
S31508005A700022C3F88420FB682222C3F88020FB6832
S31508005A8000221A66FDF708F87861FB68FA88A3F819
S31508005A905820FB68FA88A3F85A20FB689B68B3F578
S31508005AA0805F0ED1FB681B69002B05D1FB6840F2AD
S31508005AB0FF12A3F85C202DE0FB68FF22A3F85C2008
S31508005AC028E0FB689B68002B0DD1FB681B69002B3F
S31508005AD004D1FB68FF22A3F85C201BE0FB687F2249
S31508005AE0A3F85C2016E0FB689B68B3F1805F0DD1D4
S31508005AF0FB681B69002B04D1FB687F22A3F85C2096
S31508005B0008E0FB683F22A3F85C2003E0FB6800225C
S31508005B10A3F85C20FB68B3F85C307B82FB689B6863
S31508005B20B3F5805F08D1FB681B69002B04D10023FD
S31508005B30FB61BB68BB6103E0BB68FB610023BB611B
S31508005B4037E03B6800937B6900222021F86800F063
S31508005B5043FC0346002B05D0FB682022C3F88020AF
S31508005B60032333E0FB69002B0CD1FB681B689B8C75
S31508005B709AB27B8A13409AB2BB691A80BB69023310
S31508005B80BB610DE0FB681B689B8C9BB2DAB27B8A13
S31508005B90DBB21340DAB2FB691A70FB690133FB61A9
S31508005BA0FB68B3F85A309BB2013B9AB2FB68A3F87C
S31508005BB05A20FB68B3F85A309BB2002BC1D1FB6858
S31508005BC02022C3F88020002300E00223184620374D
S31508005BD0BD4680BD2DE9B04F8AB000AFF8600023FE
S31508005BE087F82230FB689A68FB681B691A43FB68CA
S31508005BF05B691A43FB68DB6913437B62FB681B68B6
S31508005C001A68A44B1340FA681268796A0B43136042
S31508005C10FB681B685B6823F44051FB68DA68FB681D
S31508005C201B680A435A60FB689B697B62FB681B68B2
S31508005C30994A934204D0FB681B6A7A6A13437B62CB
S31508005C40FB681B689B6823F43061FB681B687A6AEB
S31508005C500A439A60FB681B68904A934226D1904B88
S31508005C60D3F8883003F00303032B1BD801A252F89C
S31508005C7023F000BF855C0008955C00088D5C000871
S31508005C809D5C0008012387F8233016E1022387F874
S31508005C90233012E1042387F823300EE1082387F81E
S31508005CA023300AE1102387F8233006E1FB681B68D6
S31508005CB07C4A934238D17A4BD3F8883003F00C03E8
S31508005CC00C2B2DD801A252F823F000BF015D000865
S31508005CD0215D0008215D0008215D0008115D0008AE
S31508005CE0215D0008215D0008215D0008095D0008A6
S31508005CF0215D0008215D0008215D0008195D000886
S31508005D00002387F82330D8E0022387F82330D4E02D
S31508005D10042387F82330D0E0082387F82330CCE023
S31508005D20102387F82330C8E0FB681B685E4A934255
S31508005D3025D15B4BD3F8883003F03003302B16D0CF
S31508005D40302B18D8202B0AD0202B14D8002B02D0A1
S31508005D50102B08D00FE0002387F82330ADE002238C
S31508005D6087F82330A9E0042387F82330A5E0082321
S31508005D7087F82330A1E0102387F823309DE0FB68DD
S31508005D801B684A4A934225D1454BD3F8883003F01D
S31508005D90C003C02B16D0C02B18D8802B0AD0802B56
S31508005DA014D8002B02D0402B08D00FE0002387F828
S31508005DB0233082E0022387F823307EE0042387F825
S31508005DC023307AE0082387F8233076E0102387F813
S31508005DD0233072E0FB681B68354A93422AD1304B60
S31508005DE0D3F8883003F44073B3F5407F1AD0B3F57F
S31508005DF0407F1BD8B3F5007F0CD0B3F5007F15D8CC
S31508005E00002B03D0B3F5807F08D00FE0002387F876
S31508005E10233052E0022387F823304EE0042387F824
S31508005E2023304AE0082387F8233046E0102387F812
S31508005E30233042E0FB681B68174A93423AD1184B55
S31508005E40D3F8883003F44063B3F5406F1AD0B3F53E
S31508005E50406F1BD8B3F5006F0CD0B3F5006F15D89B
S31508005E60002B03D0B3F5806F08D00FE0002387F826
S31508005E70233022E0022387F823301EE0042387F824
S31508005E8023301AE0082387F8233016E0102387F812
S31508005E90233012E0F369FFEF00800040003801402C
S31508005EA0001002400044004000480040004C0040FA
S31508005EB000500040102387F82330FB681B689F4A70
S31508005EC093427AD197F82330082B24D801A252F8A6
S31508005ED023F000BFF95E0008175F0008015F00089D
S31508005EE0175F0008075F0008175F0008175F0008BC
S31508005EF0175F00080F5F0008FDF796FEF86110E0CF
S31508005F008F4BFB610DE0FDF7F7FDF86109E04FF4F3
S31508005F100043FB6105E00023FB61012387F822307B
S31508005F2000BFFB69002B00F0FB80FB685A6813462C
S31508005F305B001344FA699A4205D3FB685B681B0346
S31508005F40FA699A4203D9012387F82230E8E0FB6907
S31508005F5000221C4615464FF000024FF000032B02A4
S31508005F6043EA14632202F96849684908002088460A
S31508005F70814612EB080A43EB090BFB685B680022B3
S31508005F803B607A60D7E9002350465946FAF7C6FDC2
S31508005F9002460B461346BB61BB69B3F5407F08D37F
S31508005FA0BB69B3F5801F04D2FB681B68BA69DA605F
S31508005FB0B6E0012387F82230B2E0FB68DB69B3F567
S31508005FC0004F5ED197F82330082B28D801A252F843
S31508005FD023F000BFF95F00080160000809600008A7
S31508005FE01F6000080F6000081F6000081F60000897
S31508005FF01F60000817600008FDF716FEF86114E038
S31508006000FDF728FEF86110E04D4BFB610DE0FDF74A
S3150800601073FDF86109E04FF40043FB6105E00023D6
S31508006020FB61012387F8223000BFFB69002B77D07C
S31508006030FB695A00FB685B685B081A44FB685B6887
S31508006040B2FBF3F3BB61BB690F2B16D9BB69B3F57A
S31508006050803F12D2BB699BB223F00F03FB82BB6958
S315080060605B089BB203F007039AB2FB8A1343FB82D1
S31508006070FB681B68FA8ADA6052E0012387F8223047
S315080060804EE097F82330082B27D801A252F823F0C0
S31508006090B5600008BD600008C5600008DB60000840
S315080060A0CB600008DB600008DB600008DB600008E6
S315080060B0D3600008FDF7B8FDF86114E0FDF7CAFDE6
S315080060C0F86110E01E4BFB610DE0FDF715FDF86168
S315080060D009E04FF40043FB6105E00023FB6101235F
S315080060E087F8223000BFFB69002B19D0FB685B6874
S315080060F05A08FB691A44FB685B68B2FBF3F3BB6199
S31508006100BB690F2B09D9BB69B3F5803F05D2BB69BB
S315080061109AB2FB681B68DA6002E0012387F822302E
S31508006120FB6800229A66FB680022DA6697F8223036
S3150800613018462837BD46BDE8B08F00BF008000402E
S315080061400024F40080B483B000AF78607B685B6A93
S3150800615003F00803002B0AD07B681B685B6823F4EE
S3150800616000417B685A6B7B681B680A435A607B68E8
S315080061705B6A03F00103002B0AD07B681B685B6827
S3150800618023F400317B689A6A7B681B680A435A6065
S315080061907B685B6A03F00203002B0AD07B681B68E6
S315080061A05B6823F480317B68DA6A7B681B680A437C
S315080061B05A607B685B6A03F00403002B0AD07B688D
S315080061C01B685B6823F480217B681A6B7B681B68F5
S315080061D00A435A607B685B6A03F01003002B0AD0F7
S315080061E07B681B689B6823F480517B689A6B7B6885
S315080061F01B680A439A607B685B6A03F02003002BDE
S315080062000AD07B681B689B6823F400517B68DA6BAD
S315080062107B681B680A439A607B685B6A03F04003E5
S31508006220002B1AD07B681B685B6823F480117B6897
S315080062301A6C7B681B680A435A607B681B6CB3F54B
S31508006240801F0AD17B681B685B6823F4C0017B68E2
S315080062505A6C7B681B680A435A607B685B6A03F062
S315080062608003002B0AD07B681B685B6823F4002137
S315080062707B689A6C7B681B680A435A6000BF0C37B8
S31508006280BD465DF8047B704780B598B002AF78606C
S315080062907B680022C3F88420FCF7FEFB78657B68E0
S315080062A01B681B6803F00803082B2ED16FF07E438A
S315080062B000937B6D00224FF40011786800F08CF88B
S315080062C00346002B21D07B681B68BB63BB6B53E876
S315080062D0003F7B637B6B23F080033B657B681B6811
S315080062E01A463B6D7B643A64396C7A6C41E8002344
S315080062F0FB63FB6B002BE6D17B682022DA677B68A1
S31508006300002283F87820032362E07B681B681B68F9
S3150800631003F00403042B49D16FF07E4300937B6D91
S3150800632000224FF48001786800F056F80346002BE7
S315080063303CD07B681B687B627B6A53E8003F3B6204
S315080063403B6A23F49073FB647B681B681A46FB6CF4
S315080063503B63FA62F96A3A6B41E80023BB62BB6A9F
S31508006360002BE6D17B681B6808333B613B6953E821
S31508006370003FFB60FB6823F00103BB647B681B6876
S315080063800833BA6CFA61BB61B969FA6941E8002356
S315080063907B617B69002BE5D17B682022C3F88020CE
S315080063A07B68002283F87820032311E07B6820228B
S315080063B0DA677B682022C3F880207B6800221A6689
S315080063C07B6800225A667B68002283F878200023BF
S315080063D018465837BD4680BD80B584B000AFF86012
S315080063E0B9603B601346FB714FE0BB69B3F1FF3FF1
S315080063F04BD0FCF751FB02463B68D31ABA699A425E
S3150800640002D3BB69002B01D103234EE0FB681B684E
S315080064101B6803F00403002B37D0BB68802B34D0ED
S31508006420BB68402B31D0FB681B68DB6903F00803A7
S31508006430082B10D1FB681B6808221A62F86800F05E
S3150800644038F8FB680822C3F88420FB68002283F822
S315080064507820012329E0FB681B68DB6903F40063E5
S31508006460B3F5006F11D1FB681B684FF400621A621E
S31508006470F86800F01EF8FB682022C3F88420FB6841
S31508006480002283F8782003230FE0FB681B68DA698B
S31508006490BB681340BA689A420CBF01230023DBB2DB
S315080064A01A46FB799A42A0D0002318461037BD46F3
S315080064B080BD80B495B000AF78607B681B687B634D
S315080064C07B6B53E8003F3B633B6B23F49073FB64A1
S315080064D07B681B681A46FB6C3B64FA63F96B3A6C7B
S315080064E041E80023BB63BB6B002BE6D17B681B68C6
S315080064F008333B623B6A53E8003FFB61FB6923F0C4
S315080065000103BB647B681B680833BA6CFA62BB621A
S31508006510B96AFA6A41E800237B627B6A002BE5D1F7
S315080065207B681B6E012B18D17B681B68FB60FB68B8
S3150800653053E8003FBB60BB6823F010037B647B68AD
S315080065401B681A467B6CBB617A617969BA6941E84E
S3150800655000233B613B69002BE6D17B682022C3F808
S3150800656080207B6800221A667B6800229A6600BF34
S315080065705437BD465DF8047B7047000080B500AF10
S315080065800449054803F0C6F903461A46034B1A7030
S3150800659000BF80BD20240020140000201C240020F9
S315080065A080B400AF00231846BD465DF8047B7047EB
S315080065B080B582B000AF0346FB71FB791846FAF73F
S315080065C0F7FD034618460837BD4680BD80B582B03C
S315080065D000AF0346FB71FB791846FAF7CFFE034670
S315080065E018460837BD4680BD80B584B000AFB9608F
S315080065F07A603B600346FB73F87B3B687A68B96848
S31508006600FAF7D2FE034618461037BD4680BD80B558
S3150800661084B000AFB9607A603B600346FB73F87BD1
S315080066203B687A68B968FAF729FF034618461037AF
S31508006630BD4680BD80B582B000AF03463A60FB71A7
S315080066400B46BB71B979FB793A681846FAF79AFF8F
S31508006650034618460837BD4680BD000080B584B09D
S3150800666000AF0346FB71FB79084A9B0013445B683D
S315080066705B68FA7905490A44127A10469847034630
S31508006680FB73FB7B18461037BD4680BD4C260020A1
S3150800669080B584B000AF0346FB710023FB73FB791A
S315080066A00D4AD35C002B11D1FB790B4A0121D15439
S315080066B0FB79094A9B0013445B681B68FA7906490B
S315080066C00A44127A104698470346FB73FB7B184622
S315080066D01037BD4680BD00BF4C26002090B587B058
S315080066E000AFB9607A603B600346FB73FB7B0A4ADE
S315080066F09B0013445B689C68FB7B074A1344187A23
S315080067003B687A68B968A0470346FB75FB7D18465F
S315080067101C37BD4690BD00BF4C26002090B587B0FB
S3150800672000AFB9607A603B600346FB73FB7B0A4A9D
S315080067309B0013445B68DC68FB7B074A1344187AA2
S315080067403B687A68B968A0470346FB75FB7D18461F
S315080067501C37BD4690BD00BF4C26002080B584B0CE
S3150800676000AF03463A60FB710B46BB71FB79094AD9
S315080067709B0013445B681B69FA7906490A44107A38
S31508006780B9793A6898470346FB73FB7B1846103776
S31508006790BD4680BD4C26002080B485B000AF786029
S315080067A07B6801331B78FB81B7F90E301B021AB2DE
S315080067B07B681B781BB213431BB2FB81FB89184607
S315080067C01437BD465DF8047B704780B485B000AFCA
S315080067D078607B6803331B78FB60FB681B027A686A
S315080067E0023212781343FB60FB681B027A68013297
S315080067F012781343FB60FB681B027A68127813430E
S31508006800FB60FB6818461437BD465DF8047B704785
S3150800681080B483B000AF78600B467B807B685A1CD7
S315080068207A607A88D2B21A707B881B0A7B807B686A
S315080068305A1C7A607A88D2B21A7000BF0C37BD46E5
S315080068405DF8047B704780B483B000AF7860396028
S315080068507B685A1C7A603A68D2B21A703B681B0A7F
S315080068603B607B685A1C7A603A68D2B21A703B68F9
S315080068701B0A3B607B685A1C7A603A68D2B21A7067
S315080068803B681B0A3B607B685A1C7A603A68D2B23E
S315080068901A7000BF0C37BD465DF8047B704780B49C
S315080068A087B000AFF860B9607A60FB687B61BB6847
S315080068B03B617B68002B0DD03A69531C3B617B69B1
S315080068C0591C796112781A707B68013B7B607B687A
S315080068D0002BF1D100BF1C37BD465DF8047B70471D
S315080068E080B487B000AFF860B9607A60FB687B61F6
S315080068F07B695A1C7A61BA68D2B21A707B68013B06
S315080069007B607B68002BF3D100BF00BF1C37BD46F8
S315080069105DF8047B704780B489B000AFF860B96051
S315080069207A60FB68FB61BB68BB6100237B61FB691E
S315080069305A1CFA611B781946BB695A1CBA611B783E
S31508006940CB1A7B617B68013B7B607B68002B02D09E
S315080069507B69002BEBD07B6918462437BD465DF86A
S31508006960047B704780B483B000AF7860396002E07A
S315080069707B6801337B607B681B78002B05D07B68BE
S315080069801B781A463B689342F2D17B681B781846F7
S315080069900C37BD465DF8047B7047000080B485B0AF
S315080069A000AF786039600023BB60BB68FB6029E0F4
S315080069B0274AFB681B0113441B68002B1DD0244A79
S315080069C0FB681B0113441A687B681B689A4216D138
S315080069D01F4AFB681B01134404331A687B689B68CB
S315080069E09A420CD11A4AFB681B01134408331A68E9
S315080069F07B685B699A4202D107E00123BB60FB68AA
S31508006A000133FB60FB68012BD2D9FB68022B09D145
S31508006A10BB68002B02D13B68022B01D1002310E092
S31508006A2012230EE03B68002B08D1094AFB681B01BC
S31508006A3013440C331B88B3F5807F01D1102300E083
S31508006A40002318461437BD465DF8047B704700BF1F
S31508006A502C24002080B483B000AF00237B6002E0C2
S31508006A607B6801337B607B68012B06D8094A7B6803
S31508006A701B0113441B68002BF2D17B68022B14BF41
S31508006A8001230023DBB218460C37BD465DF8047BAC
S31508006A90704700BF2C24002080B485B000AF786012
S31508006AA039600023FB601FE0414AFB681B01134461
S31508006AB01A687B681B689A4213D13D4AFB681B011A
S31508006AC0134404331A687B689B689A4209D1384A8A
S31508006AD0FB681B01134408331A687B685B699A4292
S31508006AE006D0FB680133FB60FB68012BDCD900E0AC
S31508006AF000BFFB68022B32D10023FB6002E0FB6873
S31508006B000133FB60FB68012B06D8294AFB681B0189
S31508006B1013441B68002BF2D1FB68022B01D100231A
S31508006B2040E07B681A682249FB681B010B441A601F
S31508006B307B689A681E49FB681B010B4404331A607C
S31508006B407B685A691A49FB681B010B4408331A60AB
S31508006B50174AFB681B0113440C3300221A803B6852
S31508006B60002B09D0124AFB681B0113440C331B88FF
S31508006B70002B01D0002315E03B68002B08D10C4AF6
S31508006B80FB681B0113440C331B8801339AB201E0DE
S31508006B904FF480720649FB681B010B440C331A80BC
S31508006BA0FB68013318461437BD465DF8047B704709
S31508006BB02C24002080B485B000AF78607B68013B48
S31508006BC07B607B68012B25D8174A7B681B01134419
S31508006BD00C331B88FB81FB89B3F5807F01D1002329
S31508006BE0FB81FB89002B02D0FB89013BFB810E4A06
S31508006BF07B681B0113440C33FA891A80FB89002B26
S31508006C0005D1094A7B681B01134400221A60002338
S31508006C107B7301E002237B737B7B18461437BD46E2
S31508006C205DF8047B704700BF2C24002080B485B033
S31508006C3000AF78600023FB6010E00D4AFB681B017B
S31508006C4013441B687A689A4205D1094AFB681B01F6
S31508006C50134400221A60FB680133FB60FB68012BB2
S31508006C60EBD900BF00BF1437BD465DF8047B7047FB
S31508006C702C24002080B586B000AF78600023FB7313
S31508006C807B68DB78002B34D07B685B6B7B617B6829
S31508006C9058787B6803F1380101237A69FFF73EFDCE
S31508006CA00346002B02D00123FB7322E07B680022F7
S31508006CB0DA707B689B6A7A69D21A7B681B6A9A4281
S31508006CC017D27B689B783B6110E07B681B6A7A6900
S31508006CD013447B617B6858787B6803F1380101238C
S31508006CE07A69FFF71BFD3B69013B3B613B69012B59
S31508006CF0EBD8FB7B18461837BD4680BD80B584B0F7
S31508006D0000AF786039600023FB737B685B6B3A6879
S31508006D109A421BD07868FFF7ADFF0346FB73FB7BEF
S31508006D20002B13D17B6858787B6803F1380101235F
S31508006D303A68FFF7D3FC0346002B04D04FF0FF3325
S31508006D403B600123FB737B683A685A63FB7B1846F2
S31508006D501037BD4680BD000080B584B000AF7860AE
S31508006D607868FFF787FF0346FB73FB7B002B59D137
S31508006D707B681B78032B49D17B681B79012B45D18E
S31508006D807B6803F138007B689B891A460021FFF768
S31508006D90A7FD7B68383303F5FF734AF65521184675
S31508006DA0FFF736FD7B68383321491846FFF74BFD58
S31508006DB07B68383303F5F2731E491846FFF743FD1F
S31508006DC07B68383303F5F4727B689B69194610466D
S31508006DD0FFF739FD7B68383303F5F6727B685B6924
S31508006DE019461046FFF72FFD7B685B6A5A1C7B68BD
S31508006DF05A637B6858787B6803F138017B685A6B5D
S31508006E000123FFF78BFC7B6800221A717B685B788D
S31508006E10002200211846FFF7A1FC0346002B01D0EB
S31508006E200123FB73FB7B18461037BD4680BD00BFA8
S31508006E30525261417272416180B483B000AF78608A
S31508006E4039603B68023B3B607B68DB69023B3A681A
S31508006E509A4201D3002308E07B685B891A463B689F
S31508006E6003FB02F27B681B6B134418460C37BD46BE
S31508006E705DF8047B704780B586B000AF78603960EE
S31508006E807B681B683B613B68012B04D93B69DB695E
S31508006E903A689A4202D301237B61BAE04FF0FF3386
S31508006EA07B613B691B78032B00F08280032B00F380
S31508006EB0A680012B02D0022B55D0A0E03B68FB60D0
S31508006EC0FB685B08FA681344FB603B699A6A3B698E
S31508006ED09B891946FB68B3FBF1F3134419463869D5
S31508006EE0FFF70CFF0346002B40F08C80FB685A1C0A
S31508006EF0FA603A699289B3FBF2F101FB02F29B1A36
S31508006F003A69134493F83830BB603B699A6A3B691F
S31508006F109B891946FB68B3FBF1F313441946386994
S31508006F20FFF7ECFE0346002B6ED13B699B891A4698
S31508006F30FB68B3FBF2F101FB02F29B1A3A691344B0
S31508006F4093F838301B02BA681343BB603B6803F0FA
S31508006F500103002B02D0BB681B0902E0BB68C3F320
S31508006F600B037B6155E03B699A6A3B699B895B0821
S31508006F709BB219463B68B3FBF1F3134419463869CB
S31508006F80FFF7BCFE0346002B40D13B6903F13801ED
S31508006F903B685B003A699289B3FBF2F000FB02F2A8
S31508006FA09B1A0B441846FFF7F7FB03467B6130E054
S31508006FB03B699A6A3B699B899B089BB219463B6861
S31508006FC0B3FBF1F3134419463869FFF797FE0346F6
S31508006FD0002B1DD13B6903F138013B689B003A69D8
S31508006FE09289B3FBF2F000FB02F29B1A0B44184697
S31508006FF0FFF7EBFB034623F070437B6109E00123AF
S315080070007B6106E000BF04E000BF02E000BF00E0CD
S3150800701000BF7B6918461837BD4680BD90B589B054
S3150800702000AFF860B9607A600223FB77BB68012B72
S3150800703040F20981FB68DB69BA689A4280F00381ED
S31508007040FB681B78032B00F0B680032B00F3FB804C
S31508007050012B03D0022B00F08380F4E0BB68BB61F0
S31508007060BB695B08BA691344BB61FB689A6AFB682B
S315080070709B891946BB69B3FBF1F313441946F868B3
S31508007080FFF73CFE0346FB77FB7F002B40F0D480DE
S31508007090FB6803F13801BB695A1CBA61FA68928920
S315080070A0B3FBF2F000FB02F29B1A0B447B61BB6850
S315080070B003F00103002B0DD07B691B785BB203F04C
S315080070C00F035AB27B685BB21B015BB213435BB218
S315080070D0DBB201E07B68DBB27A691370FB680122D8
S315080070E0DA70FB689A6AFB689B891946BB69B3FB29
S315080070F0F1F313441946F868FFF700FE0346FB77D9
S31508007100FB7F002B40F09A80FB6803F13801FB688F
S315080071109B891A46BB69B3FBF2F000FB02F29B1A85
S315080071200B447B61BB6803F00103002B03D07B682B
S315080071301B09DBB20EE07B691B785BB223F00F03F9
S315080071405AB27B681B0A5BB203F00F035BB21343A8
S315080071505BB2DBB27A691370FB680122DA7072E0FF
S31508007160FB689A6AFB689B895B089BB21946BB68F1
S31508007170B3FBF1F313441946F868FFF7BFFD03465E
S31508007180FB77FB7F002B5BD1FB6803F13801BB68FB
S315080071905B00FA689289B3FBF2F000FB02F29B1AD5
S315080071A00B447A6892B211461846FFF731FBFB6822
S315080071B00122DA7047E0FB689A6AFB689B899B089C
S315080071C09BB21946BB68B3FBF1F313441946F8683A
S315080071D0FFF794FD0346FB77FB7F002B32D17B68D4
S315080071E023F07044FB6803F13801BB689B00FA681A
S315080071F09289B3FBF2F000FB02F29B1A0B44184685
S31508007200FFF7E3FA034603F0704323437B60FB680A
S3150800721003F13801BB689B00FA689289B3FBF2F068
S3150800722000FB02F29B1A0B4479681846FFF70BFB22
S31508007230FB680122DA7006E000BF04E000BF02E046
S3150800724000BF00E000BFFB7F18462437BD4690BD4F
S3150800725080B588B000AFF860B9607A600023FB7724
S31508007260FB681B68BB61BB68012B04D9BB69DB697A
S31508007270BA689A4201D302234BE07B68002B0CD0F4
S315080072804FF0FF327968B869FFF7C8FE0346FB7707
S31508007290FB7F002B01D0FB7F3BE0B968F868FFF75E
S315080072A0EAFD78617B69002B31D07B69012B01D11E
S315080072B002232EE07B69B3F1FF3F01D1012328E0C9
S315080072C00022B968B869FFF7A9FE0346FB77FB7F7A
S315080072D0002B01D0FB7F1CE0BB699A69BB69DB699F
S315080072E0023B9A420BD2BB699B695A1CBB699A61DD
S315080072F0BB691B7943F00103DAB2BB691A717B6972
S31508007300BB60BB69DB69BA689A42C6D300E000BFB6
S31508007310002318462037BD4680BD80B588B000AF2B
S31508007320786039607B681B683B613B68002B0DD130
S315080073303B695B69BB61BB69002B04D03B69DB69B0
S31508007340BA699A421BD30123BB6118E03968786889
S31508007350FFF791FDF860FB68012B01D8012370E067
S31508007360FB68B3F1FF3F01D1FB686AE03B69DB6963
S31508007370FA689A4201D2FB6863E03B68BB61BB6965
S31508007380FB61FB690133FB613B69DB69FA699A4278
S3150800739007D30223FB61FA69BB699A4201D9002324
S315080073A04FE0F9697868FFF766FDF860FB68002B1F
S315080073B00ED0FB68012B03D0FB68B3F1FF3F01D168
S315080073C0FB683EE0FA69BB699A42DAD1002338E0E5
S315080073D000BF4FF0FF32F9693869FFF71FFE034611
S315080073E0FB75FB7D002B09D13B68002B06D0FA699B
S315080073F039683869FFF712FE0346FB75FB7D002BDB
S3150800740016D13B69FA695A613B699A693B69DB6936
S31508007410023B9A4204D83B699B695A1E3B699A61AA
S315080074203B691B7943F00103DAB23B691A7107E03D
S31508007430FB7D012B02D14FF0FF3300E00123FB61F6
S31508007440FB6918462037BD4680BD80B487B000AFBB
S31508007450786039607B681B68FB607B68DB6A04338D
S315080074603B61FB689B891A463B68B3FBF2F3FA68F3
S315080074705289B3FBF2F37B613B691A1D3A611B68BB
S31508007480BB60BB68002B01D1002310E07A69BB689A
S315080074909A4207D37A69BB68D31A7B613B6904337E
S315080074A03B61E9E700BF3B691A687B6913441846E4
S315080074B01C37BD465DF8047B704780B586B000AFC3
S315080074C0786039607B681B683B613B68B3F5001FD1
S315080074D004D23B6803F01F03002B01D0022371E09E
S315080074E07B683A685A617B689B687B617B69002B7D
S315080074F006D13B691B78022B02D93B69DB6A7B61A3
S315080075007B69002B0CD13B685B093A691289934267
S3150800751001D3022356E03B69DA6A7B68DA612DE01B
S315080075203B695B891A463B699B8902FB03F3FB604F
S3150800753019E07B6879691846FFF79DFC78617B69D5
S31508007540B3F1FF3F01D101233CE07B69012B04D94C
S315080075503B69DB697A699A4201D3022332E03A68C9
S31508007560FB68D31A3B603A68FB689A42E1D27969AC
S315080075703869FFF761FC02467B68DA617B687A69DD
S315080075809A617B68DB69002B01D102231AE07B68CC
S31508007590DA693B699B8919463B68B3FBF1F31A44E0
S315080075A07B68DA613B6903F138013B699B891A46B6
S315080075B03B68B3FBF2F000FB02F29B1ACA187B6821
S315080075C01A62002318461837BD4680BD80B586B0B6
S315080075D000AF786039607B681B68FB607B685B6915
S315080075E02033BB607B68DB69002B03D0BB68B3F52F
S315080075F0001F01D30423BBE0FB689B891A46BB68BE
S31508007600B3FBF2F101FB02F29B1A002B40F09D80BE
S315080076107B68DB695A1C7B68DA617B689B69002B8F
S315080076200BD1BB685B09FA6812899342C0F08D805A
S315080076307B680022DA6104239AE0FB689B891A4674
S31508007640BB68B3FBF2F3FA685289013A1340002B80
S315080076507BD17A687B689B6919461046FFF70BFC55
S3150800766078617B69012B01D8022381E07B69B3F13C
S31508007670FF3F01D101237BE0FB68DB697A699A4207
S3150800768059D33B68002B04D17B680022DA610423B6
S315080076906EE07A687B689B6919461046FFF73DFEDF
S315080076A078617B69002B01D1072361E07B69012B97
S315080076B001D102235CE07B69B3F1FF3F01D10123CD
S315080076C056E0F868FFF7D6FA0346002B01D00123E7
S315080076D04EE0FB6803F13800FB689B891A460021D7
S315080076E0FFF7FEF800233B617969F868FFF7A4FB0A
S315080076F00246FB685A6312E0FB680122DA70F868F2
S31508007700FFF7B8FA0346002B01D0012330E03B69A6
S3150800771001333B61FB685B6B5A1CFB685A63FB6869
S315080077205B891A463B699342E6D3FB685A6B3B6909
S31508007730D21AFB685A637B687A699A617969F8682C
S31508007740FFF77AFB02467B68DA617B68BA685A619A
S31508007750FB6803F13801FB689B891A46BB68B3FBD3
S31508007760F2F000FB02F29B1ACA187B681A62002321
S3150800777018461837BD4680BD80B586B000AF78601C
S3150800778039607B681B68FB6000217868FFF795FE07
S315080077900346FB75FB7D002B2BD100233B617B68E1
S315080077A0DB691946F868FFF7A9FA0346FB75FB7DFE
S315080077B0002B1DD17B681B6A1B78E52B04D07B68E0
S315080077C01B6A1B78002B07D13B6901333B613A6979
S315080077D03B689A4202D10CE000233B61012178689C
S315080077E0FFF7F4FE0346FB75FB7D002BD7D000E0C0
S315080077F000BFFB7D042B01D10723FB75FB7D1846D3
S315080078001837BD4680BD80B584B000AF7860396052
S315080078103B681A331846FEF7BFFF0346FB607B68D2
S315080078201B78032B09D13B6814331846FEF7B4FFBF
S3150800783003461B04FA681343FB60FB6818461037B7
S31508007840BD4680BD80B584B000AFF860B9607A6087
S31508007850BB681A337A6892B211461846FEF7D8FF03
S31508007860FB681B78032B09D1BB6803F114027B68FC
S315080078701B0C9BB219461046FEF7CAFF00BF10370D
S31508007880BD4680BD90B587B000AF786039603B686B
S315080078901A331846FEF780FF0346002B01D0002353
S315080078A059E03B681B7803F03F035A1E13465B00FA
S315080078B013449B0013447B610123FB8100233B6136
S315080078C033E0274A3B6913441B781A463B6813443E
S315080078D01846FEF761FF0346BB81FB89002B1AD0C9
S315080078E07B69FE2B12D8BB89184602F05FF803465F
S315080078F01C467B695A1C7A615B007A6813441B88AC
S31508007900184602F053F803469C4201D0002322E0B1
S31508007910BB89FB8106E0BB894FF6FF72934201D013
S31508007920002318E03B6901333B613B690C2BC8D93E
S315080079303B681B7803F04003002B0BD0FB89002B18
S3150800794008D07B695B007A6813441B88002B01D03A
S31508007950002300E0012318461C37BD4690BD00BF32
S3150800796014D0000880B588B000AFF860B960114639
S315080079701A460B46FB711346BB71BB680D33BA79C1
S315080079801A70BB680B330F221A70BB680C330022BF
S315080079901A70BB681A3300211846FEF739FFFB79BF
S315080079A05A1E13465B0013449B001344FB610023D5
S315080079B0FB820023BB61FB8A4FF6FF72934207D016
S315080079C0FB695A1CFA615B00FA6813441B88FB8240
S315080079D0174ABB6913441B781A46BB681344FA8ACC
S315080079E011461846FEF714FFFB8A002B02D14FF604
S315080079F0FF73FB82BB690133BB61BB690C2BDAD908
S31508007A00FB8A4FF6FF72934206D0FB695B00FA6861
S31508007A1013441B88002B03D1FB7943F04003FB7109
S31508007A20BB68FA791A7000BF2037BD4680BD00BF13
S31508007A3014D0000880B58CB000AFF860B9607A60E1
S31508007A403B600B22B968F868FEF729FF3B68052BEF
S31508007A502BD93B68FB6122E07B689A1C7A601B88FD
S31508007A607B840023BB6217E0FB695A007B8C03F01A
S31508007A7001031344FB617B8C5B087B84FB6903F47D
S31508007A808033002B05D0FB6983F4883383F0210308
S31508007A90FB61BB6A0133BB62BB6A0F2BE4D97B6807
S31508007AA01B88002BD8D1FB693B600723BB623B6868
S31508007AB0DBB203F00F03DBB2303387F82F3097F8C9
S31508007AC02F30392B04D997F82F30073387F82F3002
S31508007AD0BB6A5A1EBA6230333B4497F82F2003F824
S31508007AE01C2C3B681B093B603B68002BDFD107F168
S31508007AF01402BB6A13447E221A7000237B6202E0DA
S31508007B007B6A01337B627A6ABB6A9A4205D2FA6853
S31508007B107B6A13441B78202BF2D1BB6A072B07D844
S31508007B20BB6A5A1CBA6230333B4413F81C1C00E08B
S31508007B3020217B6A5A1C7A62FA6813440A461A702C
S31508007B407B6A072BE9D900BF00BF3037BD4680BD29
S31508007B5080B485B000AF78600023FB730B23BB604D
S31508007B60FB7BDAB25208DB011343DAB27B68591C95
S31508007B7079601B781344FB73BB68013BBB60BB6829
S31508007B80002BEDD1FB7B18461437BD465DF8047B08
S31508007B90704780B586B000AF78607B681B683B612C
S31508007BA000217868FFF789FC0346FB75FB7D002BEF
S31508007BB001D0FB7DA9E0FF233B753B7D7B757B6888
S31508007BC04FF0FF321A637B68DB6919463869FFF79D
S31508007BD095F80346FB75FB7D002B40F090807B688B
S31508007BE01B6A1B78BB75BB7D002B02D10423FB7572
S31508007BF08AE07B681B6A0B331B7803F03F03FB7331
S31508007C007B68FA7B9A71BB7DE52B07D0FB7B03F07B
S31508007C100803002B09D0FB7B0F2B06D0FF237B75AF
S31508007C207B684FF0FF321A635EE0FB7B0F2B36D181
S31508007C307B6893F82F3003F04003002B54D1BB7DAB
S31508007C4003F04003002B0DD07B681B6A5B7B3B75FA
S31508007C50BB7D23F04003BB75BB7D7B757B685A698A
S31508007C607B681A63BA7D7B7D9A4215D17B681B6A4D
S31508007C700D331B783A7D9A420ED13B691A697B68A7
S31508007C801B6A19461046FFF7FDFD0346002B03D075
S31508007C907B7D013BDBB200E0FF237B7524E07B7D27
S31508007CA0002B09D17B681B6A1846FFF751FF03466C
S31508007CB01A463B7D934224D07B6893F82F3003F015
S31508007CC00103002B0AD17B68186A7B6824330B22D0
S31508007CD01946FEF720FE0346002B14D0FF237B75BA
S31508007CE07B684FF0FF321A6300217868FFF76EFC55
S31508007CF00346FB75FB7D002B3FF465AF04E000BF30
S31508007D0002E000BF00E000BFFB7D18461837BD46FD
S31508007D1080BD000080B58CB000AF78607B681B68BA
S31508007D20FB617B6893F82F3003F0A003002B01D08A
S31508007D300623E0E000237B6202E07B6A01337B6274
S31508007D40FB691A697B6A5B0013441B88002BF4D114
S31508007D507B6803F1240107F10C030C221846FEF791
S31508007D609EFDFB7D03F00103002B32D07B68402289
S31508007D7083F82F200123BB6216E07B6803F12400F9
S31508007D80FB691A6907F10C01BB6AFFF753FE7868AD
S31508007D90FFF7FFFE034687F82F3097F82F30002BA2
S31508007DA006D1BB6A0133BB62BB6A632BE5D900E027
S31508007DB000BFBB6A642B01D107239CE097F82F30DC
S31508007DC0042B02D097F82F3095E0FA7D7B6883F86C
S31508007DD02F20FB7D03F00203002B07D07B6A0C33B0
S31508007DE0474AA2FB03239B08013300E001233B62B9
S31508007DF0396A7868FFF7C0FC034687F82F3097F88A
S31508007E002F30002B48D13B6A013B3B623B6A002B73
S31508007E1042D07B685A693B6A5B01D31A194678686F
S31508007E20FFF74BFB034687F82F3097F82F30002BC8
S31508007E3032D17B6824331846FFF78AFE0346FB7661
S31508007E407B68DB691946F869FEF758FF034687F829
S31508007E502F3097F82F30002B1DD1FB6918697B68E6
S31508007E60196A3B6ADAB2FB7EFFF77CFDFB690122E1
S31508007E70DA7000217868FFF7A9FB034687F82F30E8
S31508007E8097F82F30002B07D13B6A013B3B623B6AD0
S31508007E90002BD5D100E000BF97F82F30002B28D152
S31508007EA07B68DB691946F869FEF728FF034687F8F9
S31508007EB02F3097F82F30002B1BD17B681B6A2022A6
S31508007EC000211846FEF70CFD7B68186A7B68243388
S31508007ED00B221946FEF7E3FC7B6893F82F207B6894
S31508007EE01B6A0C3302F01802D2B21A70FB6901221F
S31508007EF0DA7097F82F3018463037BD4680BD00BF78
S31508007F004FECC44E80B58AB000AF786039603B68E4
S31508007F101B683B617B681B681B69FB6000237B61F0
S31508007F207B69BB61BB695A1CBA613A6913441B7801
S31508007F30BB84BB8C1F2B40D9BB8C2F2B06D0BB8C8C
S31508007F405C2B10D102E0BB690133BB613A69BB699E
S31508007F5013441B782F2BF6D03A69BB6913441B7858
S31508007F605C2BF0D02AE07B69FE2B01D906237DE144
S31508007F70BB8CDBB2BB84BB8C0121184601F0DAFC52
S31508007F800346BB84BB8C002B01D106236EE1BB8C58
S31508007F907F2B09D8BB8C19468D48FEF7E3FC0346B0
S31508007FA0002B01D0062361E17B695A1C7A615B00CC
S31508007FB0FA681344BA8C1A80B4E700BF3A69BB69F9
S31508007FC01A443B681A60BB8C1F2B01D8042300E0B7
S31508007FD0002387F8273011E07B6903F10043013B52
S31508007FE05B00FA6813441B88BB84BB8C202B02D029
S31508007FF0BB8C2E2B06D17B69013B7B617B69002BF1
S31508008000EAD100E000BF7B695B00FA6813440022EE
S315080080101A807B69002B01D1062327E17B6824336C
S315080080200B2220211846FEF75BFC0023BB6102E009
S31508008030BB690133BB61BB695B00FA6813441B88E3
S31508008040202BF5D0BB695B00FA6813441B882E2BDE
S31508008050EED0BB69002B09D097F8273043F003030D
S3150800806087F8273002E07B69013B7B617B69002B3F
S3150800807009D07B6903F10043013B5B00FA681344AE
S315080080801B882E2BEFD1002387F8263000233B626E
S315080080900823FB61BB695A1CBA615B00FA68134482
S315080080A01B88BB84BB8C002B00F09080BB8C202BDC
S315080080B006D0BB8C2E2B0AD1BA697B699A4206D0A8
S315080080C097F8273043F0030387F827307DE03A6AAC
S315080080D0FB699A4203D2BA697B699A4223D1FB6942
S315080080E00B2B06D197F8273043F0030387F8273080
S315080080F075E0BA697B699A4205D097F8273043F04C
S31508008100030387F82730BA697B699A4266D87B6980
S31508008110BB6108233B620B23FB6197F826309B0063
S3150800812087F8263051E0BB8C7F2B14D9BB8C0021F5
S31508008130184601F0FFFB0346BB84BB8C002B04D01A
S31508008140BB8C803B234AD35CBB8497F8273043F02B
S31508008150020387F82730BB8C002B07D0BB8C194647
S315080081601D48FEF7FFFB0346002B08D05F23BB84A0
S3150800817097F8273043F0030387F827301BE0BB8CBA
S31508008180402B09D9BB8C5A2B06D897F8263043F0D2
S31508008190020387F826300EE0BB8C602B0BD9BB8C0C
S315080081A07A2B08D897F8263043F0010387F826304B
S315080081B0BB8C203BBB843B6A5A1C3A62BA8CD1B250
S315080081C07A6813440A4683F8242063E700BF06E06A
S315080081D0F8CE000894CF000804CF000800BF7B68DB
S315080081E093F82430E52B03D17B68052283F82420F5
S315080081F0FB69082B04D197F826309B0087F82630B0
S3150800820097F8263003F00C030C2B05D097F8263088
S3150800821003F00303032B05D197F8273043F0020335
S3150800822087F8273097F8273003F00203002B17D179
S3150800823097F8263003F00303012B05D197F827306A
S3150800824043F0100387F8273097F8263003F00C031D
S31508008250042B05D197F8273043F0080387F8273011
S315080082607B6897F8272083F82F200023184628379D
S31508008270BD4680BD80B586B000AF786039607B6842
S315080082803B613B691B68FB6002E03B6801333B606E
S315080082903B681B782F2BF8D03B681B785C2BF4D0F7
S315080082A03B6900229A603B681B781F2B0AD87B68BB
S315080082B0802283F82F2000217868FFF7FEF803460E
S315080082C0FB7548E03B4619467868FFF71BFE0346F0
S315080082D0FB75FB7D002B39D17868FFF75AFC0346FE
S315080082E0FB757B6893F82F30FB72FB7D002B0AD059
S315080082F0FB7D042B2CD1FB7A03F00403002B27D13A
S315080083000523FB7524E0FB7A03F00403002B21D137
S315080083103B699B7903F01003002B02D10523FB75FB
S3150800832019E0FB6803F138017B685B69FA68928992
S31508008330B3FBF2F000FB02F29B1A0B441946F868ED
S31508008340FFF761FA02463B699A60BBE700BF02E0A5
S3150800835000BF00E000BFFB7D18461837BD4680BD4C
S3150800836080B487B000AF78604FF0FF333B617B681D
S315080083701B68002B31D07B681B687B6102E07B6938
S3150800838001337B617B691B781F2B03D97B691B78BB
S315080083903A2BF4D17B691B783A2B1CD17B681B6876
S315080083A0FB60FB685A1CFA601B78303BBB60BB68F5
S315080083B0092B0ED8FA687B699A420AD1BB68002B4A
S315080083C007D1BB683B617B6901337B617B687A694E
S315080083D01A603B6902E000233B613B6918461C377B
S315080083E0BD465DF8047B704780B582B000AF786003
S315080083F039607B680022DA707B684FF0FF325A6377
S3150800840039687868FEF77AFC0346002B01D0042306
S3150800841038E07B68383303F5FF731846FEF7BCF976
S3150800842003461A464AF655239A4201D0032329E001
S315080084307B6893F83830E92B09D07B6893F8383095
S31508008440EB2B1ED17B6893F83A30902B19D17B68B9
S31508008450383336331846FEF7B8F9034623F07F4318
S315080084600A4A934201D100230CE07B683833523321
S315080084701846FEF7AAF90346054A934201D1002396
S3150800848000E0022318460837BD4680BD4641540021
S315080084904641543380B596B000AFF860B9601346CC
S315080084A0FB71BB6800221A60F868FFF759FFF8638A
S315080084B0FB6B002B01DA0B2365E29F4AFB6B52F834
S315080084C02330BB63BB6B002B01D10C235BE2BB687B
S315080084D0BA6B1A60FB7923F00103FB71BB6B1B783F
S315080084E0002B1AD0BB6B5B781846FEF7B7F8034625
S315080084F087F8373097F8373003F00103002B0CD193
S31508008500FB79002B07D097F8373003F00403002BCC
S3150800851001D00A2337E2002335E2BB6B00221A702A
S31508008520FB6BDAB2BB6B5A70BB6B5B781846FEF70F
S31508008530AFF8034687F8373097F8373003F001036A
S31508008540002B01D003231EE2FB79002B07D097F8F6
S31508008550373003F00403002B01D00A2313E2BB6B68
S315080085605878BB6B0C331A460221FEF7F7F8034618
S31508008570002B01D0012306E2BB6B9B89B3F5805F14
S315080085800DD8BB6B9B89B3F5007F08D3BB6B9B8962
S315080085901A46BB6B9B89013B1340002B01D0012374
S315080085A0F1E100233B65396DB86BFFF71DFF034604
S315080085B087F8573097F85730022B49D100233B6488
S315080085C01EE0BB6B03F138023B6C1B0103F5DF733E
S315080085D013443B633B6B04331B78002B06D03B6B81
S315080085E008331846FEF7F1F8024600E000223B6C15
S315080085F09B0058333B4443F8442C3B6C01333B64A3
S315080086003B6C032BDDD900233B643B6C002B02D06B
S315080086103B6C013B3B643B6C9B0058333B4453F833
S31508008620443C3B653B6D002B05D0396DB86BFFF7B5
S31508008630DBFE034600E0032387F8573097F85730E8
S31508008640012B05D93B6C01333B643B6C032BE2D908
S3150800865097F85730042B01D1012394E197F8573046
S31508008660012B01D90D238EE1BB6B38330B3318462A
S31508008670FEF792F803461A46BB6B9B899A4201D0CD
S315080086800D2380E1BB6B383316331846FEF784F8A2
S315080086900346FB64FB6C002B06D1BB6B38332433D3
S315080086A01846FEF792F8F864BB6BFA6C1A62BB6B55
S315080086B093F84820BB6B9A70BB6B9B78012B05D04F
S315080086C0BB6B9B78022B01D00D235CE1BB6B9B78BF
S315080086D01A46FB6C02FB03F3FB64BB6B93F845304D
S315080086E01A46BB6B5A81BB6B5B89002B08D0BB6BE8
S315080086F05B891A46BB6B5B89013B1340002B01D093
S315080087000D2340E1BB6B383311331846FEF744F8A6
S3150800871003461A46BB6B1A81BB6B1B89BA6B9289D7
S31508008720520992B2B3FBF2F101FB02F29B1A9BB219
S31508008730002B03D00D2326E124240020BB6B3833FD
S3150800874013331846FEF728F80346BB64BB6C002BA8
S3150800875006D1BB6B383320331846FEF736F8B864B3
S31508008760BB6B38330E331846FEF716F80346FB85FF
S31508008770FB8D002B01D10D2305E1FA8DFB6C13440B
S31508008780BA6B1189BA6B9289520992B2B1FBF2F2AD
S3150800879092B21344BB62BA6CBB6A9A4201D20D23E9
S315080087A0F1E0BA6CBB6AD31ABA6B5289B3FBF2F31F
S315080087B07B627B6A002B01D10D23E4E0032387F853
S315080087C057307B6A4FF6F572934202D8022387F830
S315080087D057307B6A40F6F572934202D8012387F830
S315080087E057307B6A9A1CBB6BDA61BB6B3A6D5A626F
S315080087F0FA8D3B6D1A44BB6B9A623A6DBB6A1A4492
S31508008800BB6B1A6397F85730032B1ED1BB6B3833F3
S315080088102A331846FDF7C0FF0346002B01D00D2367
S31508008820B1E0BB6B1B89002B01D00D23ABE0BB6B02
S3150800883038332C331846FDF7C8FF0246BB6BDA629D
S31508008840BB6BDB699B007B641FE0BB6B1B89002B42
S3150800885001D10D2397E0BB6B9A6AFB6C1A44BB6B7C
S31508008860DA6297F85730022B03D1BB6BDB695B00E2
S315080088700AE0BB6BDA6913465B0013445A08BB6B04
S31508008880DB6903F0010313447B64BB6B1A6ABB6B99
S315080088909B8919467B6C0B44013BB96B8989B3FBF1
S315080088A0F1F39A4201D20D236DE0BB6B4FF0FF3214
S315080088B09A61BB6B9A69BB6B5A61BB6B80221A7152
S315080088C097F85730032B49D1BB6B383330331846EA
S315080088D0FDF762FF0346012B40D13B6D0133194674
S315080088E0B86BFEF70BFA0346002B37D1BB6B002299
S315080088F01A71BB6B383303F5FF731846FDF74CFF47
S3150800890003461A464AF655239A4227D1BB6B383393
S315080089101846FDF75AFF03461D4A93421ED1BB6B04
S31508008920383303F5F2731846FDF74FFF0346194A25
S31508008930934213D1BB6B383303F5F4731846FDF72E
S3150800894044FF0246BB6B9A61BB6B383303F5F6737B
S315080089501846FDF73AFF0246BB6B5A61BB6B97F8A0
S3150800896057201A700C4B1B8801339AB20A4B1A808F
S31508008970094B1A88BB6BDA80BB6B084A1A61B86B5D
S31508008980FEF754F9002318465837BD4680BD00BF88
S315080089905252614172724161282400204C24002001
S315080089A080B584B000AF786039600923FB737B68B3
S315080089B0002B1CD07B681B68002B18D07B681B68B3
S315080089C01B78002B13D07B689A887B681B68DB882A
S315080089D09A420CD17B681B685B781846FDF73EFE09
S315080089E0034603F00103002B01D10023FB73FB7B35
S315080089F0002B02D17B681B6800E000233A681360ED
S31508008A00FB7B18461037BD4680BD000080B588B090
S31508008A1000AFF860B9601346FB71BB683B6107F1AC
S31508008A2010031846FFF79CFCF861FB69002B01DA76
S31508008A300B232BE0174AFB6952F82330BB61BB694D
S31508008A40002B05D0B869FEF7F1F8BB6900221A7049
S31508008A50FB68002B02D0FB6800221A70FA680D49E1
S31508008A60FB6941F82320FB68002B02D0FB79012B18
S31508008A7001D000230AE007F10C0107F108030022E0
S31508008A801846FFF707FD0346FB75FB7D184620379A
S31508008A90BD4680BD2424002080B59AB000AFF8609A
S31508008AA0B9601346FB71FB68002B01D10923B7E1B6
S31508008AB0FB7903F03F03FB71FA7907F1140107F11B
S31508008AC008031846FFF7E6FC034687F8673097F869
S31508008AD06730002B40F09B817B69BB61BA6807F160
S31508008AE0180311461846FFF7C5FB034687F8673093
S31508008AF097F86730002B18D197F847305BB2002BF0
S31508008B0003DA062387F867300FE0FB79012B8CBF61
S31508008B1001230023DBB21A4607F11803114618464B
S31508008B20FDF73CFF034687F86730FB7903F01C0323
S31508008B30002B7FD097F86730002B17D097F867304F
S31508008B40042B0ED1FDF786FF0346002B06D007F14E
S31508008B5018031846FFF7DEF8034600E0122387F8E5
S31508008B606730FB7943F00803FB7110E0BB7F03F025
S31508008B701103002B03D0072387F8673007E0FB793A
S31508008B8003F00403002B02D0082387F8673097F810
S31508008B906730002B68D1FB7903F00803002B63D0FC
S31508008BA0FDF7FEFCB865BB6B0E33B96D1846FDF7CD
S31508008BB04AFEBB6B1633B96D1846FDF744FEBB6B10
S31508008BC00B3320221A707B69BA6B11461846FEF7DA
S31508008BD01AFE78657B69B96B00221846FEF732FEE5
S31508008BE0BB6B1C3300211846FDF72DFE7B6901225D
S31508008BF0DA707B6D002B37D07B695B6BBB6507F141
S31508008C0018030022796D1846FEF722FB034687F8FB
S31508008C10673097F86730002B26D17B69B96D1846FF
S31508008C20FEF76CF8034687F867307B697A6D013A78
S31508008C305A6119E097F86730002B15D1BB7F03F00E
S31508008C401003002B03D0042387F867300CE0FB7968
S31508008C5003F00203002B07D0BB7F03F00103002BB0
S31508008C6002D0072387F8673097F86730002B26D19C
S31508008C70FB7903F00803002B03D0FB7943F040038C
S31508008C80FB717B695A6BFB685A62BA6BFB689A621E
S31508008C90FB79012B8CBF01230023DBB21A4607F1AF
S31508008CA0180311461846FDF7F7FE0246FB681A61D7
S31508008CB0FB681B69002B02D1022387F8673097F8F7
S31508008CC06730002B40F0A3807B69BA6B11461846C3
S31508008CD0FEF799FD0246FB689A60BB6B1C33184683
S31508008CE0FDF773FD0246FB68DA60FB680022DA626C
S31508008CF07A69FB681A607B69DA88FB689A80FB6880
S31508008D00FA791A75FB6800225A75FB6800221A62FE
S31508008D10FB6800229A61FB6830334FF480520021C9
S31508008D201846FDF7DDFDFB7903F02003002B6ED016
S31508008D30FB68DB68002B6AD0FB68DA68FB689A6117
S31508008D407B695B891A467B699B8902FB03F33B6552
S31508008D50FB689B683B66FB68DB68FB6516E0FB689F
S31508008D60396E1846FEF787F838663B6E012B02D82F
S31508008D70022387F867303B6EB3F1FF3F02D1012328
S31508008D8087F86730FA6D3B6DD31AFB6597F867303D
S31508008D90002B03D1FA6D3B6D9A42E0D8FB683A6E18
S31508008DA0DA6197F86730002B31D17B699B891A46BF
S31508008DB0FB6DB3FBF2F101FB02F29B1A002B26D0E6
S31508008DC07B69396E1846FEF737F8F864FB6C002B9A
S31508008DD003D1022387F8673019E07B699B891A4615
S31508008DE0FB6DB3FBF2F2FB6C1A44FB681A627B69F3
S31508008DF05878FB6803F13001FB681A6A0123FDF70E
S31508008E006DFC0346002B02D0012387F8673097F8DC
S31508008E106730002B02D0FB6800221A6097F867308B
S31508008E2018466837BD4680BD80B58EB000AFF8607D
S31508008E30B9607A603B60BB687B623B6800221A6057
S31508008E40FB6807F1140211461846FFF7A9FD034609
S31508008E5087F8373097F83730002B07D1FB685B7DEA
S31508008E6087F8373097F83730002B02D097F8373025
S31508008E7035E1FB681B7D03F00103002B01D10723B5
S31508008E802DE1FB68DA68FB689B69D31A3B627A684E
S31508008E903B6A9A4240F21E813B6A7B601AE1FB6894
S31508008EA09B697A699289B3FBF2F101FB02F29B1A7C
S31508008EB0002B40F0D580FB689B697A699289B3FBE1
S31508008EC0F2F37A695289013A1340FB61FB69002B78
S31508008ED02FD1FB689B69002B03D1FB689B683B631A
S31508008EE013E0FB68DB6A002B07D0FB689B69194611
S31508008EF0F868FEF7AAFA386307E0FA68FB68DB69E0
S31508008F0019461046FDF7B7FF38633B6B012B04D8AB
S31508008F10FB6802225A750223E1E03B6BB3F1FF3F7F
S31508008F2004D1FB6801225A750123D8E0FB683A6B25
S31508008F30DA617A69FB68DB6919461046FDF77CFF3A
S31508008F40B861BB69002B04D1FB6802225A7502235B
S31508008F50C5E0BA69FB691344BB617B699B891A46FC
S31508008F607B68B3FBF2F3BB62BB6A002B41D0FA699C
S31508008F70BB6A13447A695289934205D97B695B892E
S31508008F801A46FB69D31ABB627B695878BB6ABA6909
S31508008F90796AFDF7A3FB0346002B04D0FB68012280
S31508008FA05A7501239BE0FB681B7D5BB2002B18DA20
S31508008FB0FB681A6ABB69D31ABA6A9A4211D9FB685E
S31508008FC01A6ABB69D31A7A69928902FB03F37A6A29
S31508008FD0D018FB6803F130017B699B891A46FDF7B7
S31508008FE05EFC7B699B891A46BB6A02FB03F3FB623C
S31508008FF05CE0FB681B6ABA699A422ED0FB681B7D47
S315080090005BB2002B18DA7B695878FB6803F13001EC
S31508009010FB681A6A0123FDF781FB0346002B04D07F
S31508009020FB6801225A75012359E0FB681B7D03F092
S315080090307F03DAB2FB681A757B695878FB6803F117
S3150800904030010123BA69FDF749FB0346002B04D01A
S31508009050FB6801225A75012341E0FB68BA691A6266
S315080090607B699B891846FB689B697A699289B3FB79
S31508009070F2F101FB02F29B1AC31AFB62FA6A7B68D9
S315080090809A4201D97B68FB62FB6803F13001FB68F1
S315080090909B697A699289B3FBF2F000FB02F29B1A8C
S315080090A00B44FA6A1946786AFDF7F9FB7A6AFB6A8D
S315080090B013447B62FB689A69FB6A1A44FB689A61E7
S315080090C03B681A68FB6A1A443B681A607A68FB6A46
S315080090D0D31A7B607B68002B7FF4E1AE0023184629
S315080090E03837BD4680BD80B58CB000AFF860B96032
S315080090F07A603B60BB68FB613B6800221A60FB68CC
S3150800910007F1100211461846FFF74AFC034687F88E
S315080091102F3097F82F30002B07D1FB685B7D87F837
S315080091202F3097F82F30002B02D097F82F306AE1AE
S31508009130FB681B7D03F00203002B01D1072362E1C4
S31508009140FB689A697B681A44FB689B699A4280F0B7
S315080091504C81FB689B69DB437B6046E1FB689B6946
S315080091603A699289B3FBF2F101FB02F29B1A002BD2
S3150800917040F0F180FB689B693A699289B3FBF2F388
S315080091803A695289013A1340BB61BB69002B43D146
S31508009190FB689B69002B0CD1FB689B68BB62BB6AAA
S315080091A0002B1AD1FB6800211846FEF7B6F8B862FC
S315080091B013E0FB68DB6A002B07D0FB689B6919463E
S315080091C0F868FEF742F9B86207E0FA68FB68DB69F7
S315080091D019461046FEF7A1F8B862BB6A002B00F0E4
S315080091E00981BB6A012B04D1FB6802225A75022346
S315080091F009E1BB6AB3F1FF3F04D1FB6801225A7546
S31508009200012300E1FB68BA6ADA61FB689B68002BF8
S3150800921002D1FB68BA6A9A60FB681B7D5BB2002BB9
S3150800922018DA3B695878FB6803F13001FB681A6A5B
S315080092300123FDF773FA0346002B04D0FB680122CD
S315080092405A750123DFE0FB681B7D03F07F03DAB262
S31508009250FB681A753A69FB68DB6919461046FDF71B
S31508009260EBFD78617B69002B04D1FB6802225A75F5
S315080092700223C8E07A69BB6913447B613B699B8911
S315080092801A467B68B3FBF2F33B623B6A002B43D07A
S31508009290BA693B6A13443A695289934205D93B69CC
S315080092A05B891A46BB69D31A3B623B6958783B6AA5
S315080092B07A69F969FDF732FA0346002B04D0FB6890
S315080092C001225A7501239EE0FB681A6A7B69D31A44
S315080092D03A6A9A4218D9FB6803F13000FB681A6AA1
S315080092E07B69D31A3A69928902FB03F3FA69D118A2
S315080092F03B699B891A46FDF7D2FAFB681B7D03F08A
S315080093007F03DAB2FB681A753B699B891A463B6A82
S3150800931002FB03F37B624BE0FB681B6A7A699A429D
S3150800932016D0FB689A69FB68DB689A4210D23B69DB
S315080093305878FB6803F1300101237A69FDF7CEF905
S315080093400346002B04D0FB6801225A7501235AE014
S31508009350FB687A691A623B699B891846FB689B69B0
S315080093603A699289B3FBF2F101FB02F29B1AC31A1E
S315080093707B627A6A7B689A4201D97B687B62FB6862
S3150800938003F13001FB689B693A699289B3FBF2F0F5
S3150800939000FB02F29B1A0B447A6AF9691846FDF734
S315080093A07EFAFB681B7D63F07F03DAB2FB681A75E9
S315080093B0FA697B6A1344FB61FB689A697B6A1A44FB
S315080093C0FB689A61FB68DA68FB689B699A4238BF52
S315080093D01A46FB68DA603B681A687B6A1A443B6877
S315080093E01A607A687B6AD31A7B607B68002B7FF4E5
S315080093F0B5AE00E000BFFB681B7D43F04003DAB260
S31508009400FB681A75002318463037BD4680BD80B5FF
S3150800941086B000AF78607B6807F1080211461846E7
S31508009420FFF7BEFA0346FB75FB7D002B68D17B6808
S315080094301B7D03F04003002B62D07B681B7D5BB26B
S31508009440002B15DABB6858787B6803F130017B6816
S315080094501A6A0123FDF762F90346002B01D001239E
S315080094604FE07B681B7D03F07F03DAB27B681A75D1
S31508009470FDF796F83861BA687B685B6A1946104644
S31508009480FDF73CFC0346FB75FB7D002B38D17B685A
S315080094909B6AFB60FB680B331A78FB680B3342F058
S315080094A02002D2B21A707B6818687B689B681A46D5
S315080094B0F968FEF7C7F9FB6803F11C027B68DB68ED
S315080094C019461046FDF7BFF9FB6816333969184681
S315080094D0FDF7B9F9FB68123300211846FDF798F92C
S315080094E0BB680122DA70BB681846FDF735FC0346EF
S315080094F0FB757B681B7D23F04003DAB27B681A751F
S31508009500FB7D18461837BD4680BD80B584B000AFD0
S3150800951078607868FFF77BFF0346FB73FB7B002BBD
S3150800952018D17B6807F1080211461846FFF738FA82
S315080095300346FB73FB7B002B0CD17B681B69184623
S31508009540FDF738FB0346FB73FB7B002B02D17B68D8
S3150800955000221A60FB7B18461037BD4680BD80B5D1
S3150800956092B000AFF860B9607A6007F1280107F198
S315080095700C0300221846FEF78DFF034687F847308E
S3150800958097F84730002B40F09980BA6A7B681A60D2
S31508009590BB6A9A69BB6ADB69023B9A4204D8BB6A12
S315080095A09A69BB681A6089E000233B64BB6A1B782A
S315080095B0012B28D10223FB63BB6A7B6107F11403E5
S315080095C0F96B1846FDF757FCF862FB6AB3F1FF3FE3
S315080095D003D1012387F8473063E0FB6A012B03D1E7
S315080095E0022387F847305CE0FB6A002B02D13B6C0C
S315080095F001333B64FB6B0133FB63BB6ADB69FA6BC4
S315080096009A42DBD34DE0BB6ADB69FB63BB6A9B6AA4
S31508009610BB6300237B6300233B637B6B002B13D167
S31508009620B86ABB6B5A1CBA631946FDF767FB034653
S3150800963087F8473097F84730002B31D1BB6A383363
S315080096403B63BB6A9B897B63BB6A1B78022B0FD182
S31508009650386BFDF7A1F80346002B02D13B6C0133AA
S315080096603B643B6B02333B637B6B023B7B6310E0E3
S31508009670386BFDF7AAF8034623F07043002B02D196
S315080096803B6C01333B643B6B04333B637B6B043BB2
S315080096907B63FB6B013BFB63FB6B002BBDD100E0DF
S315080096A000BFBB683A6C1A60BB6A3A6C9A61BB6ABF
S315080096B01A79BB6A42F00102D2B21A7197F847309A
S315080096C018464837BD4680BD80B588B000AFF860FB
S315080096D0B9607A600023FB61FB68BB611CE007F197
S315080096E0100307F1140101227868FFF79DFB3B6917
S315080096F0012B17D13B7DFB75FB7D0D2B0BD0BB6971
S315080097005A1CBA61FA7D1A70FB690133FB61FB7D4D
S315080097100A2B09D000E000BFBB68013BFA699A42F0
S31508009720DDDB02E000BF00E000BFBB6900221A7063
S31508009730FB69002B01D0FB6800E0002318462037A0
S31508009740BD4680BD80B584B000AF78600B46FB701F
S31508009750FB780A2B03D10D217868FFF7F3FF7B68A6
S315080097605B68FB60FB68002B25DBFB685A1CFA600C
S315080097707A681344FA781A73FB683C2B12DD7B6807
S3150800978018687B6803F10C01FA6807F10803FFF70C
S31508009790AAFCBA68FB689A4201D1002301E04FF09F
S315080097A0FF33FB607B68FA685A607B689B685A1CC3
S315080097B07B689A6000E000BF1037BD4680BD80B563
S315080097C084B000AF78607B685B68002B16DB7B682B
S315080097D018687B6803F10C017B685B681A4607F119
S315080097E00C03FFF780FC0346002B07D17B685B68F8
S315080097F0FA68934202D17B689B6801E04FF0FF3319
S3150800980018461037BD4680BD80B483B000AF786077
S3150800981039607B683A681A607B6800225A607B6800
S315080098205A687B689A6000BF0C37BD465DF8047BB2
S31508009830704780B596B000AF7860396007F10C03C1
S3150800984039681846FFF7E0FF09E07B685A1C7A601A
S315080098501A7807F10C0311461846FFF773FF7B6861
S315080098601B78002BF1D107F10C031846FFF7A7FF69
S31508009870034618465837BD4680BD000080B487B0F9
S3150800988000AFF860B9601346FB710123FB7500232E
S31508009890BB751F4B5B7ADBB2002B31D11C4B5B7A55
S315080098A0DBB21A461A4B00219954194B5B7ADBB284
S315080098B0174A9B001344FA685A60154B5B7ADBB269
S315080098C01A46134B1344FA791A72114B5B7ADBB2B8
S315080098D05A1CD1B20E4A5172BB75BB7D3033DAB20F
S315080098E0BB681A70BB6801333A221A70BB68023328
S315080098F02F221A70BB68033300221A700023FB75E7
S31508009900FB7D18461C37BD465DF8047B704700BFD3
S315080099104C26002080B582B000AF786039600022FE
S3150800992039687868FFF7AAFF034618460837BD4620
S3150800993080BD000080B485B000AF03463960FB8067
S31508009940FB887F2B02D8FB88FB8125E03B68002B30
S315080099500BD0FB88FF2B05D8FB88803B124A32F8D0
S31508009960133000E00023FB8116E00023FB8109E0A9
S31508009970FB890D4A32F81330FA889A4206D0FB89D9
S315080099800133FB81FB897F2BF2D900E000BFFB89FD
S3150800999080339BB2DBB2FB81FB8918461437BD4680
S315080099A05DF8047B704700BF24D0000880B487B0F8
S315080099B000AF0346FB80FB88B3F5805F01D23E4BC0
S315080099C000E03E4B7B617B699A1C7A611B887B822F
S315080099D07B8A002B68D0FA887B8A9A4264D37B6993
S315080099E09A1C7A611B883B823B8A1B0AFB813B8A4D
S315080099F0DBB23B82FA88798A3B8A0B449A4249DA77
S31508009A00FB89082B4FD801A252F823F0319A000897
S31508009A10439A0008599A0008619A0008699A00084A
S31508009A20719A0008799A0008819A0008899A0008AC
S31508009A30FA887B8AD31A5B007A6913441B88FB80F1
S31508009A4027E0FA887B8AD31A9BB203F001039BB2FC
S31508009A50FA88D31AFB801CE0FB88103BFB8018E0D1
S31508009A60FB88203BFB8014E0FB88303BFB8010E042
S31508009A70FB881A3BFB800CE0FB880833FB8008E078
S31508009A80FB88503BFB8004E0FB88A3F5E353FB808F
S31508009A9000BF08E0FB89002B95D13B8A5B007A69F9
S31508009AA013447B618FE700BFFB8818461C37BD4609
S31508009AB05DF8047B704700BF24D1000818D300085E
S31508009AC0002310B50446C0E90033C0E904338360B7
S31508009AD081814366C2818361194608225C3000F0A1
S31508009AE01DFA0D4B63620D4BA3620D4BE3620D4BE2
S31508009AF023630D4B24629C4206D003F1680294420C
S31508009B0002D0D0339C4205D104F15800BDE810407C
S31508009B1001F0B0BA10BD00BF699D00088F9D00080E
S31508009B20C79D0008EB9D000858260020024A0349F5
S31508009B30034800F069B800BF28000020BDBD000832
S31508009B404000002041680C4B994210B5044601D0EC
S31508009B5002F034F9A168094B994202D0204602F076
S31508009B602DF9E168064B994204D02046BDE810401D
S31508009B7002F024B910BD00BF58260020C0260020D8
S31508009B802827002010B50B4B0B4C0C4A1A602046B0
S31508009B9000220421FFF794FF04F16800012209213D
S31508009BA0FFF78EFF04F1D0000222BDE81040122113
S31508009BB0FFF786BF90270020582600202D9B000817
S31508009BC0014801F059BA00BFBF270020014801F03B
S31508009BD055BA00BFBF27002010B50446FFF7F0FFAF
S31508009BE0236A1BB1BDE81040FFF7F0BF044B2362A0
S31508009BF0044B1B68002BF5D1FFF7C4FFF2E700BF43
S31508009C00459B0008902700202DE9F843074688461B
S31508009C1014460026D4E90195B9F1010905D5246849
S31508009C20002CF7D13046BDE8F883AB89012B07D95C
S31508009C30B5F90E30013303D029463846C0470643E6
S31508009C406835E9E70FB407B5064904AB086853F861
S31508009C50042B8168019301F089FD03B05DF804EBDC
S31508009C6004B070473C000020036A70B58468054656
S31508009C700E460BB9FFF7B0FF636EDB0705D4A38961
S31508009C80980502D4A06D01F0F7F9A389190702D542
S31508009C902369002B35D12146284600F0E9F880B320
S31508009CA04FF0FF35636EDA0705D4A3899B0502D406
S31508009CB0A06D01F0E3F9284670BD002B04DAA2690D
S31508009CC09A4217DC0A2915D023685A1C2260197093
S31508009CD0A36816F8011F013BA3600029EDD1002BEC
S31508009CE011DA22460A21284600F083F80130D7D037
S31508009CF00A25D7E72246284600F07BF80130E7D147
S31508009D00CEE7013EE4E723685A1C22600A221A704D
S31508009D10EEE70000024B01461868FFF7A5BF00BF33
S31508009D203C0000200EB410B59DB01FAB0290069003
S31508009D306FF000410A48079104910A4953F8042B29
S31508009D400591002402A9006801931B9401F0E8FB21
S31508009D50029B1C701DB0BDE8104003B0704700BFE1
S31508009D603C0000200802FFFF10B50C46B1F90E10A2
S31508009D7001F032F90028ABBF636DA3891B1823F4E1
S31508009D808053ACBF6365A38110BD002070472DE9E1
S31508009D90F0411F468B89DB0505460C46164605D558
S31508009DA0B1F90E100223002201F004F9A389B4F9CF
S31508009DB00E1023F48053A38132463B462846BDE85D
S31508009DC0F04101F01BB910B50C46B1F90E1001F0BF
S31508009DD0F1F8431CA38915BF606523F4805343F447
S31508009DE08053A38118BFA38110BDB1F90E1001F0ED
S31508009DF0D1B8F8B50E461446054618B1036A0BB92C
S31508009E00FFF7EAFEA369A360A3891A0701D52369A8
S31508009E1043B92146284600F02BF818B14FF0FF3712
S31508009E203846F8BD23682269981A6369F6B28342F0
S31508009E30374605DC2146284601F0C0FF0028EDD14B
S31508009E40A368013BA36023685A1C22601E706269DE
S31508009E50431C9A4204D0A389DB07E1D50A2EDFD139
S31508009E602146284601F0AAFF0028D9D0D6E70000E7
S31508009E7038B5294B054618680C4618B1036A0BB95C
S31508009E80FFF7AAFEB4F90C30190722D4DA0607D46C
S31508009E9009222A6043F04003A3814FF0FF3033E0E4
S31508009EA0580712D5616B41B104F14403994202D0B7
S31508009EB0284601F00FF900236363A38923F02403DE
S31508009EC0A3810023636023692360A38943F0080301
S31508009ED0A38123694BB9A38903F42073B3F5007FE3
S31508009EE003D02146284601F0C9FFB4F90C3013F017
S31508009EF001020AD00022A26062695242A261226966
S31508009F0042B913F08000C5D138BD990758BF6269B8
S31508009F10A260F4E70020F7E73C000020024403466D
S31508009F20934200D1704703F8011BF9E70A7870B528
S31508009F306AB970BD9A4209D10C46054614F8013F24
S31508009F40002BF6D015F8016F9E42F7D00130037842
S31508009F50002BEFD11846ECE738B50B4B1D686B6B39
S31508009F60044653B9242001F047F90246686320B92C
S31508009F70064B07483D2101F08FF8696B2046BDE87E
S31508009F80384000F007B800BF3C000020D4D30008D2
S31508009F90EBD300082DE9F0414D4A0C460023D0E9E1
S31508009FA00001F6F76BFD002ABCBF02F5A83202F5E0
S31508009FB0C0724FF4616100F52F20B2FBF1F301FB8B
S31508009FC013224FF03C01ACBF00F66C2000F66B2064
S31508009FD0A360B2FBF1F301FB132263602260C31C8A
S31508009FE0072293FBF2F2C2EBC2029B1A394955D5F6
S31508009FF00733A361A0F50E33A3F52C7393FBF1F198
S3150800A000354B03FB010048F6AC63B0FBF3F303449E
S3150800A01040F2B45CB0FBFCF29B1A40F26D172F4A73
S3150800A020B0FBF2F264269B1AB3FBF7F2B3FBFCF320
S3150800A030B2FBF6F5EB1A034407FB1233992003EB40
S3150800A0408307023703F1010EB7FBF0FC00FB0CF0A7
S3150800A05002304FF00508B0FBF8F0AEEB000040F216
S3150800A060F95E77458CBF6FF00907022767444FF4FE
S3150800A070C87C0CFB0121012F98BF0131B3F5997FEC
S3150800A08012D3A3F59973E361A1F26C710023E06022
S3150800A090C4E9047123622046BDE8F0810028A36163
S3150800A0A0A8DB90FBF1F1ABE712F0030F02D106FB38
S3150800A0B015255DB94FF4C875B2FBF5F605FB1622F2
S3150800A0C0B2FA82F252093B331344DCE70122FAE77B
S3150800A0D080510100B13A02004FC5FDFFB03A0200B7
S3150800A0E04269002A40F26C73A8BF6FF063031344F9
S3150800A0F0920705D1642193FBF1F201FB1232CAB92A
S3150800A1004FF4C87293FBF2F102FB1133B3FA83F3EF
S3150800A1105B09D0E90602400000EB0210184441F240
S3150800A120A263984227D011DC01280ADCC043C00F7D
S3150800A130404270470123ECE7104BC34043F300004D
S3150800A14070470A381728F7D90020704741F2B463D8
S3150800A150984206DC41F2B1639842D4BF0020012040
S3150800A1607047A0F5B65002381528EDD8044BC34001
S3150800A17003F0010070470120704700BFCF00CC00F4
S3150800A1801F002A002DE9F04F8FB01E460023074610
S3150800A1900D4602931C461378002B00F0AD84252B40
S3150800A1A01FD192F80190B9F1300F24D0B9F12B0FD5
S3150800A1B021D002F101084FF0000998F80020313A41
S3150800A1C0082A1BD80A22404606A901F043F9DDF8F9
S3150800A1D01880024698F80010452911D108F101089F
S3150800A1E010E0691EA14240F25D813B55013204F13F
S3150800A1F0010A5446CFE702F10208DEE70022E9E742
S3150800A2004F29EBD098F80000A0F12501552900F256
S3150800A2104981DFE811F06904470147014701470111
S3150800A22047014701470147014701470147014701E0
S3150800A23047014701470147014701470147014701D0
S3150800A2404701470147014701470147014701750093
S3150800A250A300DC00280147015901CB0145024C0245
S3150800A2604701470147016402470147016F02470159
S3150800A2709F02270331035B036303C903D800DF0387
S3150800A2803F04470147014701470147014701560077
S3150800A2908D00BA001D011D0147017E018D00470191
S3150800A2A05D0245024C026102660247016F0298028E
S3150800A2B0D000A802290338039503C003D400D103AC
S3150800A2C00204B369AD4A183352F823B05846F5F775
S3150800A2D089FF0BF1FF3B04EB000A6B1EA24507D171
S3150800A2E098F80030002B00F0088408F1010280E796
S3150800A2F0A34240F2D7801BF8012F3A550134EDE707
S3150800A300B2699E4B03EB8203D3F87CB05846F5F747
S3150800A31069FF0BF1FF3B04EB000A6B1EA245DFD079
S3150800A320A34240F2BF801BF8012F3A550134F5E7E6
S3150800A330924B326953F822B05846F5F753FF0BF1A2
S3150800A340FF3B04EB000A6B1EA245C9D0A34240F2AC
S3150800A350A9801BF8012F3A550134F5E73369874A76
S3150800A3600C3352F823B05846F5F73CFF0BF1FF3B88
S3150800A37004EB000A6B1EA245B2D0A34240F29280BB
S3150800A3801BF8012F3A550134F5E77C4BD3F8A0A00A
S3150800A3905046F5F727FF9AF80030002B00F0408367
S3150800A3A033465246291B3819FFF7ECFE002879DD9B
S3150800A3B004EB000A94E7714BD3F8E4A0E8E76F4B87
S3150800A3C0D3F89CA0E4E76D4BD3F898A0E0E7D6F85D
S3150800A3D014A06B498A45ACBF4FF0000B4FF0010B38
S3150800A3E0BAF1000F12DB64209AFBF0F01330B9F1D2
S3150800A3F0000F15D0632828DD624B6349B9F12B0F8E
S3150800A4000CBF9C468C46DFF89CE10DE00AF26C70A6
S3150800A410039200F03CFE6421039A90FBF1F0E6E714
S3150800A420DFF864C1DFF880E1584B0190022A2CBF9F
S3150800A430CBEB0201CBF10201514A00919245A8BF2C
S3150800A44063467246291B381923E0DFF83CC1DAE770
S3150800A4504F49504AF368642818BF0A46291B381919
S3150800A46001F048FD17E070693369002803F1010A15
S3150800A47007EB040BF368A5EB040919DB642290FBD0
S3150800A480F2FC02FB1C00444ACDE90030494653461B
S3150800A490584601F02FFD002804DB00EB040A554559
S3150800A4A03FF61EAF4FF0000A50460FB0BDE8F08FDA
S3150800A4B000F26C70039300F0EAFD6422039B90FBA4
S3150800A4C0F2FC0CFB1200DEE725218DF81810B9F115
S3150800A4D0000F0BD0052A8DF8199017D80DF11A0020
S3150800A4E02E4900F0CCFD334606AA5BE72B238DF8F0
S3150800A4F0193004232A4A1E210DF11A0001F0FAFC2C
S3150800A5000028EBDD0DF11A031844E9E7931FE5D09F
S3150800A510F0E73046FFF7E4FD82467069002811DB54
S3150800A520642390FBF3F203FB1200642382449AFB34
S3150800A530F3F203FB12AA9A44BAFBF3F203FB12A343
S3150800A540144A8BE700F26C7000F0A1FD6423BAF19F
S3150800A550000F90FBF3F202FB130007DA7269A3F20D
S3150800A560CF739A42B8BF4FF0010ADEE7DDD07269B1
S3150800A570034B9A42B8BF4FF0FF3AD6E7ACD600086D
S3150800A58094F8FFFF52D400085DD60008A4D6000848
S3150800A59054D4000862D4000858D400086BD40008C4
S3150800A5A067D400084AD4000843D400087169BC4837
S3150800A5B005928142ACBF002301233046CDE9033121
S3150800A5C0FFF78EFD0499059A0029824639DB4FF07C
S3150800A5D0640B91FBFBFB0BF1130B706900283DDB49
S3150800A5E04FF0640C90FBFCFE0CFB1E00BAF1000F4A
S3150800A5F043DA7169AB4B994203DA4FF0010ACDF899
S3150800A6000CA08244BAF1FF3F42D10BF1FF3B4FF059
S3150800A610630A039B642101FB0BAA002B40F0E0812F
S3150800A620B9F12B0F40F0E78142F20F718A4500F22B
S3150800A6306B8225238DF8183006A93023881C4B70A9
S3150800A640E1E101F26C700592049100F020FD4FF0F3
S3150800A650640CDDE9041290FBFCFBBEE700F26C70AB
S3150800A660CDE9042100F013FD4FF0640CDDE9042167
S3150800A67090FBFCFE0EFB1C00B8E7C2D0884B994243
S3150800A680B4BF012300230393B8BF4FF0FF3AB8E7DE
S3150800A690BAF1640F04BF0BF1010B4FF0000AB8E7DB
S3150800A6A08149824AB3686B2818BF0A46D6E6B3685A
S3150800A6B063B10C2B04D00C2193FBF1F201FB12338E
S3150800A6C07A49794A492818BF0A46C7E60C23F7E7A4
S3150800A6D0F369774A0133C1E63369013330E77368B2
S3150800A6E02EE76B1E9C42BFF4DDAE04F1010A0A2375
S3150800A6F03B55F5E5B3680B2B6E4BD4BF0022012200
S3150800A70003EB8203D3F8A4B05846F5F76BFD04EBC8
S3150800A710000A69480BF1FF3B691EA2453FF4E0AD0C
S3150800A720A1427FF6BFAE98F800201BF8013F502AD9
S3150800A73006D1C25C02F00302012A08BF2033DBB24D
S3150800A7403B550134E9E70322336993FBF2F35B4A8D
S3150800A750013383E673680093B368594A291B38198D
S3150800A76001F0C8FB97E6336A002B78DB00F0DEF9C8
S3150800A770029B0BB900F0E6F901F04AFC336A002B9C
S3150800A780D4BF00220122282302FB0333C358C3F196
S3150800A790000A00F0D1F9012302937269B2F1450368
S3150800A7A04FEAE27C6CF1000CBCF1000FA5EB04014A
S3150800A7B007EB040002DA03334CF1000C9B0843EA6A
S3150800A7C08C7302F1FF3E4FF0640B4FEAAC0C9EFB14
S3150800A7D0FBFEB3EB0E036CEBEE7C4FF4C87B02F288
S3150800A7E02B1E9EFBFBFE13EB0E034CEBEE7C463A50
S3150800A7F040F26D1E0EFB02F29B184CEBE27CF269EE
S3150800A800D6F804B09B184FF0180E4CEBE27CA3FB6D
S3150800A8100E230EFB0C33D6F808C012EB0C0243EBE2
S3150800A820EC734FF03C0CA2FB0C2E0CFB03EE12EB68
S3150800A8300B034EEBEB72A3FB0CE30CFB0233D6F8CF
S3150800A84000C01EEB0C0243EBEC73B2EB0A0263EB9F
S3150800A850EA73CDE900231B4A01F04CFB1BE64FF0D7
S3150800A860000A9AE733686BE66B1E9C42BFF41AAE81
S3150800A87004F1010A09233BE73368019373680093DF
S3150800A880B368114ADEE56B1E9C42BFF40BAEB36992
S3150800A8901BB9372304F1010A2AE73033DBB2F9E79B
S3150800A8A094F8FFFF95F8FFFF62D4000854D4000817
S3150800A8B077D40008ACD60008A9D700087CD40008CD
S3150800A8C08BD4000881D4000886D40008F369B269DD
S3150800A8D007339B1A072293FBF2F331E63046FFF75C
S3150800A8E0FFFBB26932B1013A0028F36926DC03D1CD
S3150800A8F00A33EEE70622F7E7D21A7369002B40F20D
S3150800A9006B71A8BF6FF064010B44990705D16420E9
S3150800A91093FBF0F100FB113171B94FF4C87193FB49
S3150800A920F1F001FB1033B3FA83F35B09D21A042A58
S3150800A930CCBF3423352303E60123F7E70123FFE5DC
S3150800A9407249039206A800F09AFB06A8F5F74AFC96
S3150800A95006AB03EB000A0AF1010AD346B9F1000F68
S3150800A96009D0039A03F80090052A01D9931F06D146
S3150800A97067495846B5E506AA2B23135404230EA99E
S3150800A980644AA1EB0A01504601F0B4FA0028C8BF90
S3150800A9900AEB000BECE76B1E9C42BFF483ADB36970
S3150800A9A004F1010A3033A3E6B2691AB1013AF36930
S3150800A9B007338EE70622FAE77069002805DB642369
S3150800A9C090FBF3F202FB1303BAE500F26C7000F099
S3150800A9D05EFBF4E771695048814209DAA0EB010A87
S3150800A9E02D218DF8181002B1013A0DF1190103E075
S3150800A9F001F26C7A14E606A925200870B9F1000F51
S3150800AA007FF41BAE481C4549039200F038FB039AB5
S3150800AA10CDF800A0134606AAA0E6336A002B01DA91
S3150800AA20A2465DE400F082F8029B0BB900F08AF8B2
S3150800AA3001F0EEFA336A002BD4BF00220122282344
S3150800AA4002FB033307EB040AC358C3F1000900F0FD
S3150800AA5073F83C2399FBF3F000F0C9FB3C23A5EB04
S3150800AA60040B90FBF3F202FB130000902C4A4FF400
S3150800AA7061635946504699FBF3F301F03BFA002807
S3150800AA80FFF610AD00EB040A55457FF60BAD012322
S3150800AA90029325E4336A002BC2DB00F047F8029BD9
S3150800AAA00BB900F04FF8336A1E4A002BD4BF0023B7
S3150800AAB00123A24652F823904846F5F793FB09F17D
S3150800AAC0FF3920446B1E504502D100F035F8DEE709
S3150800AAD0534506D919F8012F07F80A200AF1010A81
S3150800AAE0F1E700F029F8DDE46B1E9C42BFF4DAAC0E
S3150800AAF004F1010A2523FBE5A246002D3FF4D4AC58
S3150800AB00002307F80A30CFE449466AE795D40008D7
S3150800AB10F3D5000867D4000894F8FFFF73D400083B
S3150800AB209DD4000834000020FFF72CBB014800F034
S3150800AB30A2BA00BFBC270020014800F09EBA00BF99
S3150800AB40BC270020014B186800F002B83C00002022
S3150800AB502DE9F04F8DB0074601F05AFABC49BD4DB4
S3150800AB600446384600F03CFB064610BBBA4BBB4AC7
S3150800AB701860BB4BA0621860BA4B2065C3E9002277
S3150800AB804A2100220023C4E90300C4E90500C4E9F8
S3150800AB900D00C4E90F00C4E90823C4E91223286894
S3150800ABA0217284F8301000F02FFB2E600DB0BDE83E
S3150800ABB0F08F2968002940F08E80286800F024FB71
S3150800ABC03046F5F70FFB411C384600F047FB286076
S3150800ABD0002840F08680A24ADFF88882DFF878A24B
S3150800ABE000231360A04ACAF8003000200021C8E9F3
S3150800ABF00022C4E90333C4E90533C4E90801C4E9FA
S3150800AC000D33C4E90F33C4E912014A222272A36242
S3150800AC1084F83020236533783A2B08BF0136337819
S3150800AC203C2B62D1751C914A91490AAB284601F022
S3150800AC3097F90028BADD0A9BDA1E072AB6D8EB5C14
S3150800AC403E2BB3D102360A9BF518F35C2D2B5AD14D
S3150800AC5001354FF0FF390023ADF81E30ADF820302E
S3150800AC6008AF0AABCDE9013703930DF11E03009334
S3150800AC7080490AAB07AA284601F072F9002895DD33
S3150800AC80BDF81E30BDF820603C2202FB0366BDF805
S3150800AC901C304FF4616202FB03660A9B09FB06F649
S3150800ACA005EB0309EB5C3C2B40F0EE8009F101054E
S3150800ACB0714A6F490AAB284601F052F9002828DC88
S3150800ACC099F801303E2B24D1684BA662C8E90033B7
S3150800ACD0CAF800606AE7F5F77BFA00287FF46DAFDB
S3150800ACE064E7314600F0CBF975E7604A63490AAB79
S3150800ACF0304601F035F900287FF758AF0A9B033B29
S3150800AD00072BA0D952E72B2B08BF01354FF00109B5
S3150800AD10A1E70A9BDA1E072A3FF648AFEB5C3E2BF3
S3150800AD207FF444AF09F102090A9B09EB030519F8F8
S3150800AD3003302D2B40F0B78001354FF0FF39002343
S3150800AD40ADF81C30ADF81E30ADF820300A930AABCA
S3150800AD50CDE9027301930DF11E03009345490AAB31
S3150800AD6007AA284601F0FCF8002800F3A280A6F5F9
S3150800AD70616304930A9B27461D444FF0000B2B780A
S3150800AD802C2B08BF013595F80090B9F14D0F40F00E
S3150800AD90A3800AAB0DF12602CDE9013209AA009279
S3150800ADA0374903930DF12202284601F0D9F8032802
S3150800ADB07FF4FCAEBDF822104B1E0B2B3FF6F6AE09
S3150800ADC0BDF82420531E042B3FF6F0AEBDF82630FE
S3150800ADD0062B3FF6EBAEC7E9031287F808907B61AE
S3150800ADE00A9B05EB030900254FF00203ADF81C305A
S3150800ADF0ADF81E50ADF820500A9599F800302F2B63
S3150800AE0040F096800AAB08AACDE901320DF11E0280
S3150800AE1000921C49039307AA484601F0A1F8A842E4
S3150800AE2000F386804A2100220023C4E90355C4E9B9
S3150800AE300555C4E90823C4E90D55C4E90F55C4E905
S3150800AE4012232172A56284F830102565AEE600BF8C
S3150800AE50A9D4000894270020B0270020ACD4000805
S3150800AE60B4270020340000205DD60008A42700205F
S3150800AE70B0D40008E5D4000898270020C3D40008F9
S3150800AE80D1D40008E4D400083E4A3F490AAB4846F4
S3150800AE9001F066F800287FF717AF0A9B033B072BDC
S3150800AEA07FF642AF82E62B2B08BF01354FF001092A
S3150800AEB045E7BDF81E20BDF820303C2101FB0233D2
S3150800AEC0BDF81C204FF4616101FB023309FB03F353
S3150800AED04FE74FF0010B52E7B9F14A0F06BF0135AC
S3150800AEE04B4644230A220BA92846059300F0B2FADA
S3150800AEF0DDF82C90059BADF82600A94514D14D2305
S3150800AF00BBF1000F07D1237203210223C4E90313FF
S3150800AF10C4F814B067E784F830300B220123C4E97B
S3150800AF200D230023E3635EE780B23B7278615AE73C
S3150800AF30BDF81E20BDF820303C2101FB0233BDF8C8
S3150800AF401C204FF4616101FB0233BB610A9D28375F
S3150800AF504D44BBF1000FBCD0049B23650B4BC8F8CE
S3150800AF6000306068074BA662C8F8043001F054F850
S3150800AF70A26A236DCAF800209B1A054A18BF012346
S3150800AF80136013E698270020C3D40008A4270020DE
S3150800AF90B427002038B5064D0023044608462B6022
S3150800AFA0F7F7E8F9431C02D12B6803B1236038BDD3
S3150800AFB0B827002038B5074D044608461146002232
S3150800AFC02A601A46F7F7FDF9431C02D12B6803B12C
S3150800AFD0236038BDB827002038B5074D0446084613
S3150800AFE0114600222A601A46F7F7A7F9431C02D130
S3150800AFF02B6803B1236038BDB827002038B5074D44
S3150800B00004460846114600222A601A46F6F70BFC43
S3150800B010431C02D12B6803B1236038BDB827002032
S3150800B020014B1868704700BF3C00002070B50D4DF5
S3150800B0300D4C641BA4100026A64209D10B4D0C4CDE
S3150800B04001F07AFD641BA4100026A64205D170BD46
S3150800B05055F8043B98470136EEE755F8043B984700
S3150800B0600136F2E714D9000814D9000814D90008E3
S3150800B07018D90008704770477047704770470346ED
S3150800B08011F8012B03F8012B002AF9D17047002883
S3150800B090B8BF4042704700001FB514461A46094B10
S3150800B0A01B680546D8684CB1074B0091CDE90134B9
S3150800B0B006492B4600F0AAFE01F0A2F8044B1C46EE
S3150800B0C0F3E700BF3C00002022D600082FD6000870
S3150800B0D05DD6000838B50546002941D051F8043C2C
S3150800B0E00C1F002BB8BFE41800F038F91D4A136886
S3150800B0F033B9636014602846BDE8384000F034B9B7
S3150800B100A34208D9206821188B4201BF19685B68D9
S3150800B11009182160EDE71A465B680BB1A342FAD914
S3150800B12011685018A0420BD1206801445018834278
S3150800B1301160E0D118685B68536008441060DAE76C
S3150800B14002D90C232B60D6E7206821188B4204BF4E
S3150800B15019685B68636004BF091821605460CAE710
S3150800B16038BD00BFC42700202DE9F84FDFF86CA0D2
S3150800B17006468946174601F04BF8DAF8004034B11E
S3150800B1804B46984613F8012B3AB13D2AF9D1304679
S3150800B19001F044F80020BDE8F88FA8EB0908A3469B
S3150800B1A054F8040B0028F2D04246494600F01EFF28
S3150800B1B00028F4D154F8043C03EB080513F80830CA
S3150800B1C03D2BECD1DAF80030ABEB03039B1030468D
S3150800B1D03B6001F023F8681CDDE700BF040000208F
S3150800B1E007B501AAFFF7C0FF03B05DF804FB002806
S3150800B1F0B8BF404270470000024B0146186800F08D
S3150800B2002DB800BF3C000020024B01461868FFF726
S3150800B21061BF00BF3C00002070B50F4E0C46316878
S3150800B220054611B900F0CEFF30602146284600F0E9
S3150800B230C9FF431C03D14FF0FF34204670BDC41C20
S3150800B24024F00304A042F8D0211A284600F0BAFFD9
S3150800B2500130F2D1EFE700BFC02700202DE9F843FF
S3150800B260CD1C25F0030508350C2D38BF0C25002DFF
S3150800B270064601DBA94204D90C2333600020BDE849
S3150800B280F883DFF8D48000F069F8D8F800301C4657
S3150800B29044BB29463046FFF7BFFF431C044658D136
S3150800B2A0D8F800402746002F43D1002C4BD02368FE
S3150800B2B03946304604EB030900F084FF814542D144
S3150800B2C021686D1A29463046FFF7A6FF01303AD0A5
S3150800B2D023682B442360D8F800305A6862BBC8F844
S3150800B2E000700FE02268521B20D40B2A17D9611967
S3150800B2F0A342256018BF5960636808BFC8F80010E4
S3150800B30062514B60304600F02FF804F10B00231D04
S3150800B31020F00700C21A1CBF1B1AA350AFE76268C9
S3150800B320A3420CBFC8F800205A60EBE723466468BE
S3150800B330AEE73C467F68B6E71A465B68A342FBD190
S3150800B34000235360DEE70C233360304600F00CF828
S3150800B35094E70560D6E700BFC42700200148FFF739
S3150800B3608BBE00BFBE2700200148FFF787BE00BF7F
S3150800B370BE2700202DE9F043344E86460D46284662
S3150800B38015F8014B375D17F00807F8D12D2C10D1A9
S3150800B3902C780127851C33F0100015D1302C0DD1DF
S3150800B3A0287800F0DF00582808D16C780235102379
S3150800B3B00AE02B2C04BF2C78851CECE7002BF6D171
S3150800B3C0302C14BF0A2308234FF0FF380026B8FB99
S3150800B3D0F3F803FB08F96FEA09093046A4F1300CC3
S3150800B3E0BCF1090F10D86446A3421EDDB6F1FF3F33
S3150800B3F007D0804516D301D1A14513DB00FB0340D6
S3150800B400012615F8014BE9E7A4F1410CBCF1190F27
S3150800B41001D8373CE8E7A4F1610CBCF1190F04D850
S3150800B420573CE1E74FF0FF36EBE7731C06D12223C2
S3150800B430CEF80030304632B9BDE8F08307B1404255
S3150800B440002AF9D006B1691E1160F5E7A9D70008E8
S3150800B450FFF790BF13460A46014602480068FFF701
S3150800B46089BF00BF3C0000202DE9F0478E681F46C3
S3150800B470BE420B6882460C4690462DD8B1F90C2080
S3150800B48012F4906F26D06569096905EB4505A3EBAB
S3150800B490010905EBD5757B1C4B446D109D4238BFE1
S3150800B4A01D46530527D52946FFF7D8FE064660B33D
S3150800B4B021694A4600F096FEA38923F4906343F077
S3150800B4C08003A381266165614E44A5EB09052660C4
S3150800B4D0A5603E46BE4200D93E46206832464146F1
S3150800B4E000F06AFDA3689B1BA360236833442360AE
S3150800B4F00020BDE8F0872A4600F096FE064600289A
S3150800B500E0D121695046FFF7E5FD0C23CAF8003063
S3150800B510A38943F04003A3814FF0FF30E9E7000019
S3150800B5202DE9F04F98468B891B069DB007460D46B8
S3150800B530144610D50B6973B94021FFF78FFE2860B2
S3150800B540286130B90C233B604FF0FF301DB0BDE8D1
S3150800B550F08F40236B610023099320238DF829304F
S3150800B560CDF80C803023DFF89C818DF82A304FF017
S3150800B570010923469A4613F8012B0AB1252AF9D15F
S3150800B580BAEB040B0BD05B46224629463846FFF732
S3150800B5906BFF013000F0A780099A5A4409929AF87D
S3150800B5A00030002B00F09F8000234FF0FF32CDE9DA
S3150800B5B005230AF1010A049307938DF853301A9369
S3150800B5C05446052214F8011B4E48F4F719FE049A4E
S3150800B5D0D8B9D00644BF20238DF85330110744BF8D
S3150800B5E02B238DF853309AF800302A2B15D0079A5A
S3150800B5F0544600204FF00A0C214611F8013B303B17
S3150800B600092B4BD9B0B1079214E0A0EB080309FA4D
S3150800B61003F313430493A246D2E7039B191D1B6841
S3150800B6200391002BBBBF5B4242F0020207930793CC
S3150800B630B8BF049223782E2B0AD163782A2B32D1ED
S3150800B640039B1A1D1B68039243EAE37302340593AE
S3150800B650DFF8C0A0217803225046F4F7D1FD38B1AF
S3150800B660049BA0EB0A004022824013430134049352
S3150800B67014F8011B24488DF828100622F4F7C0FD9B
S3150800B680002836D0214B1BBB039B073323F0070347
S3150800B69008330393099B334409936AE70CFB023288
S3150800B6A00C460120A8E700230134059319464FF0FC
S3150800B6B00A0C204610F8012B303A092A03D9002B28
S3150800B6C0C6D00591C4E70CFB012104460123F0E727
S3150800B6D003AB00932A460E4B04A93846AFF3008005
S3150800B6E0421C0646D6D1AB895B063FF52DAF0998B5
S3150800B6F02CE703AB00932A46054B04A9384600F00D
S3150800B700BBF9EDE75ED6000868D600080000000021
S3150800B71069B4000864D600089368013B002B10B48E
S3150800B720936008DA9469A34201DB0A2903D15DF81C
S3150800B730044BFEF75EBB1368581C10601970084668
S3150800B7405DF8044B7047F8B506460F461446D518FB
S3150800B750AC4201D1002007E014F8011B3A463046F6
S3150800B760FFF7DAFF431CF3D1F8BD00002DE9F04FCF
S3150800B7700D469DB014469846064618B1036A0BB99D
S3150800B780FEF72AFA6B6ED90705D4AB899A0502D457
S3150800B790A86DFFF771FCAB891B0701D52B699BB90F
S3150800B7A029463046FEF764FB70B16B6EDC0704D59C
S3150800B7B04FF0FF301DB0BDE8F08FAB899805F7D480
S3150800B7C0A86DFFF75BFCF3E70023099320238DF8A8
S3150800B7D02930CDF80C803023DFF8AC818DF82A307B
S3150800B7E04FF0010923469A4613F8012B0AB1252A78
S3150800B7F0F9D1BAEB040B0BD05B46224629463046F4
S3150800B800FFF7A1FF013000F0A780099A5A44099270
S3150800B8109AF80030002B00F09F8000234FF0FF328B
S3150800B820CDE905230AF1010A049307938DF85330ED
S3150800B8301A935446052214F8011B5348F4F7E0FC02
S3150800B840049AD8B9D10644BF20238DF8533013077C
S3150800B85044BF2B238DF853309AF800302A2B15D085
S3150800B860079A544600204FF00A0C214611F8013B6E
S3150800B870303B092B4BD9B0B1079214E0A0EB080373
S3150800B88009FA03F313430493A246D2E7039B191D4F
S3150800B8901B680391002BBBBF5B4242F00202079371
S3150800B8A00793B8BF049223782E2B0AD163782A2BE4
S3150800B8B032D1039B1A1D1B68039243EAE3730234D1
S3150800B8C00593DFF8D4A0217803225046F4F798FCB4
S3150800B8D038B1049BA0EB0A0040228240134301348E
S3150800B8E0049314F8011B29488DF828100622F4F74A
S3150800B8F087FC00283FD0264B1BBB039B073323F04E
S3150800B900070308330393099B3B4409936AE70CFB37
S3150800B91002320C460120A8E7002301340593194694
S3150800B9204FF00A0C204610F8012B303A092A03D9A1
S3150800B930002BC6D00591C4E70CFB01210446012360
S3150800B940F0E703AB00932A46124B04A93046AFF33F
S3150800B95000800746781CD6D16B6ED90705D4AB890B
S3150800B9609A0502D4A86DFFF789FBAB895B063FF5FC
S3150800B9701FAF09981EE703AB00932A46054B04A997
S3150800B980304600F079F8E4E75ED6000868D6000885
S3150800B9900000000047B7000864D600082DE9F04704
S3150800B9A0164698468A680B69DDF820909342B8BF18
S3150800B9B01346336091F8432007460C460AB1013313
S3150800B9C033602368990642BF3368023333602568BB
S3150800B9D015F0060506D104F1190AE36832689B1AC0
S3150800B9E0AB4226DC94F843302268003B18BF01239B
S3150800B9F092062BD404F1430241463846C847013023
S3150800BA001ED02368226903F00603042B02BFE568EB
S3150800BA103368ED1AA3680CBF25EAE575002593423D
S3150800BA20C4BF9B1AED1800261A34B5421AD1002055
S3150800BA3008E00123524641463846C847013003D13B
S3150800BA404FF0FF30BDE8F0870135C6E7E1185A1C0C
S3150800BA50302081F84300224494F8451082F84310B8
S3150800BA600233C7E70123224641463846C847013014
S3150800BA70E6D00136D9E700002DE9FF470F7E0C9E78
S3150800BA80782F914680460C469A4601F1430207D81C
S3150800BA90622F0AD8002F00F0D180582F00F0B88006
S3150800BAA004F1420684F842703AE0A7F16303152BC5
S3150800BAB0F6D801A151F823F011BB000825BB0008F0
S3150800BAC0A1BA0008A1BA0008A1BA0008A1BA0008DC
S3150800BAD025BB0008A1BA0008A1BA0008A1BA000847
S3150800BAE0A1BA000823BC00084FBB0008DDBB00084C
S3150800BAF0A1BA0008A1BA000845BC0008A1BA000806
S3150800BB004FBB0008A1BA0008A1BA0008E5BB0008A7
S3150800BB1033681A1D1B68326004F1420684F8423005
S3150800BB2001239CE033682068191D3160060601D59B
S3150800BB301D6803E04506FBD5B3F90050002D03DA6E
S3150800BB402D236D4284F8433058480A2311E02168B2
S3150800BB503368080653F8045B02D4490648BFADB2F9
S3150800BB606F2F5248336014BF0A230823002184F834
S3150800BB7043106668A660002E05DB21682E4321F077
S3150800BB80040121604BD01646B5FBF3F103FB1157B0
S3150800BB90C75D06F8017D2F46BB420D46F4D9082B32
S3150800BBA00BD12368DF0708D5236961689942DEBF90
S3150800BBB0302306F8013C06F1FF36921B2261CDF8C8
S3150800BBC000A04B4603AA21464046FFF7E7FE013090
S3150800BBD04AD14FF0FF3004B0BDE8F087236843F040
S3150800BBE0200323603248782784F845702368316833
S3150800BBF01F0651F8045B02D45F0648BFADB2316038
S3150800BC00D90744BF43F0200323601DB11023ADE7D5
S3150800BC102648E9E7236823F020032360F6E716465B
S3150800BC20BDE7336825686169181D30602E061B68F4
S3150800BC3001D5196002E06806FBD519800023236147
S3150800BC401646BCE733681A1D32601E686268002112
S3150800BC503046F4F7D5FA08B1801B60606368236143
S3150800BC60002384F84330AAE723693246494640460A
S3150800BC70D0470130ADD023689B0713D4E068039BF7
S3150800BC809842B8BF1846A6E70123324649464046B9
S3150800BC90D04701309DD00135E36803995B1AAB4262
S3150800BCA0F2DCEBE7002504F11906F5E76FD6000884
S3150800BCB080D60008B1F90C202DE9F0411607054693
S3150800BCC00C4654D44B68002B02DC0B6C002B48DD69
S3150800BCD0E66A002E45D0002312F480522F68216AA6
S3150800BCE02B6030D0626DA389590705D56368D21ACF
S3150800BCF0636B0BB1236CD21A0023E66A216A2846C5
S3150800BD00B047431CA38906D129681D292BD82A4A7E
S3150800BD10CA40D60727D500226260D9042269226064
S3150800BD2004D5421C01D12B6803B96065616B2F608D
S3150800BD30B9B104F14403994202D02846FFF7CAF97B
S3150800BD40002363630DE001232846B0470246501CD2
S3150800BD50C9D12B68002BC6D01D2B01D0162B1ED19E
S3150800BD602F60002022E043F040031BB21BE00F695E
S3150800BD70002FF6D093070E6808BF4B690F6018BFEF
S3150800BD800023A6EB07088B60B8F1000FE9DD216AEE
S3150800BD90A66A43463A462846B047002808DCB4F95E
S3150800BDA00C3043F04003A3814FF0FF30BDE8F0812B
S3150800BDB00744A8EB0008E7E70100402038B50B69FF
S3150800BDC005460C4613B90025284638BD18B1036A3E
S3150800BDD00BB9FDF701FFB4F90C30002BF3D0626EF6
S3150800BDE0D00704D4990502D4A06DFFF745F9284673
S3150800BDF02146FFF75FFF636EDA070546E4D4A38999
S3150800BE009B05E1D4A06DFFF739F9DDE70EB403B55C
S3150800BE10014603AB054853F8042B00680193FFF766
S3150800BE20A5FC02B05DF804EB03B070473C000020A7
S3150800BE3070B50C46B1F90E10002996B015461E4687
S3150800BE400DDAA38913F0800F4FF0000114BF4023C9
S3150800BE504FF48063002031602B6016B070BD6A46CF
S3150800BE6000F08EF90028ECDB019901F47041A1F588
S3150800BE700053594259414FF48063EBE78B89F7B574
S3150800BE809D0706460C4607D504F147032360236140
S3150800BE900123636103B0F0BD01AB6A46FFF7C8FF33
S3150800BEA0009F054639463046FFF7D8F948B9B4F930
S3150800BEB00C309A05EED423F0030343F00203A38162
S3150800BEC0E2E7A389206043F08003A381019BC4E9CC
S3150800BED004075BB1B4F90E10304600F063F928B1D7
S3150800BEE0A38923F0030343F00103A381A3891D4318
S3150800BEF0A581CFE70CB430B5184B0C1E1D689DB054
S3150800BF0008DA8B232B604FF0FF301DB0BDE83040B8
S3150800BF1002B070474FF40273ADF814304FF00003C7
S3150800BF201B9314BF04F1FF332346049307934FF67C
S3150800BF30FF7302900690ADF81630209A21AB02A93D
S3150800BF4028460193FFF7ECFA431CBCBF8B232B60F2
S3150800BF50002CDAD0029B00221A70D6E73C0000209B
S3150800BF600EB470B59DB021AC00254FF4017254F89B
S3150800BF70046BADF814201B9502900690F4F732F97D
S3150800BF800B4B039007900B480B934FF6FF73ADF8D6
S3150800BF9016303246234602A900680F951495019477
S3150800BFA000F0CAF91DB0BDE8704003B0704700BF85
S3150800BFB08B9D00083C000020884210B501EB020466
S3150800BFC002D98442234607D8431EA14208D011F855
S3150800BFD0012B03F8012FF8E7024401468A4200D1F3
S3150800BFE010BD13F8014D02F8014DF7E710B56AB117
S3150800BFF00139841810F8012B11F8013F9A4203D130
S3150800C000A04201D0002AF5D1D01A10BD1046FCE78F
S3150800C01000487047900000202DE9F8430446FFF7D2
S3150800C020F7FF40F2B1739C4240F3A3806FF4F661C8
S3150800C0306518A4F2B27340F26D12AD1002FB0355F7
S3150800C0406FF4C8666FF06302A4F26D7393FBF2F3A4
S3150800C0501D44A319484E44604FF4C8720146B3FB09
S3150800C060F2F300F150071D440B7AD1F814C04A2B9D
S3150800C07038D1A20705EB0C0306D14FF0640E94FBEA
S3150800C080FEF20EFB124232B94FF4C87E94FBFEF262
S3150800C0900EFB12421ABBBCF13B0FD4BF4FF0000C8B
S3150800C0A04FF0010C6344013B8A694FEAE27CC3FB0B
S3150800C0B0062C8B6AD2184CEBE373C1E908232831A6
S3150800C0C08F42D1D1D0E90843D0E912128C4293416C
S3150800C0D0B4BF0123002303600120BDE8F8834FF0B5
S3150800C0E0000CDFE7442B02D105EB0C03DCE7A307C2
S3150800C0F005D1642294FBF2F302FB134393BB4FF47E
S3150800C100C87294FBF2F302FB1343B3FA83F35B0999
S3150800C110DFF868E0D1F80C905B4203F030032A465A
S3150800C1204FF00008734408F10108C14553F828E0A8
S3150800C1301ADC02F10408072398FBF3F3C3EBC303E5
S3150800C140A8EB0303BCEB030C0B6903F1FF3348BFF1
S3150800C1500CF1070CC3EBC3039C44F44506DA02EB67
S3150800C1600C03A1E70123D3E77244DCE7ACF1070C23
S3150800C170F3E70020B1E700BF80510100A8D8000806
S3150800C18038B5074D00230446084611462B60F6F7D6
S3150800C190FDF8431C02D12B6803B1236038BD00BFEC
S3150800C1A0B827002038B5064D0023044608462B60FC
S3150800C1B0F6F7FCF8431C02D12B6803B1236038BD9F
S3150800C1C0B827002038B5064D0023044608462B60DC
S3150800C1D0F6F704F9431C02D12B6803B1236038BD76
S3150800C1E0B82700200A44914200F1FF3300D1704776
S3150800C1F010B511F8014B03F8014F9142F9D110BD62
S3150800C20008B5062000F0F8FB0120F6F78BF80000C9
S3150800C2100148FEF731BF00BFBD2700200148FEF7E1
S3150800C2202DBF00BFBD2700202DE9F0410746144663
S3150800C2300D4621B9BDE8F0411146FFF70FB82AB9F6
S3150800C240FEF748FF25462846BDE8F08100F0F0FBDA
S3150800C2508442064602D8B4EB500FF4D82146384635
S3150800C260FEF7FCFF804608B94546ECE7B44222468D
S3150800C270294628BF3246FFF7B5FF29463846FEF756
S3150800C28029FFF1E738B54B1C144603D14FF0FF35AB
S3150800C290284638BD938923F020039381636B52683F
S3150800C2A0CDB28BB1A36B934208DD23685A1E226078
S3150800C2B003F8015C636801336360E9E7214600F02F
S3150800C2C038FB0028F1D0E1E72169236851B199428A
S3150800C2D008D213F8011CA94204D1013B013223609C
S3150800C2E06260D5E7C4E90F3204F1440363630323AC
S3150800C2F0A363234603F8465F23600123DCE710B5F2
S3150800C3000C46496B69B104F14403994201D0FEF722
S3150800C310E1FE236C63600020606313B1E36B236066
S3150800C32010BD2369236000236360A38943F02003BB
S3150800C330A3814FF0FF30F3E72DE9F04F0C46ADF53A
S3150800C340237D0021CDE94411A649A0910DF10408E9
S3150800C350A549A64FCDF818810646A191009392F8F3
S3150800C3600090B9F1000F00F0588117F8093013F062
S3150800C370080302F1010519D06368002B0FDD236855
S3150800C3801A78BA5C120701D42A46E8E7459A0132B8
S3150800C390459262680133013A62602360ECE7A19B2B
S3150800C3A02146304698470028E9D0EDE7B9F1250F30
S3150800C3B040F085804193439353782A2B02BF10237C
S3150800C3C0951C41930A22AA461AF8011BA1F13003CB
S3150800C3D0092B1ED9DFF818B203225846F3F710FFC7
S3150800C3E038B1419AA0EB0B000123834013434193D4
S3150800C3F0554615F8013B782B06D8572B10D8252B10
S3150800C4005DD057D8002B75D0032347930A23429350
S3150800C41088E0439B02FB0311303943915546D2E726
S3150800C420A3F15802202AEFD801A151F822F000BF43
S3150800C43003C5000809C4000809C400085DC500084A
S3150800C44009C4000809C4000809C4000809C400088A
S3150800C45009C4000809C4000809C4000873C500080F
S3150800C46059C50008BBC40008BBC40008BBC4000803
S3150800C47009C4000815C5000809C4000809C400084D
S3150800C48009C4000809C4000883C500081DC50008BA
S3150800C490FBC4000809C4000809C400087FC50008D1
S3150800C4A009C4000859C5000809C4000809C40008D9
S3150800C4B003C50008453B022BA6D8052331E063686F
S3150800C4C0002B0DDD23681A784A4540F0A680013313
S3150800C4D062682360459B013A01336260459353E7DE
S3150800C4E0A19B2146304698470028EBD0449800285F
S3150800C4F040F08B804FF0FF308BE0419A42F02002EB
S3150800C5004192419A42F40072419210226E2B429255
S3150800C51002D905E000234293032302E0082342934D
S3150800C520042347936368002B39DD419B590604D4DD
S3150800C53023681A78BA5C120738D4479B022B47DC63
S3150800C5406B46224641A9304600F06CF8012864D0B3
S3150800C55002287FF419AFC9E70A22D7E729464046D9
S3150800C56000F0AEF9419B43F0400341930546012391
S3150800C570D7E7419B43F0400341930023D1E70223C9
S3150800C580CFE74198C3063FF5FFAE009B459A191DB4
S3150800C59000911B68C0074CBF1A801A60F4E6A19B7D
S3150800C5A02146304698470028BFD09FE7459A013272
S3150800C5B045926268013A002A626002DD013323600F
S3150800C5C0B6E7A19B2146304698470028B0D08DE7AC
S3150800C5D0042B0FDC6B46224641A9304600F07CF856
S3150800C5E0B4E700BF85C20008FFC20008A9D7000843
S3150800C5F064D600080A4B002B3FF4C6AE6B462246AB
S3150800C60041A93046AFF30080A0E7A3895B063FF552
S3150800C61071AF0DF5237DBDE8F08F4498F9E700BFAB
S3150800C620000000002DE9F84315468A6880460C4646
S3150800C63032B98A69002A14BF4FF0FF3201228A6094
S3150800C6402268DFF89090D1065FBF1A68111D19603D
S3150800C65016680027A06988B1012807D12B681A78BF
S3150800C66063699B5C53B9002F31D022E0022820D1A0
S3150800C6702B681B7819F803301B071AD42368DA06C7
S3150800C6805EBF2B681B7806F8013B2A686B68013287
S3150800C6902A60A268013B013A6B600137A26042B189
S3150800C6A0002BD7DCD4F88031294640469847002825
S3150800C6B0D0D0236813F0100305D1E2680132E26096
S3150800C6C0A26902B1337023693B4423610020BDE8A7
S3150800C6D0F88300BFA9D700082DE9F04F9846744B98
S3150800C6E00C468246164693E8070087B003AB83E8F4
S3150800C6F00700704BA169704A032908BF1A46A36848
S3150800C70001925A1EB2F5AE7F88BF6FF4AE75274602
S3150800C71082BF03EB050940F25D13A36057F81C3B83
S3150800C72043F4506398BF4FF0000923603D464FF02D
S3150800C730000B316803AB097853F82B000222F3F794
S3150800C7405FFD28B3BBF1010F59D162682AB9226887
S3150800C750082142F4007261602260226822F4A06215
S3150800C7602260A268511EA16092B13268511C3160E4
S3150800C770127805F8012B7268013A002A726007DC04
S3150800C780D4F88021314650469047002840F08580ED
S3150800C7900BF1010BBBF1030FCBD163680BB90A236D
S3150800C7A06360636845496069C91A00F089F84FF003
S3150800C7B0000BA3682268002B3DD03168606991F8A8
S3150800C7C000C010F80C00002835D0BCF1300F24D179
S3150800C7D0100522D50BF1010BB9F1000F03D0013377
S3150800C7E009F1FF39A3607368013B002B73601BDDF9
S3150800C7F0336801333360A368013BA360D9E7BBF113
S3150800C800020FAED1226802F4C061B1F5007FC4D12F
S3150800C8101021616042F48072A2E722F4106222605D
S3150800C8200B7805F8013BDEE7D4F8803131465046EF
S3150800C83098470028DFD02368D9050DD5BD4209D908
S3150800C84015F8011CD4F87C3132465046984705F154
S3150800C850FF394D46BD4228D0226812F0100213D186
S3150800C8602A706368019E39465046B047D8F80030AA
S3150800C87021681A1DC8F8002011F0200F1B680FD078
S3150800C8801860E3680133E3602369ED1B5D442B44BC
S3150800C8902361002007B0BDE8F08F4FF0000BCAE710
S3150800C8A0CA074CBF18801860EBE70120F2E700BF03
S3150800C8B040CF000835CB000851B40008A1D60008BF
S3150800C8C070B50B7804465E2B0BBF4B784A1C8A1C46
S3150800C8D0002108BF0121013804F1FF0500F8011FF6
S3150800C8E0A842FBD10BB9501E70BD81F00101E1547D
S3150800C8F01046024612F8015B2D2D05D05D2D16D087
S3150800C900002DF1D02B46F2E746785D2EFAD0B342D9
S3150800C910F8DC02301A4601329642A154FBDCF21AC0
S3150800C920013A5D1CB342A8BF0022AB18E1E71046E6
S3150800C930DAE72DE9F0410C46496B04F144039942C4
S3150800C9401DD14FF48061FEF789FC18B94FF0FF300E
S3150800C950BDE8F0814FF48063A36394F846306063C2
S3150800C96080F8FF3394F8453080F8FE3394F8443065
S3150800C97080F8FD3300F2FD3020600020E8E7A66B62
S3150800C98077003A46FFF750FC05460028DED000EB54
S3150800C9900608014632464046FFF724FCC4E90D570F
S3150800C9A0C4F80080E9E71F2938B505460C4604D9BE
S3150800C9B0162303604FF0FF3038BDC26B12B152F830
S3150800C9C021304BB9284600F031F822460146284660
S3150800C9D0BDE8384000F018B8012B0AD0591C03D11D
S3150800C9E0162303600120E7E7002142F824102046B9
S3150800C9F098470020E0E70000024B01461868FFF759
S3150800CA00D2BF00BF3C00002038B5074D00230446BE
S3150800CA10084611462B60F5F775FC431C02D12B68B6
S3150800CA2003B1236038BD00BFB8270020F5F762BC04
S3150800CA3051F8043C181F002BBCBF0B58C018704790
S3150800CA40242B2DE9F0478646904601D8012B06D1BE
S3150800CA50FEF7E6FA162303600020BDE8F08734489F
S3150800CA600D462A4615F8014B065D16F00806F8D15C
S3150800CA702D2C10D12C780126951C33F0100215D1D7
S3150800CA80302C0DD12A7802F0DF02582A08D16C78AA
S3150800CA90023510230AE02B2C04BF2C78951CECE7F2
S3150800CAA0002BF6D1302C14BF0A23082306F1004CBC
S3150800CAB00CF1FF3C0022BCFBF3F9104603FB19CA34
S3150800CAC0A4F13007092F0FD83C46A3421BDD571C9B
S3150800CAD007D0814514D301D1A24511DB00FB0340E1
S3150800CAE0012215F8014BEBE7A4F14107192F01D8EC
S3150800CAF0373CEAE7A4F16107192F04D8573CE4E765
S3150800CB004FF0FF32EDE7531C08D12223CEF8003050
S3150800CB106046B8F1000FA0D0691E06E006B1404293
S3150800CB20B8F1000F99D0002AF6D1C8F8001094E79A
S3150800CB30A9D70008FFF784BFF8B500BFF8BC08BC42
S3150800CB409E467047F8B500BFF8BC08BC9E467047BD
S3150800CB50000000004E6F2053442043617264206633
S3150800CB606F756E64203A20282569290D0A00000091
S3150800CB7053442043617264204D6F756E746564205A
S3150800CB805375636365737366756C6C792121210D22
S3150800CB9000000000546F74616C5370616365203A3D
S3150800CBA020256C752062797465732C20467265653C
S3150800CBB05370616365203D20256C75206279746524
S3150800CBC0730A00004C6F67732E74787400000000B7
S3150800CBD046696C65206372656174696F6E2F6F7044
S3150800CBE0656E204572726F72203A20282569290DD4
S3150800CBF00A00000057726974696E6720646174617F
S3150800CC002121210D000000002A2A2A2A2A2A2A2A56
S3150800CC10556C747261736F6E69632053656E6F73BA
S3150800CC207220446174612A2A2A2A2A2A2A2A2A2A46
S3150800CC302A2A2A2A0A00000046696C65206F706550
S3150800CC406E696E67204572726F72203A20282569D0
S3150800CC50290D0A00526561642044617461203A20F6
S3150800CC6025730A00436C6F73696E672046696C65A5
S3150800CC702121210D0000000053656E736F725F64F9
S3150800CC80617461203A2025730A00000025592D2574
S3150800CC906D2D25642025483A254D3A255300000078
S3150800CCA02573202D2D3E204F626A656374206469C2
S3150800CCB07374616E6365203A20256C6420636D0A7F
S3150800CCC0000000005344204361726420556E6D6F66
S3150800CCD0756E746564205375636365737366756CE6
S3150800CCE06C792121210D0000455350383236363AE9
S3150800CCF02025730D0A000000455350383236362079
S3150800CD0054494D454F5554204F52204641494C45AC
S3150800CD10443A2025730D0A0041542B5253540D0AE8
S3150800CD2000000000524553455420526573706F6EDB
S3150800CD3073653A0D0A25730D0A000000536574746D
S3150800CD40696E672057694669204D6F6465203D20E6
S3150800CD5053746174696F6E2E2E2E0D0041542B4349
S3150800CD60574D4F44455F4355523D310D0A0000006B
S3150800CD7043574D4F444520526573706F6E73653A3D
S3150800CD800D0A25730D0A0000436F6E6E656374699C
S3150800CD906E6720746F20576946693A2076656E6B10
S3150800CDA0792E2E2E0D00000041542B43574A415030
S3150800CDB05F4355523D2276656E6B79222C223131BE
S3150800CDC0323233333434220D0A0000004F4B000050
S3150800CDD05749464920474F542049500057694669E4
S3150800CDE020436F6E6E65637465642053756363656F
S3150800CDF0737366756C6C79210D0000005769466976
S3150800CE0020436F6E6E656374696F6E204661696C48
S3150800CE106564210D0000000041542B4349505354CA
S3150800CE204152543D22554450222C22706F6F6C2E6D
S3150800CE306E74702E6F7267222C3132330D0A000021
S3150800CE404349505354415254206661696C65642EB7
S3150800CE500D00000041542B43495053454E443D3480
S3150800CE60380D0A003E00000043495053454E442001
S3150800CE7070726F6D7074206E6F7420726563656969
S3150800CE807665642E0D00000053454E44204F4B0036
S3150800CE904E5450207061636B65742073656E642010
S3150800CEA06661696C65642E0D000000002B495044CC
S3150800CEB02C34383A000000004E54502054696D65F1
S3150800CEC02028555443293A20256C750D0A00000080
S3150800CED04E545020726573706F6E736520696E7656
S3150800CEE0616C69643A202B495044206E6F74206641
S3150800CEF06F756E642E0D0000222A3A3C3E3F7C7FF9
S3150800CF00000000002B2C3B3D5B5D0000EBFE904DC6
S3150800CF1053444F53352E30004E4F204E414D452039
S3150800CF202020204641543332202020004E4F204EE8
S3150800CF30414D452020202046415420202020200015
S3150800CF40A3D60008A6D60008A9D600080000000047
S3150800CF50000000000102030406070809000000009B
S3150800CF6001020304A0860100400D0300801A060092
S3150800CF7000350C0040420F0080841E0000093D0069
S3150800CF8000127A000024F40000366E010048E80119
S3150800CF90006CDC02435545414141414345454549FD
S3150800CFA0494941414592924F4F4F5555594F554F13
S3150800CFB09C4F9E9F41494F55A5A5A6A7A8A9AAABD0
S3150800CFC0ACADAEAFB0B1B2B3B4414141B8B9BABB7A
S3150800CFD0BCBDBEBFC0C1C2C3C4C54141C8C9CACB16
S3150800CFE0CCCDCECFD1D145454549494949D9DADBDA
S3150800CFF0DCDD49DF4FE14F4F4F4FE6E8E855555521
S3150800D0005959EEEFF0F1F2F3F4F5F6F7F8F9FAFB01
S3150800D010FCFDFEFF01030507090E10121416181C65
S3150800D0201E000000C700FC00E900E200E400E00082
S3150800D030E500E700EA00EB00E800EF00EE00EC0090
S3150800D040C400C500C900E600C600F400F600F200F8
S3150800D050FB00F900FF00D600DC00F800A300D800AA
S3150800D060D7009201E100ED00F300FA00F100D100CB
S3150800D070AA00BA00BF00AE00AC00BD00BC00A1000B
S3150800D080AB00BB0091259225932502252425C100D6
S3150800D090C200C000A9006325512557255D25A200B9
S3150800D0A0A5001025142534252C251C2500253C25EE
S3150800D0B0E300C3005A2554256925662560255025B1
S3150800D0C06C25A400F000D000CA00CB00C8003101CE
S3150800D0D0CD00CE00CF0018250C2588258425A6006E
S3150800D0E0CC008025D300DF00D400D200F500D5009F
S3150800D0F0B500FE00DE00DA00DB00D900FD00DD0029
S3150800D100AF00B400AD00B1001720BE00B600A700FE
S3150800D110F700B800B000A800B700B900B300B20025
S3150800D120A025A00061001A03E0001703F800070312
S3150800D130FF000100780100013001320106013901C2
S3150800D14010014A012E017901060180014D004302B2
S3150800D1508101820182018401840186018701870198
S3150800D16089018A018B018B018D018E018F01900146
S3150800D1709101910193019401F60196019701980195
S3150800D18098013D029B019C019D0120029F01A0017F
S3150800D190A001A201A201A401A401A601A701A70159
S3150800D1A0A901AA01AB01AC01AC01AE01AF01AF0107
S3150800D1B0B101B201B301B301B501B501B701B801B7
S3150800D1C0B801BA01BB01BC01BC01BE01F701C0012F
S3150800D1D0C101C201C301C401C501C401C701C80117
S3150800D1E0C701CA01CB01CA01CD011001DD01010049
S3150800D1F08E01DE011201F3010300F101F401F401CD
S3150800D200F8012801220212013A020900652C3B02A4
S3150800D2103B023D02662C3F024002410241024602A1
S3150800D2200A015302400081018601550289018A01DB
S3150800D23058028F015A0290015C025D025E025F028B
S3150800D2409301610262029401640265026602670242
S3150800D250970196016A02622C6C026D026E029C01AD
S3150800D260700271029D01730274029F0176027702B1
S3150800D270780279027A027B027C02642C7E027F02A3
S3150800D280A60181028202A90184028502860287021A
S3150800D290AE014402B101B20145028D028E028F022F
S3150800D2A090029102B7017B030300FD03FE03FF030F
S3150800D2B0AC0304008603880389038A03B1031103B8
S3150800D2C0C2030200A303A303C4030803CC03030099
S3150800D2D08C038E038F03D8031801F2030A00F9039F
S3150800D2E0F303F403F503F603F703F703F903FA0365
S3150800D2F0FA033004200350041007600422018A044C
S3150800D3003601C1040E01CF040100C004D004440153
S3150800D31061052604000000007D1D0100632C001E27
S3150800D3209601A01E5A01001F0806101F0606201F98
S3150800D3300806301F0806401F0606511F0700591F1A
S3150800D340521F5B1F541F5D1F561F5F1F601F080675
S3150800D350701F0E00BA1FBB1FC81FC91FCA1FCB1FCD
S3150800D360DA1FDB1FF81FF91FEA1FEB1FFA1FFB1F47
S3150800D370801F0806901F0806A01F0806B01F040095
S3150800D380B81FB91FB21FBC1FCC1F0100C31FD01F77
S3150800D3900206E01F0206E51F0100EC1FF21F01004E
S3150800D3A0FC1F4E2101003221702110028421010048
S3150800D3B08321D0241A05302C2F04602C0201672CF7
S3150800D3C00601752C0201802C6401002D260841FFF8
S3150800D3D01A0300005245454E54206D616C6C6F630C
S3150800D3E020737563636565646564002F6275696C8F
S3150800D3F0642F676E752D746F6F6C732D666F722D43
S3150800D40073746D33325F31332E332E72656C312E61
S3150800D41032303234303932362D313731352F737256
S3150800D420632F6E65776C69622F6E65776C69622FFC
S3150800D4306C6962632F74696D652F676D74696D65B4
S3150800D4402E63002573252E2A6400257325302E2A7F
S3150800D45064002B0025326400252E32642F252E32D7
S3150800D460642F252E326400256C7500592D256D2DE7
S3150800D4702564002E2A7500252E336400252E316476
S3150800D48000256C6C6400252E32643A252E32643AE7
S3150800D490252E32640025652D25622D2500252B3085
S3150800D4A0336C64252E326C6400545A00474D540080
S3150800D4B02531315B2D2B302D39412D5A612D7A5D61
S3150800D4C0256E002531315B412D5A612D7A5D256E19
S3150800D4D0004D256875256E2E256875256E2E2568DE
S3150800D4E075256E002F256875256E3A256875256E93
S3150800D4F03A256875256E004A616E00466562004DDC
S3150800D500617200417072004D6179004A756E004A79
S3150800D510756C0041756700536570004F6374004E63
S3150800D5206F7600446563004A616E756172790046DC
S3150800D53065627275617279004D6172636800417047
S3150800D54072696C004A756E65004A756C790041759A
S3150800D550677573740053657074656D626572004F04
S3150800D56063746F626572004E6F76656D62657200F0
S3150800D570446563656D6265720053756E004D6F6E26
S3150800D58000547565005765640054687500467269ED
S3150800D590005361740053756E646179004D6F6E6453
S3150800D5A061790054756573646179005765646E65C1
S3150800D5B073646179005468757273646179004672A0
S3150800D5C069646179005361747572646179002548EC
S3150800D5D03A254D3A255300256D2F25642F257900C8
S3150800D5E025612025622025652025483A254D3A25BE
S3150800D5F05320255900414D00504D002561202562D4
S3150800D6002025652025483A254D3A255320255A20B8
S3150800D6102559006D640025493A254D3A255320259C
S3150800D62070002C2066756E6374696F6E3A2000610F
S3150800D6307373657274696F6E202225732220666182
S3150800D640696C65643A2066696C6520222573222C0C
S3150800D650206C696E65202564257325730A00232DC1
S3150800D660302B2000686C4C006566674546470030DD
S3150800D670313233343536373839414243444546002A
S3150800D680303132333435363738396162636465662A
S3150800D69000412D46612D66383930313233343536FE
S3150800D6A0375D002B2D00303000785800F7D400087D
S3150800D6B0FBD40008FFD4000803D5000807D50008E6
S3150800D6C00BD500080FD5000813D5000817D5000894
S3150800D6D01BD500081FD5000823D5000827D5000844
S3150800D6E02FD5000838D500083ED5000807D500080C
S3150800D6F044D5000849D500084ED5000855D5000878
S3150800D7005FD5000867D5000870D5000879D50008E8
S3150800D7107DD5000881D5000885D5000889D500087B
S3150800D7208DD5000891D5000895D500089CD5000828
S3150800D730A3D50008ABD50008B5D50008BED50008A6
S3150800D740C5D50008CED50008D7D50008E0D500080D
S3150800D750F5D50008F8D50008FBD5000827D5000838
S3150800D7602FD5000838D500083ED5000807D500088B
S3150800D77044D5000849D500084ED5000855D50008F7
S3150800D7805FD5000867D5000870D5000813D60008CD
S3150800D79016D600085DD600085DD600085DD60008D6
S3150800D7A05DD600085DD60008002020202020202015
S3150800D7B02020282828282820202020202020202033
S3150800D7C02020202020202020208810101010101043
S3150800D7D0101010101010101010040404040404048F
S3150800D7E00404041010101010101041414141414129
S3150800D7F0010101010101010101010101010101010B
S3150800D800010101011010101010104242424242421A
S3150800D81002020202020202020202020202020202DA
S3150800D8200202020210101010200000000000000082
S3150800D83000000000000000000000000000000000DA
S3150800D84000000000000000000000000000000000CA
S3150800D85000000000000000000000000000000000BA
S3150800D86000000000000000000000000000000000AA
S3150800D870000000000000000000000000000000009A
S3150800D880000000000000000000000000000000008A
S3150800D890000000000000000000000000000000007A
S3150800D8A00000000000000000000000001F0000004B
S3150800D8B01C0000001F0000001E0000001F000000E2
S3150800D8C01E0000001F0000001F0000001E000000D0
S3150800D8D01F0000001E0000001F0000001F000000BF
S3150800D8E01D0000001F0000001E0000001F000000B1
S3150800D8F01E0000001F0000001F0000001E000000A0
S3110800D9001F0000001E0000001F000000B1
S30D0800D90CC428FF7F010000009A
S3090800D914B501000843
S3090800D9189101000863
S3150800D91C010000001024002000093D001000000042
S3150800D92C01000000B1650008CD650008E96500082E
S3150800D93C0F660008356600080000000003000000AA
S3150800D94C58260020ACD40008ACD4000840000020AF
S3150800D95C0000000058260020C0260020282700209A
S3150800D96C000000000000000000000000000000009D
S3150800D97C000000000000000000000000000000008D
S3150800D98C000000000000000000000000000000007D
S3150800D99C000000000000000000000000000000006D
S3150800D9AC01000000000000004A0000000000000012
S3150800D9BC000000000000000000000000000000004D
S3150800D9CC000000000000000000000000000000003D
S3150800D9DC4A000000000000000000000000000000E3
S3150800D9EC000000000000000000000000000000001D
S30D0800D9FC000000000000000015
S7050800296564
